seed,design,theta_1,theta_2,theta_3,spectral_weight,portfolio_loading,contribution,run_id,config_hash,git_hash,code_version,run_timestamp
2587984608,dirichlet_mrv_alpha2,0.19050786249706755,0.41051847104290273,0.39897366646002974,0.002,1.0,1.0,F12_default,a37b1d5dd14918e1795478d719ed4c2473049eed441db5e9c4b4d5d2c4cb8a39,660f0ec,0.1.0,2026-05-25T18:35:28+00:00
174020255,dirichlet_mrv_alpha2,0.18355604478555265,0.21839154439722488,0.5980524108172224,0.002,0.9999999999999999,0.9999999999999998,F12_default,a37b1d5dd14918e1795478d719ed4c2473049eed441db5e9c4b4d5d2c4cb8a39,660f0ec,0.1.0,2026-05-25T18:35:28+00:00
30175707,dirichlet_mrv_alpha2,0.29476107041018007,0.47637836549524365,0.2288605640945763,0.002,1.0,1.0,F12_default,a37b1d5dd14918e1795478d719ed4c2473049eed441db5e9c4b4d5d2c4cb8a39,660f0ec,0.1.0,2026-05-25T18:35:28+00:00
2350637429,dirichlet_mrv_alpha2,0.40718241607371186,0.34131351161657575,0.25150407230971233,0.002,1.0,1.0,F12_default,a37b1d5dd14918e1795478d719ed4c2473049eed441db5e9c4b4d5d2c4cb8a39,660f0ec,0.1.0,2026-05-25T18:35:28+00:00
73417789,dirichlet_mrv_alpha2,0.21572006653361295,0.45915227359336286,0.3251276598730241,0.002,1.0,1.0,F12_default,a37b1d5dd14918e1795478d719ed4c2473049eed441db5e9c4b4d5d2c4cb8a39,660f0ec,0.1.0,2026-05-25T18:35:28+00:00
120111867,dirichlet_mrv_alpha2,0.3686413039759549,0.5017471092955779,0.12961158672846732,0.002,1.0,1.0,F12_default,a37b1d5dd14918e1795478d719ed4c2473049eed441db5e9c4b4d5d2c4cb8a39,660f0ec,0.1.0,2026-05-25T18:35:28+00:00
831177999,dirichlet_mrv_alpha2,0.44066035292138206,0.35264230679343644,0.20669734028518147,0.002,1.0,1.0,F12_default,a37b1d5dd14918e1795478d719ed4c2473049eed441db5e9c4b4d5d2c4cb8a39,660f0ec,0.1.0,2026-05-25T18:35:28+00:00
1675965940,dirichlet_mrv_alpha2,0.10657879685365709,0.5996006634041652,0.29382053974217776,0.002,1.0,1.0,F12_default,a37b1d5dd14918e1795478d719ed4c2473049eed441db5e9c4b4d5d2c4cb8a39,660f0ec,0.1.0,2026-05-25T18:35:28+00:00
3368472466,dirichlet_mrv_alpha2,0.2018136639316488,0.21919170170735894,0.5789946343609922,0.002,0.9999999999999999,0.9999999999999998,F12_default,a37b1d5dd14918e1795478d719ed4c2473049eed441db5e9c4b4d5d2c4cb8a39,660f0ec,0.1.0,2026-05-25T18:35:28+00:00
3613262386,dirichlet_mrv_alpha2,0.38400157768561893,0.3830591508103273,0.23293927150405377,0.002,1.0,1.0,F12_default,a37b1d5dd14918e1795478d719ed4c2473049eed441db5e9c4b4d5d2c4cb8a39,660f0ec,0.1.0,2026-05-25T18:35:28+00:00
3338825401,dirichlet_mrv_alpha2,0.47486816762636586,0.009866078077304104,0.5152657542963299,0.002,0.9999999999999999,0.9999999999999998,F12_default,a37b1d5dd14918e1795478d719ed4c2473049eed441db5e9c4b4d5d2c4cb8a39,660f0ec,0.1.0,2026-05-25T18:35:28+00:00
4006577864,dirichlet_mrv_alpha2,0.1295619575514712,0.7157439227213508,0.15469411972717798,0.002,0.9999999999999999,0.9999999999999998,F12_default,a37b1d5dd14918e1795478d719ed4c2473049eed441db5e9c4b4d5d2c4cb8a39,660f0ec,0.1.0,2026-05-25T18:35:28+00:00
2850353436,dirichlet_mrv_alpha2,0.2727313009852903,0.16753021518107222,0.5597384838336373,0.002,0.9999999999999999,0.9999999999999998,F12_default,a37b1d5dd14918e1795478d719ed4c2473049eed441db5e9c4b4d5d2c4cb8a39,660f0ec,0.1.0,2026-05-25T18:35:28+00:00
2752105299,dirichlet_mrv_alpha2,0.07923448937489971,0.7513167498710002,0.16944876075410015,0.002,1.0,1.0,F12_default,a37b1d5dd14918e1795478d719ed4c2473049eed441db5e9c4b4d5d2c4cb8a39,660f0ec,0.1.0,2026-05-25T18:35:28+00:00
3042822411,dirichlet_mrv_alpha2,0.4532339161987498,0.03169978250848773,0.5150663012927624,0.002,1.0,1.0,F12_default,a37b1d5dd14918e1795478d719ed4c2473049eed441db5e9c4b4d5d2c4cb8a39,660f0ec,0.1.0,2026-05-25T18:35:28+00:00
3513693967,dirichlet_mrv_alpha2,0.42424234506443,0.20167050877256879,0.3740871461630011,0.002,0.9999999999999999,0.9999999999999998,F12_default,a37b1d5dd14918e1795478d719ed4c2473049eed441db5e9c4b4d5d2c4cb8a39,660f0ec,0.1.0,2026-05-25T18:35:28+00:00
4050040873,dirichlet_mrv_alpha2,0.047912563805095607,0.7808174412127871,0.17126999498211729,0.002,0.9999999999999999,0.9999999999999998,F12_default,a37b1d5dd14918e1795478d719ed4c2473049eed441db5e9c4b4d5d2c4cb8a39,660f0ec,0.1.0,2026-05-25T18:35:28+00:00
169896500,dirichlet_mrv_alpha2,0.3703187107302518,0.45091270467099515,0.17876858459875314,0.002,1.0000000000000002,1.0000000000000004,F12_default,a37b1d5dd14918e1795478d719ed4c2473049eed441db5e9c4b4d5d2c4cb8a39,660f0ec,0.1.0,2026-05-25T18:35:28+00:00
2673182671,dirichlet_mrv_alpha2,0.1523564478417289,0.2026737836367082,0.644969768521563,0.002,1.0,1.0,F12_default,a37b1d5dd14918e1795478d719ed4c2473049eed441db5e9c4b4d5d2c4cb8a39,660f0ec,0.1.0,2026-05-25T18:35:28+00:00
3493959463,dirichlet_mrv_alpha2,0.02257286296693681,0.7737912122439051,0.20363592478915804,0.002,1.0,1.0,F12_default,a37b1d5dd14918e1795478d719ed4c2473049eed441db5e9c4b4d5d2c4cb8a39,660f0ec,0.1.0,2026-05-25T18:35:28+00:00
1982251180,dirichlet_mrv_alpha2,0.48150066552080634,0.20994466103186463,0.3085546734473291,0.002,1.0,1.0,F12_default,a37b1d5dd14918e1795478d719ed4c2473049eed441db5e9c4b4d5d2c4cb8a39,660f0ec,0.1.0,2026-05-25T18:35:28+00:00
702901898,dirichlet_mrv_alpha2,0.27618961228491823,0.2780583651523536,0.44575202256272817,0.002,1.0,1.0,F12_default,a37b1d5dd14918e1795478d719ed4c2473049eed441db5e9c4b4d5d2c4cb8a39,660f0ec,0.1.0,2026-05-25T18:35:28+00:00
2902303555,dirichlet_mrv_alpha2,0.08211075496194932,0.30942095552003246,0.6084682895180181,0.002,0.9999999999999999,0.9999999999999998,F12_default,a37b1d5dd14918e1795478d719ed4c2473049eed441db5e9c4b4d5d2c4cb8a39,660f0ec,0.1.0,2026-05-25T18:35:28+00:00
3417795993,dirichlet_mrv_alpha2,0.4606909204168182,0.30445183347273114,0.23485724611045078,0.002,1.0,1.0,F12_default,a37b1d5dd14918e1795478d719ed4c2473049eed441db5e9c4b4d5d2c4cb8a39,660f0ec,0.1.0,2026-05-25T18:35:28+00:00
1265592865,dirichlet_mrv_alpha2,0.33297657196585245,0.3561695495980052,0.31085387843614243,0.002,1.0,1.0,F12_default,a37b1d5dd14918e1795478d719ed4c2473049eed441db5e9c4b4d5d2c4cb8a39,660f0ec,0.1.0,2026-05-25T18:35:28+00:00
838735239,dirichlet_mrv_alpha2,0.30864758059730996,0.39146230464804127,0.2998901147546487,0.002,1.0,1.0,F12_default,a37b1d5dd14918e1795478d719ed4c2473049eed441db5e9c4b4d5d2c4cb8a39,660f0ec,0.1.0,2026-05-25T18:35:28+00:00
3111165820,dirichlet_mrv_alpha2,0.5342999556465247,0.07265319385084931,0.39304685050262594,0.002,1.0,1.0,F12_default,a37b1d5dd14918e1795478d719ed4c2473049eed441db5e9c4b4d5d2c4cb8a39,660f0ec,0.1.0,2026-05-25T18:35:28+00:00
1825887353,dirichlet_mrv_alpha2,0.44249480729781,0.2792096446877441,0.2782955480144459,0.002,1.0,1.0,F12_default,a37b1d5dd14918e1795478d719ed4c2473049eed441db5e9c4b4d5d2c4cb8a39,660f0ec,0.1.0,2026-05-25T18:35:28+00:00
3937209582,dirichlet_mrv_alpha2,0.6663324169430818,0.20776027268204256,0.12590731037487582,0.002,1.0000000000000002,1.0000000000000004,F12_default,a37b1d5dd14918e1795478d719ed4c2473049eed441db5e9c4b4d5d2c4cb8a39,660f0ec,0.1.0,2026-05-25T18:35:28+00:00
2957169671,dirichlet_mrv_alpha2,0.5040089135676904,0.33741453125260373,0.1585765551797058,0.002,1.0,1.0,F12_default,a37b1d5dd14918e1795478d719ed4c2473049eed441db5e9c4b4d5d2c4cb8a39,660f0ec,0.1.0,2026-05-25T18:35:28+00:00
1840656233,dirichlet_mrv_alpha2,0.28597114669637785,0.39390090350030504,0.32012794980331716,0.002,1.0,1.0,F12_default,a37b1d5dd14918e1795478d719ed4c2473049eed441db5e9c4b4d5d2c4cb8a39,660f0ec,0.1.0,2026-05-25T18:35:28+00:00
2905929490,dirichlet_mrv_alpha2,0.5523153416106172,0.21236402313910488,0.2353206352502778,0.002,0.9999999999999999,0.9999999999999998,F12_default,a37b1d5dd14918e1795478d719ed4c2473049eed441db5e9c4b4d5d2c4cb8a39,660f0ec,0.1.0,2026-05-25T18:35:28+00:00
4102853956,dirichlet_mrv_alpha2,0.07731606442401151,0.33140534571223695,0.5912785898637515,0.002,1.0,1.0,F12_default,a37b1d5dd14918e1795478d719ed4c2473049eed441db5e9c4b4d5d2c4cb8a39,660f0ec,0.1.0,2026-05-25T18:35:28+00:00
4145851911,dirichlet_mrv_alpha2,0.3779593203789646,0.5760244003857906,0.04601627923524474,0.002,1.0,1.0,F12_default,a37b1d5dd14918e1795478d719ed4c2473049eed441db5e9c4b4d5d2c4cb8a39,660f0ec,0.1.0,2026-05-25T18:35:28+00:00
4119076100,dirichlet_mrv_alpha2,0.2132134522878938,0.20055510530789056,0.5862314424042155,0.002,0.9999999999999999,0.9999999999999998,F12_default,a37b1d5dd14918e1795478d719ed4c2473049eed441db5e9c4b4d5d2c4cb8a39,660f0ec,0.1.0,2026-05-25T18:35:28+00:00
3044343315,dirichlet_mrv_alpha2,0.41846596419237986,0.24264533470394317,0.33888870110367686,0.002,0.9999999999999999,0.9999999999999998,F12_default,a37b1d5dd14918e1795478d719ed4c2473049eed441db5e9c4b4d5d2c4cb8a39,660f0ec,0.1.0,2026-05-25T18:35:28+00:00
570691405,dirichlet_mrv_alpha2,0.19282865915844233,0.2704422123576531,0.5367291284839046,0.002,1.0,1.0,F12_default,a37b1d5dd14918e1795478d719ed4c2473049eed441db5e9c4b4d5d2c4cb8a39,660f0ec,0.1.0,2026-05-25T18:35:28+00:00
2538068093,dirichlet_mrv_alpha2,0.4679054533123118,0.40147976239547534,0.1306147842922129,0.002,1.0,1.0,F12_default,a37b1d5dd14918e1795478d719ed4c2473049eed441db5e9c4b4d5d2c4cb8a39,660f0ec,0.1.0,2026-05-25T18:35:28+00:00
2821571154,dirichlet_mrv_alpha2,0.30403062242664214,0.4379968901500303,0.2579724874233276,0.002,1.0,1.0,F12_default,a37b1d5dd14918e1795478d719ed4c2473049eed441db5e9c4b4d5d2c4cb8a39,660f0ec,0.1.0,2026-05-25T18:35:28+00:00
1525204624,dirichlet_mrv_alpha2,0.10779323449060113,0.4622572019980033,0.4299495635113956,0.002,1.0,1.0,F12_default,a37b1d5dd14918e1795478d719ed4c2473049eed441db5e9c4b4d5d2c4cb8a39,660f0ec,0.1.0,2026-05-25T18:35:28+00:00
3110770400,dirichlet_mrv_alpha2,0.7776761500514661,0.13531006881241817,0.08701378113611574,0.002,1.0,1.0,F12_default,a37b1d5dd14918e1795478d719ed4c2473049eed441db5e9c4b4d5d2c4cb8a39,660f0ec,0.1.0,2026-05-25T18:35:28+00:00
3097159409,dirichlet_mrv_alpha2,0.33820211012282025,0.16483014587386235,0.4969677440033174,0.002,1.0,1.0,F12_default,a37b1d5dd14918e1795478d719ed4c2473049eed441db5e9c4b4d5d2c4cb8a39,660f0ec,0.1.0,2026-05-25T18:35:28+00:00
1417530117,dirichlet_mrv_alpha2,0.042518184540256396,0.3402879259187019,0.6171938895410417,0.002,1.0,1.0,F12_default,a37b1d5dd14918e1795478d719ed4c2473049eed441db5e9c4b4d5d2c4cb8a39,660f0ec,0.1.0,2026-05-25T18:35:28+00:00
1829423515,dirichlet_mrv_alpha2,0.1566751261050512,0.6615044561195055,0.1818204177754433,0.002,1.0,1.0,F12_default,a37b1d5dd14918e1795478d719ed4c2473049eed441db5e9c4b4d5d2c4cb8a39,660f0ec,0.1.0,2026-05-25T18:35:28+00:00
1944744371,dirichlet_mrv_alpha2,0.428196453985854,0.4839364852385796,0.08786706077556655,0.002,1.0,1.0,F12_default,a37b1d5dd14918e1795478d719ed4c2473049eed441db5e9c4b4d5d2c4cb8a39,660f0ec,0.1.0,2026-05-25T18:35:28+00:00
2447536540,dirichlet_mrv_alpha2,0.21952639023644954,0.5689174398274736,0.21155616993607687,0.002,1.0,1.0,F12_default,a37b1d5dd14918e1795478d719ed4c2473049eed441db5e9c4b4d5d2c4cb8a39,660f0ec,0.1.0,2026-05-25T18:35:28+00:00
3312912574,dirichlet_mrv_alpha2,0.2333468692869043,0.7251933998736041,0.04145973083949163,0.002,1.0,1.0,F12_default,a37b1d5dd14918e1795478d719ed4c2473049eed441db5e9c4b4d5d2c4cb8a39,660f0ec,0.1.0,2026-05-25T18:35:28+00:00
3879320648,dirichlet_mrv_alpha2,0.4188734088988162,0.07145297341911093,0.5096736176820729,0.002,1.0,1.0,F12_default,a37b1d5dd14918e1795478d719ed4c2473049eed441db5e9c4b4d5d2c4cb8a39,660f0ec,0.1.0,2026-05-25T18:35:28+00:00
1882109946,dirichlet_mrv_alpha2,0.4979263165661036,0.17813616822831732,0.3239375152055791,0.002,1.0,1.0,F12_default,a37b1d5dd14918e1795478d719ed4c2473049eed441db5e9c4b4d5d2c4cb8a39,660f0ec,0.1.0,2026-05-25T18:35:28+00:00
3227119701,dirichlet_mrv_alpha2,0.2919663462079385,0.6461269981527589,0.06190665563930276,0.002,1.0000000000000002,1.0000000000000004,F12_default,a37b1d5dd14918e1795478d719ed4c2473049eed441db5e9c4b4d5d2c4cb8a39,660f0ec,0.1.0,2026-05-25T18:35:28+00:00
4163452834,dirichlet_mrv_alpha2,0.1613157999275059,0.35084143275526936,0.4878427673172247,0.002,1.0,1.0,F12_default,a37b1d5dd14918e1795478d719ed4c2473049eed441db5e9c4b4d5d2c4cb8a39,660f0ec,0.1.0,2026-05-25T18:35:28+00:00
3716795526,dirichlet_mrv_alpha2,0.3047316197798998,0.5232835855791881,0.17198479464091213,0.002,1.0,1.0,F12_default,a37b1d5dd14918e1795478d719ed4c2473049eed441db5e9c4b4d5d2c4cb8a39,660f0ec,0.1.0,2026-05-25T18:35:28+00:00
1649365701,dirichlet_mrv_alpha2,0.2216787210667454,0.42561610507473246,0.3527051738585221,0.002,1.0,1.0,F12_default,a37b1d5dd14918e1795478d719ed4c2473049eed441db5e9c4b4d5d2c4cb8a39,660f0ec,0.1.0,2026-05-25T18:35:28+00:00
2081502900,dirichlet_mrv_alpha2,0.1377071379094187,0.1649158690540977,0.6973769930364837,0.002,1.0,1.0,F12_default,a37b1d5dd14918e1795478d719ed4c2473049eed441db5e9c4b4d5d2c4cb8a39,660f0ec,0.1.0,2026-05-25T18:35:28+00:00
1896677008,dirichlet_mrv_alpha2,0.07163158441403983,0.7590748745997717,0.16929354098618843,0.002,1.0,1.0,F12_default,a37b1d5dd14918e1795478d719ed4c2473049eed441db5e9c4b4d5d2c4cb8a39,660f0ec,0.1.0,2026-05-25T18:35:28+00:00
2980656841,dirichlet_mrv_alpha2,0.7707522780622136,0.12707302688006464,0.10217469505772174,0.002,0.9999999999999999,0.9999999999999998,F12_default,a37b1d5dd14918e1795478d719ed4c2473049eed441db5e9c4b4d5d2c4cb8a39,660f0ec,0.1.0,2026-05-25T18:35:28+00:00
3277796389,dirichlet_mrv_alpha2,0.15947465632355826,0.4715674815462974,0.3689578621301443,0.002,1.0,1.0,F12_default,a37b1d5dd14918e1795478d719ed4c2473049eed441db5e9c4b4d5d2c4cb8a39,660f0ec,0.1.0,2026-05-25T18:35:28+00:00
1998517671,dirichlet_mrv_alpha2,0.6575906291414175,0.17497745404766094,0.16743191681092157,0.002,1.0,1.0,F12_default,a37b1d5dd14918e1795478d719ed4c2473049eed441db5e9c4b4d5d2c4cb8a39,660f0ec,0.1.0,2026-05-25T18:35:28+00:00
2196595977,dirichlet_mrv_alpha2,0.31424360501224047,0.09702774534396873,0.5887286496437908,0.002,1.0,1.0,F12_default,a37b1d5dd14918e1795478d719ed4c2473049eed441db5e9c4b4d5d2c4cb8a39,660f0ec,0.1.0,2026-05-25T18:35:28+00:00
2450289676,dirichlet_mrv_alpha2,0.10323437010926848,0.5270545700913688,0.36971105979936286,0.002,1.0000000000000002,1.0000000000000004,F12_default,a37b1d5dd14918e1795478d719ed4c2473049eed441db5e9c4b4d5d2c4cb8a39,660f0ec,0.1.0,2026-05-25T18:35:28+00:00
487167252,dirichlet_mrv_alpha2,0.5889467804402668,0.30710841866217453,0.10394480089755871,0.002,1.0,1.0,F12_default,a37b1d5dd14918e1795478d719ed4c2473049eed441db5e9c4b4d5d2c4cb8a39,660f0ec,0.1.0,2026-05-25T18:35:28+00:00
3855368930,dirichlet_mrv_alpha2,0.2675830597102089,0.43552814202820994,0.2968887982615812,0.002,1.0,1.0,F12_default,a37b1d5dd14918e1795478d719ed4c2473049eed441db5e9c4b4d5d2c4cb8a39,660f0ec,0.1.0,2026-05-25T18:35:28+00:00
347072269,dirichlet_mrv_alpha2,0.7179346076711376,0.13271614641388926,0.14934924591497317,0.002,1.0,1.0,F12_default,a37b1d5dd14918e1795478d719ed4c2473049eed441db5e9c4b4d5d2c4cb8a39,660f0ec,0.1.0,2026-05-25T18:35:28+00:00
1411633320,dirichlet_mrv_alpha2,0.24177232749824062,0.4745004760411493,0.2837271964606101,0.002,1.0,1.0,F12_default,a37b1d5dd14918e1795478d719ed4c2473049eed441db5e9c4b4d5d2c4cb8a39,660f0ec,0.1.0,2026-05-25T18:35:28+00:00
2351450581,dirichlet_mrv_alpha2,0.3669050055063228,0.13776317115361986,0.4953318233400574,0.002,1.0,1.0,F12_default,a37b1d5dd14918e1795478d719ed4c2473049eed441db5e9c4b4d5d2c4cb8a39,660f0ec,0.1.0,2026-05-25T18:35:28+00:00
3088554964,dirichlet_mrv_alpha2,0.1602235718291831,0.6703463463136062,0.1694300818572106,0.002,1.0,1.0,F12_default,a37b1d5dd14918e1795478d719ed4c2473049eed441db5e9c4b4d5d2c4cb8a39,660f0ec,0.1.0,2026-05-25T18:35:28+00:00
3865943367,dirichlet_mrv_alpha2,0.13207147465633284,0.44357784643379783,0.4243506789098693,0.002,1.0,1.0,F12_default,a37b1d5dd14918e1795478d719ed4c2473049eed441db5e9c4b4d5d2c4cb8a39,660f0ec,0.1.0,2026-05-25T18:35:28+00:00
3725302650,dirichlet_mrv_alpha2,0.14523286131427265,0.42295666161561407,0.43181047707011333,0.002,1.0,1.0,F12_default,a37b1d5dd14918e1795478d719ed4c2473049eed441db5e9c4b4d5d2c4cb8a39,660f0ec,0.1.0,2026-05-25T18:35:28+00:00
1756645237,dirichlet_mrv_alpha2,0.3752521619278857,0.3771249220161406,0.24762291605597364,0.002,0.9999999999999999,0.9999999999999998,F12_default,a37b1d5dd14918e1795478d719ed4c2473049eed441db5e9c4b4d5d2c4cb8a39,660f0ec,0.1.0,2026-05-25T18:35:28+00:00
2420228133,dirichlet_mrv_alpha2,0.2815080547733967,0.4229115362092646,0.2955804090173388,0.002,1.0,1.0,F12_default,a37b1d5dd14918e1795478d719ed4c2473049eed441db5e9c4b4d5d2c4cb8a39,660f0ec,0.1.0,2026-05-25T18:35:28+00:00
1242216887,dirichlet_mrv_alpha2,0.3326808587906507,0.16290645105468535,0.504412690154664,0.002,1.0,1.0,F12_default,a37b1d5dd14918e1795478d719ed4c2473049eed441db5e9c4b4d5d2c4cb8a39,660f0ec,0.1.0,2026-05-25T18:35:28+00:00
3797524567,dirichlet_mrv_alpha2,0.18505896406867609,0.5809952992525156,0.23394573667880827,0.002,0.9999999999999999,0.9999999999999998,F12_default,a37b1d5dd14918e1795478d719ed4c2473049eed441db5e9c4b4d5d2c4cb8a39,660f0ec,0.1.0,2026-05-25T18:35:28+00:00
2732682727,dirichlet_mrv_alpha2,0.1427896335235826,0.38976614576240054,0.4674442207140169,0.002,1.0,1.0,F12_default,a37b1d5dd14918e1795478d719ed4c2473049eed441db5e9c4b4d5d2c4cb8a39,660f0ec,0.1.0,2026-05-25T18:35:28+00:00
4151260031,dirichlet_mrv_alpha2,0.5461113486626995,0.3853746539192451,0.06851399741805535,0.002,0.9999999999999999,0.9999999999999998,F12_default,a37b1d5dd14918e1795478d719ed4c2473049eed441db5e9c4b4d5d2c4cb8a39,660f0ec,0.1.0,2026-05-25T18:35:28+00:00
3912277520,dirichlet_mrv_alpha2,0.46861690138167994,0.33231496326807103,0.19906813535024917,0.002,1.0000000000000002,1.0000000000000004,F12_default,a37b1d5dd14918e1795478d719ed4c2473049eed441db5e9c4b4d5d2c4cb8a39,660f0ec,0.1.0,2026-05-25T18:35:28+00:00
951093661,dirichlet_mrv_alpha2,0.20269574933724824,0.19026687529170477,0.6070373753710469,0.002,0.9999999999999999,0.9999999999999998,F12_default,a37b1d5dd14918e1795478d719ed4c2473049eed441db5e9c4b4d5d2c4cb8a39,660f0ec,0.1.0,2026-05-25T18:35:28+00:00
1467013549,dirichlet_mrv_alpha2,0.5819646863934369,0.1704064010181579,0.24762891258840525,0.002,1.0,1.0,F12_default,a37b1d5dd14918e1795478d719ed4c2473049eed441db5e9c4b4d5d2c4cb8a39,660f0ec,0.1.0,2026-05-25T18:35:28+00:00
4133824984,dirichlet_mrv_alpha2,0.4542949235749442,0.39259088276302745,0.15311419366202844,0.002,1.0,1.0,F12_default,a37b1d5dd14918e1795478d719ed4c2473049eed441db5e9c4b4d5d2c4cb8a39,660f0ec,0.1.0,2026-05-25T18:35:28+00:00
2020571677,dirichlet_mrv_alpha2,0.35340969206500356,0.5356993670307063,0.11089094090429004,0.002,0.9999999999999999,0.9999999999999998,F12_default,a37b1d5dd14918e1795478d719ed4c2473049eed441db5e9c4b4d5d2c4cb8a39,660f0ec,0.1.0,2026-05-25T18:35:28+00:00
411093214,dirichlet_mrv_alpha2,0.5049106174648591,0.05148212431388698,0.44360725822125385,0.002,1.0,1.0,F12_default,a37b1d5dd14918e1795478d719ed4c2473049eed441db5e9c4b4d5d2c4cb8a39,660f0ec,0.1.0,2026-05-25T18:35:28+00:00
2638161178,dirichlet_mrv_alpha2,0.11154233779071533,0.16426429662856118,0.7241933655807234,0.002,1.0,1.0,F12_default,a37b1d5dd14918e1795478d719ed4c2473049eed441db5e9c4b4d5d2c4cb8a39,660f0ec,0.1.0,2026-05-25T18:35:28+00:00
4272125172,dirichlet_mrv_alpha2,0.10569351662488022,0.7871814377955308,0.10712504557958895,0.002,1.0,1.0,F12_default,a37b1d5dd14918e1795478d719ed4c2473049eed441db5e9c4b4d5d2c4cb8a39,660f0ec,0.1.0,2026-05-25T18:35:28+00:00
1189929427,dirichlet_mrv_alpha2,0.6327403366553686,0.20505536760569137,0.16220429573894016,0.002,1.0000000000000002,1.0000000000000004,F12_default,a37b1d5dd14918e1795478d719ed4c2473049eed441db5e9c4b4d5d2c4cb8a39,660f0ec,0.1.0,2026-05-25T18:35:28+00:00
3885468431,dirichlet_mrv_alpha2,0.16063319601754103,0.5935634134827503,0.24580339049970848,0.002,0.9999999999999998,0.9999999999999996,F12_default,a37b1d5dd14918e1795478d719ed4c2473049eed441db5e9c4b4d5d2c4cb8a39,660f0ec,0.1.0,2026-05-25T18:35:28+00:00
414747776,dirichlet_mrv_alpha2,0.3357162096422178,0.3257536683461356,0.33853012201164656,0.002,1.0,1.0,F12_default,a37b1d5dd14918e1795478d719ed4c2473049eed441db5e9c4b4d5d2c4cb8a39,660f0ec,0.1.0,2026-05-25T18:35:28+00:00
1222893762,dirichlet_mrv_alpha2,0.3150304431134511,0.18012035472109766,0.5048492021654513,0.002,1.0,1.0,F12_default,a37b1d5dd14918e1795478d719ed4c2473049eed441db5e9c4b4d5d2c4cb8a39,660f0ec,0.1.0,2026-05-25T18:35:28+00:00
1673976286,dirichlet_mrv_alpha2,0.358540193153673,0.3902157867054298,0.2512440201408972,0.002,1.0,1.0,F12_default,a37b1d5dd14918e1795478d719ed4c2473049eed441db5e9c4b4d5d2c4cb8a39,660f0ec,0.1.0,2026-05-25T18:35:28+00:00
1523767056,dirichlet_mrv_alpha2,0.04758641633515703,0.11607933111861948,0.8363342525462235,0.002,1.0,1.0,F12_default,a37b1d5dd14918e1795478d719ed4c2473049eed441db5e9c4b4d5d2c4cb8a39,660f0ec,0.1.0,2026-05-25T18:35:28+00:00
1776849541,dirichlet_mrv_alpha2,0.06989149317327552,0.7818887081436704,0.1482197986830542,0.002,1.0,1.0,F12_default,a37b1d5dd14918e1795478d719ed4c2473049eed441db5e9c4b4d5d2c4cb8a39,660f0ec,0.1.0,2026-05-25T18:35:28+00:00
3534267186,dirichlet_mrv_alpha2,0.3782270681410052,0.20843619144953204,0.41333674040946283,0.002,1.0,1.0,F12_default,a37b1d5dd14918e1795478d719ed4c2473049eed441db5e9c4b4d5d2c4cb8a39,660f0ec,0.1.0,2026-05-25T18:35:28+00:00
2613194826,dirichlet_mrv_alpha2,0.19384745716381563,0.6351332961431608,0.1710192466930236,0.002,1.0,1.0,F12_default,a37b1d5dd14918e1795478d719ed4c2473049eed441db5e9c4b4d5d2c4cb8a39,660f0ec,0.1.0,2026-05-25T18:35:28+00:00
3886981451,dirichlet_mrv_alpha2,0.46432956818694576,0.37406851807451363,0.16160191373854055,0.002,1.0,1.0,F12_default,a37b1d5dd14918e1795478d719ed4c2473049eed441db5e9c4b4d5d2c4cb8a39,660f0ec,0.1.0,2026-05-25T18:35:28+00:00
895665260,dirichlet_mrv_alpha2,0.557097079273479,0.28162204858695594,0.16128087213956516,0.002,1.0,1.0,F12_default,a37b1d5dd14918e1795478d719ed4c2473049eed441db5e9c4b4d5d2c4cb8a39,660f0ec,0.1.0,2026-05-25T18:35:28+00:00
1088734185,dirichlet_mrv_alpha2,0.017219899822566585,0.48768893744973907,0.49509116272769443,0.002,1.0,1.0,F12_default,a37b1d5dd14918e1795478d719ed4c2473049eed441db5e9c4b4d5d2c4cb8a39,660f0ec,0.1.0,2026-05-25T18:35:28+00:00
903555952,dirichlet_mrv_alpha2,0.4691156701577884,0.2817237465250693,0.24916058331714228,0.002,1.0,1.0,F12_default,a37b1d5dd14918e1795478d719ed4c2473049eed441db5e9c4b4d5d2c4cb8a39,660f0ec,0.1.0,2026-05-25T18:35:28+00:00
2305892803,dirichlet_mrv_alpha2,0.4315101113472522,0.2456515916856443,0.3228382969671036,0.002,1.0,1.0,F12_default,a37b1d5dd14918e1795478d719ed4c2473049eed441db5e9c4b4d5d2c4cb8a39,660f0ec,0.1.0,2026-05-25T18:35:28+00:00
3089560248,dirichlet_mrv_alpha2,0.3387401659960026,0.58208634525478,0.07917348874921752,0.002,1.0,1.0,F12_default,a37b1d5dd14918e1795478d719ed4c2473049eed441db5e9c4b4d5d2c4cb8a39,660f0ec,0.1.0,2026-05-25T18:35:28+00:00
2971373843,dirichlet_mrv_alpha2,0.5211897271201024,0.213669368818884,0.26514090406101365,0.002,1.0,1.0,F12_default,a37b1d5dd14918e1795478d719ed4c2473049eed441db5e9c4b4d5d2c4cb8a39,660f0ec,0.1.0,2026-05-25T18:35:28+00:00
3233393329,dirichlet_mrv_alpha2,0.6680539745507132,0.24274625912021322,0.08919976632907341,0.002,0.9999999999999999,0.9999999999999998,F12_default,a37b1d5dd14918e1795478d719ed4c2473049eed441db5e9c4b4d5d2c4cb8a39,660f0ec,0.1.0,2026-05-25T18:35:28+00:00
1708156895,dirichlet_mrv_alpha2,0.3594500711021971,0.39986739291356915,0.2406825359842337,0.002,1.0,1.0,F12_default,a37b1d5dd14918e1795478d719ed4c2473049eed441db5e9c4b4d5d2c4cb8a39,660f0ec,0.1.0,2026-05-25T18:35:28+00:00
722593125,dirichlet_mrv_alpha2,0.2155727636045834,0.34974337966571806,0.43468385672969845,0.002,0.9999999999999999,0.9999999999999998,F12_default,a37b1d5dd14918e1795478d719ed4c2473049eed441db5e9c4b4d5d2c4cb8a39,660f0ec,0.1.0,2026-05-25T18:35:28+00:00
3017970884,dirichlet_mrv_alpha2,0.30460554429351905,0.2603674041810914,0.43502705152538956,0.002,1.0,1.0,F12_default,a37b1d5dd14918e1795478d719ed4c2473049eed441db5e9c4b4d5d2c4cb8a39,660f0ec,0.1.0,2026-05-25T18:35:28+00:00
852797787,dirichlet_mrv_alpha2,0.30788969548646117,0.4677278920657756,0.22438241244776316,0.002,0.9999999999999999,0.9999999999999998,F12_default,a37b1d5dd14918e1795478d719ed4c2473049eed441db5e9c4b4d5d2c4cb8a39,660f0ec,0.1.0,2026-05-25T18:35:28+00:00
120108860,dirichlet_mrv_alpha2,0.6041748729244565,0.022442339654435935,0.3733827874211076,0.002,1.0,1.0,F12_default,a37b1d5dd14918e1795478d719ed4c2473049eed441db5e9c4b4d5d2c4cb8a39,660f0ec,0.1.0,2026-05-25T18:35:28+00:00
3731150375,dirichlet_mrv_alpha2,0.31303166704940233,0.5146898740436797,0.17227845890691795,0.002,1.0,1.0,F12_default,a37b1d5dd14918e1795478d719ed4c2473049eed441db5e9c4b4d5d2c4cb8a39,660f0ec,0.1.0,2026-05-25T18:35:28+00:00
2448380114,dirichlet_mrv_alpha2,0.15283300517636764,0.15084353063991576,0.6963234641837166,0.002,1.0,1.0,F12_default,a37b1d5dd14918e1795478d719ed4c2473049eed441db5e9c4b4d5d2c4cb8a39,660f0ec,0.1.0,2026-05-25T18:35:28+00:00
1598550338,dirichlet_mrv_alpha2,0.37328823668441796,0.5493249296408977,0.07738683367468437,0.002,1.0,1.0,F12_default,a37b1d5dd14918e1795478d719ed4c2473049eed441db5e9c4b4d5d2c4cb8a39,660f0ec,0.1.0,2026-05-25T18:35:28+00:00
3633019684,dirichlet_mrv_alpha2,0.0383288202908856,0.12121408058239386,0.8404570991267205,0.002,1.0,1.0,F12_default,a37b1d5dd14918e1795478d719ed4c2473049eed441db5e9c4b4d5d2c4cb8a39,660f0ec,0.1.0,2026-05-25T18:35:28+00:00
4066441244,dirichlet_mrv_alpha2,0.6530452351212387,0.30600491339195246,0.0409498514868089,0.002,1.0,1.0,F12_default,a37b1d5dd14918e1795478d719ed4c2473049eed441db5e9c4b4d5d2c4cb8a39,660f0ec,0.1.0,2026-05-25T18:35:28+00:00
2679725385,dirichlet_mrv_alpha2,0.12686568463491843,0.2516945309630369,0.6214397844020447,0.002,1.0,1.0,F12_default,a37b1d5dd14918e1795478d719ed4c2473049eed441db5e9c4b4d5d2c4cb8a39,660f0ec,0.1.0,2026-05-25T18:35:28+00:00
2834535079,dirichlet_mrv_alpha2,0.019703231591073834,0.4030328887684936,0.5772638796404326,0.002,1.0,1.0,F12_default,a37b1d5dd14918e1795478d719ed4c2473049eed441db5e9c4b4d5d2c4cb8a39,660f0ec,0.1.0,2026-05-25T18:35:28+00:00
173134868,dirichlet_mrv_alpha2,0.12714962065560756,0.3955727795829588,0.47727759976143375,0.002,1.0,1.0,F12_default,a37b1d5dd14918e1795478d719ed4c2473049eed441db5e9c4b4d5d2c4cb8a39,660f0ec,0.1.0,2026-05-25T18:35:28+00:00
786304248,dirichlet_mrv_alpha2,0.41082978689944954,0.10774105325990099,0.48142915984064955,0.002,1.0,1.0,F12_default,a37b1d5dd14918e1795478d719ed4c2473049eed441db5e9c4b4d5d2c4cb8a39,660f0ec,0.1.0,2026-05-25T18:35:28+00:00
125662110,dirichlet_mrv_alpha2,0.0934637553997708,0.38181532906103743,0.5247209155391918,0.002,1.0,1.0,F12_default,a37b1d5dd14918e1795478d719ed4c2473049eed441db5e9c4b4d5d2c4cb8a39,660f0ec,0.1.0,2026-05-25T18:35:28+00:00
2428253315,dirichlet_mrv_alpha2,0.06605043550478698,0.3959408159901108,0.5380087485051022,0.002,0.9999999999999999,0.9999999999999998,F12_default,a37b1d5dd14918e1795478d719ed4c2473049eed441db5e9c4b4d5d2c4cb8a39,660f0ec,0.1.0,2026-05-25T18:35:28+00:00
1788784332,dirichlet_mrv_alpha2,0.496430293057112,0.4743760502533806,0.029193656689507325,0.002,0.9999999999999999,0.9999999999999998,F12_default,a37b1d5dd14918e1795478d719ed4c2473049eed441db5e9c4b4d5d2c4cb8a39,660f0ec,0.1.0,2026-05-25T18:35:28+00:00
1317680354,dirichlet_mrv_alpha2,0.25668364657724463,0.15852035435112585,0.5847959990716295,0.002,1.0,1.0,F12_default,a37b1d5dd14918e1795478d719ed4c2473049eed441db5e9c4b4d5d2c4cb8a39,660f0ec,0.1.0,2026-05-25T18:35:28+00:00
2571908975,dirichlet_mrv_alpha2,0.28397144824685955,0.5071359008639147,0.2088926508892257,0.002,1.0,1.0,F12_default,a37b1d5dd14918e1795478d719ed4c2473049eed441db5e9c4b4d5d2c4cb8a39,660f0ec,0.1.0,2026-05-25T18:35:28+00:00
2147644126,dirichlet_mrv_alpha2,0.7369559824118067,0.2357623433798005,0.02728167420839277,0.002,1.0,1.0,F12_default,a37b1d5dd14918e1795478d719ed4c2473049eed441db5e9c4b4d5d2c4cb8a39,660f0ec,0.1.0,2026-05-25T18:35:28+00:00
2629690250,dirichlet_mrv_alpha2,0.3331004843162138,0.3866381279308652,0.28026138775292103,0.002,1.0,1.0,F12_default,a37b1d5dd14918e1795478d719ed4c2473049eed441db5e9c4b4d5d2c4cb8a39,660f0ec,0.1.0,2026-05-25T18:35:28+00:00
4116946232,dirichlet_mrv_alpha2,0.21313392651488075,0.2505283809292607,0.5363376925558585,0.002,1.0,1.0,F12_default,a37b1d5dd14918e1795478d719ed4c2473049eed441db5e9c4b4d5d2c4cb8a39,660f0ec,0.1.0,2026-05-25T18:35:28+00:00
2996890046,dirichlet_mrv_alpha2,0.47052314533492545,0.17671875015666938,0.35275810450840517,0.002,1.0,1.0,F12_default,a37b1d5dd14918e1795478d719ed4c2473049eed441db5e9c4b4d5d2c4cb8a39,660f0ec,0.1.0,2026-05-25T18:35:28+00:00
3647758512,dirichlet_mrv_alpha2,0.15790665785762656,0.6641242086028206,0.17796913353955288,0.002,1.0,1.0,F12_default,a37b1d5dd14918e1795478d719ed4c2473049eed441db5e9c4b4d5d2c4cb8a39,660f0ec,0.1.0,2026-05-25T18:35:28+00:00
730646087,dirichlet_mrv_alpha2,0.3197180852818951,0.4301572954055072,0.25012461931259783,0.002,1.0000000000000002,1.0000000000000004,F12_default,a37b1d5dd14918e1795478d719ed4c2473049eed441db5e9c4b4d5d2c4cb8a39,660f0ec,0.1.0,2026-05-25T18:35:28+00:00
787442108,dirichlet_mrv_alpha2,0.025057539607170404,0.7865396642133802,0.18840279617944955,0.002,1.0,1.0,F12_default,a37b1d5dd14918e1795478d719ed4c2473049eed441db5e9c4b4d5d2c4cb8a39,660f0ec,0.1.0,2026-05-25T18:35:28+00:00
2296811701,dirichlet_mrv_alpha2,0.4435073647976432,0.1317009873278512,0.4247916478745056,0.002,1.0,1.0,F12_default,a37b1d5dd14918e1795478d719ed4c2473049eed441db5e9c4b4d5d2c4cb8a39,660f0ec,0.1.0,2026-05-25T18:35:28+00:00
2842481879,dirichlet_mrv_alpha2,0.16334115261677157,0.35774809963909754,0.47891074774413084,0.002,1.0,1.0,F12_default,a37b1d5dd14918e1795478d719ed4c2473049eed441db5e9c4b4d5d2c4cb8a39,660f0ec,0.1.0,2026-05-25T18:35:28+00:00
2015928203,dirichlet_mrv_alpha2,0.36090451684223507,0.3100098415580465,0.32908564159971837,0.002,1.0,1.0,F12_default,a37b1d5dd14918e1795478d719ed4c2473049eed441db5e9c4b4d5d2c4cb8a39,660f0ec,0.1.0,2026-05-25T18:35:28+00:00
681893996,dirichlet_mrv_alpha2,0.4055285219316673,0.018948564034681974,0.5755229140336507,0.002,1.0,1.0,F12_default,a37b1d5dd14918e1795478d719ed4c2473049eed441db5e9c4b4d5d2c4cb8a39,660f0ec,0.1.0,2026-05-25T18:35:28+00:00
3320537388,dirichlet_mrv_alpha2,0.38489456432617686,0.5173290581521202,0.0977763775217031,0.002,1.0,1.0,F12_default,a37b1d5dd14918e1795478d719ed4c2473049eed441db5e9c4b4d5d2c4cb8a39,660f0ec,0.1.0,2026-05-25T18:35:28+00:00
2193640805,dirichlet_mrv_alpha2,0.15562204076834069,0.402352014298659,0.4420259449330003,0.002,1.0,1.0,F12_default,a37b1d5dd14918e1795478d719ed4c2473049eed441db5e9c4b4d5d2c4cb8a39,660f0ec,0.1.0,2026-05-25T18:35:28+00:00
2613205825,dirichlet_mrv_alpha2,0.06992695789972798,0.32762865681460085,0.6024443852856712,0.002,1.0,1.0,F12_default,a37b1d5dd14918e1795478d719ed4c2473049eed441db5e9c4b4d5d2c4cb8a39,660f0ec,0.1.0,2026-05-25T18:35:28+00:00
966489305,dirichlet_mrv_alpha2,0.24619609512843607,0.1482793905415916,0.6055245143299723,0.002,1.0,1.0,F12_default,a37b1d5dd14918e1795478d719ed4c2473049eed441db5e9c4b4d5d2c4cb8a39,660f0ec,0.1.0,2026-05-25T18:35:28+00:00
3324398385,dirichlet_mrv_alpha2,0.5819109041802404,0.15439602659007548,0.26369306922968416,0.002,1.0,1.0,F12_default,a37b1d5dd14918e1795478d719ed4c2473049eed441db5e9c4b4d5d2c4cb8a39,660f0ec,0.1.0,2026-05-25T18:35:28+00:00
62645099,dirichlet_mrv_alpha2,0.5979253985680546,0.012627483362875572,0.3894471180690698,0.002,1.0,1.0,F12_default,a37b1d5dd14918e1795478d719ed4c2473049eed441db5e9c4b4d5d2c4cb8a39,660f0ec,0.1.0,2026-05-25T18:35:28+00:00
3705223179,dirichlet_mrv_alpha2,0.037567390171956344,0.3003083794674498,0.6621242303605939,0.002,1.0,1.0,F12_default,a37b1d5dd14918e1795478d719ed4c2473049eed441db5e9c4b4d5d2c4cb8a39,660f0ec,0.1.0,2026-05-25T18:35:28+00:00
3473548528,dirichlet_mrv_alpha2,0.17937388578127134,0.7956330042283587,0.024993109990369904,0.002,0.9999999999999999,0.9999999999999998,F12_default,a37b1d5dd14918e1795478d719ed4c2473049eed441db5e9c4b4d5d2c4cb8a39,660f0ec,0.1.0,2026-05-25T18:35:28+00:00
1307794679,dirichlet_mrv_alpha2,0.14242251057829192,0.32223589475386294,0.535341594667845,0.002,0.9999999999999999,0.9999999999999998,F12_default,a37b1d5dd14918e1795478d719ed4c2473049eed441db5e9c4b4d5d2c4cb8a39,660f0ec,0.1.0,2026-05-25T18:35:28+00:00
2155516587,dirichlet_mrv_alpha2,0.20510753222798064,0.28736199661737916,0.5075304711546401,0.002,0.9999999999999999,0.9999999999999998,F12_default,a37b1d5dd14918e1795478d719ed4c2473049eed441db5e9c4b4d5d2c4cb8a39,660f0ec,0.1.0,2026-05-25T18:35:28+00:00
1558372572,dirichlet_mrv_alpha2,0.5032626802963035,0.4261000979964822,0.07063722170721431,0.002,1.0,1.0,F12_default,a37b1d5dd14918e1795478d719ed4c2473049eed441db5e9c4b4d5d2c4cb8a39,660f0ec,0.1.0,2026-05-25T18:35:28+00:00
4084344324,dirichlet_mrv_alpha2,0.16279322643693497,0.5618927617633183,0.2753140117997467,0.002,0.9999999999999999,0.9999999999999998,F12_default,a37b1d5dd14918e1795478d719ed4c2473049eed441db5e9c4b4d5d2c4cb8a39,660f0ec,0.1.0,2026-05-25T18:35:28+00:00
1904624614,dirichlet_mrv_alpha2,0.24968118499858377,0.7225277699219891,0.02779104507942698,0.002,0.9999999999999998,0.9999999999999996,F12_default,a37b1d5dd14918e1795478d719ed4c2473049eed441db5e9c4b4d5d2c4cb8a39,660f0ec,0.1.0,2026-05-25T18:35:28+00:00
2005688871,dirichlet_mrv_alpha2,0.7812277735717659,0.1767839732236654,0.04198825320456866,0.002,0.9999999999999999,0.9999999999999998,F12_default,a37b1d5dd14918e1795478d719ed4c2473049eed441db5e9c4b4d5d2c4cb8a39,660f0ec,0.1.0,2026-05-25T18:35:28+00:00
3616661308,dirichlet_mrv_alpha2,0.44922264282829377,0.15219231652954232,0.39858504064216393,0.002,1.0,1.0,F12_default,a37b1d5dd14918e1795478d719ed4c2473049eed441db5e9c4b4d5d2c4cb8a39,660f0ec,0.1.0,2026-05-25T18:35:28+00:00
2125600304,dirichlet_mrv_alpha2,0.3461279682087045,0.21839141798259745,0.4354806138086979,0.002,0.9999999999999998,0.9999999999999996,F12_default,a37b1d5dd14918e1795478d719ed4c2473049eed441db5e9c4b4d5d2c4cb8a39,660f0ec,0.1.0,2026-05-25T18:35:28+00:00
2020736198,dirichlet_mrv_alpha2,0.35479627518858536,0.2737351187161355,0.37146860609527915,0.002,1.0,1.0,F12_default,a37b1d5dd14918e1795478d719ed4c2473049eed441db5e9c4b4d5d2c4cb8a39,660f0ec,0.1.0,2026-05-25T18:35:28+00:00
2107988490,dirichlet_mrv_alpha2,0.5357033033393974,0.3391641771093677,0.1251325195512349,0.002,1.0,1.0,F12_default,a37b1d5dd14918e1795478d719ed4c2473049eed441db5e9c4b4d5d2c4cb8a39,660f0ec,0.1.0,2026-05-25T18:35:28+00:00
1630951624,dirichlet_mrv_alpha2,0.09649080319438962,0.312749721921997,0.5907594748836135,0.002,1.0,1.0,F12_default,a37b1d5dd14918e1795478d719ed4c2473049eed441db5e9c4b4d5d2c4cb8a39,660f0ec,0.1.0,2026-05-25T18:35:28+00:00
180022104,dirichlet_mrv_alpha2,0.28193604827555374,0.3309976641478976,0.3870662875765486,0.002,0.9999999999999999,0.9999999999999998,F12_default,a37b1d5dd14918e1795478d719ed4c2473049eed441db5e9c4b4d5d2c4cb8a39,660f0ec,0.1.0,2026-05-25T18:35:28+00:00
241529142,dirichlet_mrv_alpha2,0.8091364381174414,0.01578780439956072,0.17507575748299792,0.002,1.0,1.0,F12_default,a37b1d5dd14918e1795478d719ed4c2473049eed441db5e9c4b4d5d2c4cb8a39,660f0ec,0.1.0,2026-05-25T18:35:28+00:00
268138041,dirichlet_mrv_alpha2,0.3534950993359577,0.10282225359809458,0.5436826470659476,0.002,0.9999999999999999,0.9999999999999998,F12_default,a37b1d5dd14918e1795478d719ed4c2473049eed441db5e9c4b4d5d2c4cb8a39,660f0ec,0.1.0,2026-05-25T18:35:28+00:00
1589878530,dirichlet_mrv_alpha2,0.2198265742381608,0.7264211560356345,0.05375226972620463,0.002,0.9999999999999999,0.9999999999999998,F12_default,a37b1d5dd14918e1795478d719ed4c2473049eed441db5e9c4b4d5d2c4cb8a39,660f0ec,0.1.0,2026-05-25T18:35:28+00:00
3522463771,dirichlet_mrv_alpha2,0.3324519289665132,0.16057569542142028,0.5069723756120665,0.002,1.0,1.0,F12_default,a37b1d5dd14918e1795478d719ed4c2473049eed441db5e9c4b4d5d2c4cb8a39,660f0ec,0.1.0,2026-05-25T18:35:28+00:00
1082172807,dirichlet_mrv_alpha2,0.09210601701979244,0.10181355657380331,0.8060804264064042,0.002,1.0,1.0,F12_default,a37b1d5dd14918e1795478d719ed4c2473049eed441db5e9c4b4d5d2c4cb8a39,660f0ec,0.1.0,2026-05-25T18:35:28+00:00
2553914339,dirichlet_mrv_alpha2,0.03388791610778774,0.24048134059687512,0.725630743295337,0.002,0.9999999999999999,0.9999999999999998,F12_default,a37b1d5dd14918e1795478d719ed4c2473049eed441db5e9c4b4d5d2c4cb8a39,660f0ec,0.1.0,2026-05-25T18:35:28+00:00
3448814408,dirichlet_mrv_alpha2,0.327372669749574,0.14409395415045742,0.5285333760999685,0.002,1.0,1.0,F12_default,a37b1d5dd14918e1795478d719ed4c2473049eed441db5e9c4b4d5d2c4cb8a39,660f0ec,0.1.0,2026-05-25T18:35:28+00:00
2844128904,dirichlet_mrv_alpha2,0.44433824663042265,0.42840858177243846,0.12725317159713892,0.002,1.0,1.0,F12_default,a37b1d5dd14918e1795478d719ed4c2473049eed441db5e9c4b4d5d2c4cb8a39,660f0ec,0.1.0,2026-05-25T18:35:28+00:00
1723956180,dirichlet_mrv_alpha2,0.3014198227305463,0.2025017087831472,0.49607846848630643,0.002,0.9999999999999999,0.9999999999999998,F12_default,a37b1d5dd14918e1795478d719ed4c2473049eed441db5e9c4b4d5d2c4cb8a39,660f0ec,0.1.0,2026-05-25T18:35:28+00:00
2196153540,dirichlet_mrv_alpha2,0.4181211735041917,0.10273024728325715,0.47914857921255116,0.002,1.0,1.0,F12_default,a37b1d5dd14918e1795478d719ed4c2473049eed441db5e9c4b4d5d2c4cb8a39,660f0ec,0.1.0,2026-05-25T18:35:28+00:00
1839900241,dirichlet_mrv_alpha2,0.24048923717745094,0.5128237509804245,0.24668701184212458,0.002,1.0,1.0,F12_default,a37b1d5dd14918e1795478d719ed4c2473049eed441db5e9c4b4d5d2c4cb8a39,660f0ec,0.1.0,2026-05-25T18:35:28+00:00
311486938,dirichlet_mrv_alpha2,0.6490790905965342,0.26280035167534044,0.08812055772812528,0.002,1.0,1.0,F12_default,a37b1d5dd14918e1795478d719ed4c2473049eed441db5e9c4b4d5d2c4cb8a39,660f0ec,0.1.0,2026-05-25T18:35:28+00:00
761082771,dirichlet_mrv_alpha2,0.23483199523657783,0.6917939438820089,0.0733740608814133,0.002,1.0,1.0,F12_default,a37b1d5dd14918e1795478d719ed4c2473049eed441db5e9c4b4d5d2c4cb8a39,660f0ec,0.1.0,2026-05-25T18:35:28+00:00
1749091162,dirichlet_mrv_alpha2,0.12849307676694532,0.4499129985830538,0.42159392465000084,0.002,1.0,1.0,F12_default,a37b1d5dd14918e1795478d719ed4c2473049eed441db5e9c4b4d5d2c4cb8a39,660f0ec,0.1.0,2026-05-25T18:35:28+00:00
823696651,dirichlet_mrv_alpha2,0.1586067520965109,0.3866795565160254,0.45471369138746365,0.002,1.0,1.0,F12_default,a37b1d5dd14918e1795478d719ed4c2473049eed441db5e9c4b4d5d2c4cb8a39,660f0ec,0.1.0,2026-05-25T18:35:28+00:00
23446582,dirichlet_mrv_alpha2,0.3713518459712583,0.35729783368004586,0.2713503203486958,0.002,1.0,1.0,F12_default,a37b1d5dd14918e1795478d719ed4c2473049eed441db5e9c4b4d5d2c4cb8a39,660f0ec,0.1.0,2026-05-25T18:35:28+00:00
2005197754,dirichlet_mrv_alpha2,0.3622399760067062,0.2653054808350382,0.3724545431582557,0.002,1.0000000000000002,1.0000000000000004,F12_default,a37b1d5dd14918e1795478d719ed4c2473049eed441db5e9c4b4d5d2c4cb8a39,660f0ec,0.1.0,2026-05-25T18:35:28+00:00
4046801090,dirichlet_mrv_alpha2,0.25109433684054344,0.5184534726867405,0.230452190472716,0.002,0.9999999999999999,0.9999999999999998,F12_default,a37b1d5dd14918e1795478d719ed4c2473049eed441db5e9c4b4d5d2c4cb8a39,660f0ec,0.1.0,2026-05-25T18:35:28+00:00
1034447632,dirichlet_mrv_alpha2,0.4317511881396308,0.32411131275630134,0.2441374991040678,0.002,0.9999999999999999,0.9999999999999998,F12_default,a37b1d5dd14918e1795478d719ed4c2473049eed441db5e9c4b4d5d2c4cb8a39,660f0ec,0.1.0,2026-05-25T18:35:28+00:00
2376636385,dirichlet_mrv_alpha2,0.5279969734380985,0.21264108935804094,0.2593619372038606,0.002,1.0,1.0,F12_default,a37b1d5dd14918e1795478d719ed4c2473049eed441db5e9c4b4d5d2c4cb8a39,660f0ec,0.1.0,2026-05-25T18:35:28+00:00
858043878,dirichlet_mrv_alpha2,0.47293288725285143,0.20740937517196312,0.3196577375751853,0.002,0.9999999999999998,0.9999999999999996,F12_default,a37b1d5dd14918e1795478d719ed4c2473049eed441db5e9c4b4d5d2c4cb8a39,660f0ec,0.1.0,2026-05-25T18:35:28+00:00
2585733649,dirichlet_mrv_alpha2,0.314906960687494,0.6002660756227332,0.08482696368977274,0.002,0.9999999999999999,0.9999999999999998,F12_default,a37b1d5dd14918e1795478d719ed4c2473049eed441db5e9c4b4d5d2c4cb8a39,660f0ec,0.1.0,2026-05-25T18:35:28+00:00
3742781452,dirichlet_mrv_alpha2,0.44065891360384707,0.40094248114624337,0.1583986052499095,0.002,1.0,1.0,F12_default,a37b1d5dd14918e1795478d719ed4c2473049eed441db5e9c4b4d5d2c4cb8a39,660f0ec,0.1.0,2026-05-25T18:35:28+00:00
1788937406,dirichlet_mrv_alpha2,0.0805204923084463,0.4963297890097129,0.4231497186818408,0.002,1.0,1.0,F12_default,a37b1d5dd14918e1795478d719ed4c2473049eed441db5e9c4b4d5d2c4cb8a39,660f0ec,0.1.0,2026-05-25T18:35:28+00:00
1694811437,dirichlet_mrv_alpha2,0.45488034706476543,0.10335437683443344,0.441765276100801,0.002,1.0,1.0,F12_default,a37b1d5dd14918e1795478d719ed4c2473049eed441db5e9c4b4d5d2c4cb8a39,660f0ec,0.1.0,2026-05-25T18:35:28+00:00
1662712385,dirichlet_mrv_alpha2,0.6300898363844707,0.19238501955417464,0.17752514406135472,0.002,1.0,1.0,F12_default,a37b1d5dd14918e1795478d719ed4c2473049eed441db5e9c4b4d5d2c4cb8a39,660f0ec,0.1.0,2026-05-25T18:35:28+00:00
1066749101,dirichlet_mrv_alpha2,0.17754083456319292,0.14489868053921348,0.6775604848975937,0.002,1.0,1.0,F12_default,a37b1d5dd14918e1795478d719ed4c2473049eed441db5e9c4b4d5d2c4cb8a39,660f0ec,0.1.0,2026-05-25T18:35:28+00:00
4155691103,dirichlet_mrv_alpha2,0.603800217289788,0.0070887695942507935,0.3891110131159612,0.002,1.0,1.0,F12_default,a37b1d5dd14918e1795478d719ed4c2473049eed441db5e9c4b4d5d2c4cb8a39,660f0ec,0.1.0,2026-05-25T18:35:28+00:00
2078710671,dirichlet_mrv_alpha2,0.40933436165376036,0.011265057194797704,0.5794005811514419,0.002,1.0,1.0,F12_default,a37b1d5dd14918e1795478d719ed4c2473049eed441db5e9c4b4d5d2c4cb8a39,660f0ec,0.1.0,2026-05-25T18:35:28+00:00
464485571,dirichlet_mrv_alpha2,0.24533405472191136,0.07092899386458577,0.6837369514135028,0.002,0.9999999999999999,0.9999999999999998,F12_default,a37b1d5dd14918e1795478d719ed4c2473049eed441db5e9c4b4d5d2c4cb8a39,660f0ec,0.1.0,2026-05-25T18:35:28+00:00
1707864959,dirichlet_mrv_alpha2,0.6820113560917331,0.2829774693931845,0.03501117451508231,0.002,1.0,1.0,F12_default,a37b1d5dd14918e1795478d719ed4c2473049eed441db5e9c4b4d5d2c4cb8a39,660f0ec,0.1.0,2026-05-25T18:35:28+00:00
1835969963,dirichlet_mrv_alpha2,0.47792672744449355,0.2754850698689738,0.24658820268653256,0.002,0.9999999999999999,0.9999999999999998,F12_default,a37b1d5dd14918e1795478d719ed4c2473049eed441db5e9c4b4d5d2c4cb8a39,660f0ec,0.1.0,2026-05-25T18:35:28+00:00
3332377681,dirichlet_mrv_alpha2,0.29625637337022653,0.3243956387554327,0.3793479878743408,0.002,1.0,1.0,F12_default,a37b1d5dd14918e1795478d719ed4c2473049eed441db5e9c4b4d5d2c4cb8a39,660f0ec,0.1.0,2026-05-25T18:35:28+00:00
602967842,dirichlet_mrv_alpha2,0.38345413047973687,0.556834839746309,0.059711029773954045,0.002,0.9999999999999999,0.9999999999999998,F12_default,a37b1d5dd14918e1795478d719ed4c2473049eed441db5e9c4b4d5d2c4cb8a39,660f0ec,0.1.0,2026-05-25T18:35:28+00:00
1592115754,dirichlet_mrv_alpha2,0.13465292269535728,0.6145076246260535,0.25083945267858915,0.002,0.9999999999999998,0.9999999999999996,F12_default,a37b1d5dd14918e1795478d719ed4c2473049eed441db5e9c4b4d5d2c4cb8a39,660f0ec,0.1.0,2026-05-25T18:35:28+00:00
13822962,dirichlet_mrv_alpha2,0.23651357852404753,0.4797326252343005,0.28375379624165203,0.002,1.0,1.0,F12_default,a37b1d5dd14918e1795478d719ed4c2473049eed441db5e9c4b4d5d2c4cb8a39,660f0ec,0.1.0,2026-05-25T18:35:28+00:00
3053219082,dirichlet_mrv_alpha2,0.11946293718691113,0.01203718822850335,0.8684998745845856,0.002,1.0,1.0,F12_default,a37b1d5dd14918e1795478d719ed4c2473049eed441db5e9c4b4d5d2c4cb8a39,660f0ec,0.1.0,2026-05-25T18:35:28+00:00
3612961168,dirichlet_mrv_alpha2,0.07963904466049185,0.4156330575421049,0.5047278977974032,0.002,1.0,1.0,F12_default,a37b1d5dd14918e1795478d719ed4c2473049eed441db5e9c4b4d5d2c4cb8a39,660f0ec,0.1.0,2026-05-25T18:35:28+00:00
61350198,dirichlet_mrv_alpha2,0.5947273401520098,0.3067789078437022,0.0984937520042881,0.002,1.0,1.0,F12_default,a37b1d5dd14918e1795478d719ed4c2473049eed441db5e9c4b4d5d2c4cb8a39,660f0ec,0.1.0,2026-05-25T18:35:28+00:00
45485884,dirichlet_mrv_alpha2,0.26567323024453543,0.6291452783779797,0.10518149137748489,0.002,1.0,1.0,F12_default,a37b1d5dd14918e1795478d719ed4c2473049eed441db5e9c4b4d5d2c4cb8a39,660f0ec,0.1.0,2026-05-25T18:35:28+00:00
1630733204,dirichlet_mrv_alpha2,0.17300412263522955,0.4143768883246596,0.41261898904011096,0.002,1.0,1.0,F12_default,a37b1d5dd14918e1795478d719ed4c2473049eed441db5e9c4b4d5d2c4cb8a39,660f0ec,0.1.0,2026-05-25T18:35:28+00:00
3766052357,dirichlet_mrv_alpha2,0.5860497828489541,0.23758650006213203,0.17636371708891393,0.002,1.0,1.0,F12_default,a37b1d5dd14918e1795478d719ed4c2473049eed441db5e9c4b4d5d2c4cb8a39,660f0ec,0.1.0,2026-05-25T18:35:28+00:00
3202210508,dirichlet_mrv_alpha2,0.4245040458512292,0.238921750263263,0.3365742038855077,0.002,1.0,1.0,F12_default,a37b1d5dd14918e1795478d719ed4c2473049eed441db5e9c4b4d5d2c4cb8a39,660f0ec,0.1.0,2026-05-25T18:35:28+00:00
302481230,dirichlet_mrv_alpha2,0.5486623425805286,0.20478811414714646,0.24654954327232506,0.002,1.0000000000000002,1.0000000000000004,F12_default,a37b1d5dd14918e1795478d719ed4c2473049eed441db5e9c4b4d5d2c4cb8a39,660f0ec,0.1.0,2026-05-25T18:35:28+00:00
1070504190,dirichlet_mrv_alpha2,0.25152142923028487,0.6023201153912164,0.1461584553784987,0.002,1.0,1.0,F12_default,a37b1d5dd14918e1795478d719ed4c2473049eed441db5e9c4b4d5d2c4cb8a39,660f0ec,0.1.0,2026-05-25T18:35:28+00:00
2782395084,dirichlet_mrv_alpha2,0.1539098012277697,0.43934218053573104,0.40674801823649925,0.002,1.0,1.0,F12_default,a37b1d5dd14918e1795478d719ed4c2473049eed441db5e9c4b4d5d2c4cb8a39,660f0ec,0.1.0,2026-05-25T18:35:28+00:00
3460285484,dirichlet_mrv_alpha2,0.02152604190673975,0.6663016247787097,0.3121723333145506,0.002,1.0,1.0,F12_default,a37b1d5dd14918e1795478d719ed4c2473049eed441db5e9c4b4d5d2c4cb8a39,660f0ec,0.1.0,2026-05-25T18:35:28+00:00
4277462388,dirichlet_mrv_alpha2,0.20459439669994678,0.5962563309294074,0.1991492723706458,0.002,1.0,1.0,F12_default,a37b1d5dd14918e1795478d719ed4c2473049eed441db5e9c4b4d5d2c4cb8a39,660f0ec,0.1.0,2026-05-25T18:35:28+00:00
3126490339,dirichlet_mrv_alpha2,0.5562804243560594,0.3511046848658871,0.09261489077805349,0.002,1.0,1.0,F12_default,a37b1d5dd14918e1795478d719ed4c2473049eed441db5e9c4b4d5d2c4cb8a39,660f0ec,0.1.0,2026-05-25T18:35:28+00:00
3153205140,dirichlet_mrv_alpha2,0.3296691176932101,0.4881789923878238,0.18215188991896603,0.002,1.0,1.0,F12_default,a37b1d5dd14918e1795478d719ed4c2473049eed441db5e9c4b4d5d2c4cb8a39,660f0ec,0.1.0,2026-05-25T18:35:28+00:00
580124731,dirichlet_mrv_alpha2,0.4466677514093088,0.06845861947690428,0.4848736291137869,0.002,1.0,1.0,F12_default,a37b1d5dd14918e1795478d719ed4c2473049eed441db5e9c4b4d5d2c4cb8a39,660f0ec,0.1.0,2026-05-25T18:35:28+00:00
3384139176,dirichlet_mrv_alpha2,0.22532075291386583,0.110184092649974,0.6644951544361601,0.002,1.0,1.0,F12_default,a37b1d5dd14918e1795478d719ed4c2473049eed441db5e9c4b4d5d2c4cb8a39,660f0ec,0.1.0,2026-05-25T18:35:28+00:00
3300461367,dirichlet_mrv_alpha2,0.30852617607111826,0.5178335707025036,0.17364025322637813,0.002,1.0,1.0,F12_default,a37b1d5dd14918e1795478d719ed4c2473049eed441db5e9c4b4d5d2c4cb8a39,660f0ec,0.1.0,2026-05-25T18:35:28+00:00
124147060,dirichlet_mrv_alpha2,0.2111081645754142,0.233418019703046,0.55547381572154,0.002,1.0000000000000002,1.0000000000000004,F12_default,a37b1d5dd14918e1795478d719ed4c2473049eed441db5e9c4b4d5d2c4cb8a39,660f0ec,0.1.0,2026-05-25T18:35:28+00:00
3577703470,dirichlet_mrv_alpha2,0.5030755310474396,0.1200540283586162,0.37687044059394426,0.002,1.0,1.0,F12_default,a37b1d5dd14918e1795478d719ed4c2473049eed441db5e9c4b4d5d2c4cb8a39,660f0ec,0.1.0,2026-05-25T18:35:28+00:00
981166408,dirichlet_mrv_alpha2,0.09719687337921637,0.15028380687963747,0.7525193197411463,0.002,1.0,1.0,F12_default,a37b1d5dd14918e1795478d719ed4c2473049eed441db5e9c4b4d5d2c4cb8a39,660f0ec,0.1.0,2026-05-25T18:35:28+00:00
2449328696,dirichlet_mrv_alpha2,0.7369388243770015,0.02803858608810508,0.23502258953489336,0.002,1.0,1.0,F12_default,a37b1d5dd14918e1795478d719ed4c2473049eed441db5e9c4b4d5d2c4cb8a39,660f0ec,0.1.0,2026-05-25T18:35:28+00:00
2168989718,dirichlet_mrv_alpha2,0.31317677666704474,0.45958022091270184,0.2272430024202535,0.002,1.0,1.0,F12_default,a37b1d5dd14918e1795478d719ed4c2473049eed441db5e9c4b4d5d2c4cb8a39,660f0ec,0.1.0,2026-05-25T18:35:28+00:00
1543487211,dirichlet_mrv_alpha2,0.7322893283027879,0.05163086507273586,0.2160798066244762,0.002,1.0,1.0,F12_default,a37b1d5dd14918e1795478d719ed4c2473049eed441db5e9c4b4d5d2c4cb8a39,660f0ec,0.1.0,2026-05-25T18:35:28+00:00
535940803,dirichlet_mrv_alpha2,0.20555783672701336,0.4882333826356574,0.30620878063732926,0.002,1.0,1.0,F12_default,a37b1d5dd14918e1795478d719ed4c2473049eed441db5e9c4b4d5d2c4cb8a39,660f0ec,0.1.0,2026-05-25T18:35:28+00:00
3416496346,dirichlet_mrv_alpha2,0.016558589306412814,0.5995167587592989,0.3839246519342883,0.002,1.0,1.0,F12_default,a37b1d5dd14918e1795478d719ed4c2473049eed441db5e9c4b4d5d2c4cb8a39,660f0ec,0.1.0,2026-05-25T18:35:28+00:00
422179540,dirichlet_mrv_alpha2,0.5621391590167679,0.18495504796841125,0.25290579301482086,0.002,1.0,1.0,F12_default,a37b1d5dd14918e1795478d719ed4c2473049eed441db5e9c4b4d5d2c4cb8a39,660f0ec,0.1.0,2026-05-25T18:35:28+00:00
3619523929,dirichlet_mrv_alpha2,0.48262074436275,0.08783399620770173,0.4295452594295483,0.002,1.0,1.0,F12_default,a37b1d5dd14918e1795478d719ed4c2473049eed441db5e9c4b4d5d2c4cb8a39,660f0ec,0.1.0,2026-05-25T18:35:28+00:00
2353987407,dirichlet_mrv_alpha2,0.7633451078953585,0.1754989290637514,0.06115596304089012,0.002,1.0,1.0,F12_default,a37b1d5dd14918e1795478d719ed4c2473049eed441db5e9c4b4d5d2c4cb8a39,660f0ec,0.1.0,2026-05-25T18:35:28+00:00
593377299,dirichlet_mrv_alpha2,0.2010817431206804,0.6397476623850639,0.1591705944942557,0.002,1.0,1.0,F12_default,a37b1d5dd14918e1795478d719ed4c2473049eed441db5e9c4b4d5d2c4cb8a39,660f0ec,0.1.0,2026-05-25T18:35:28+00:00
1011157337,dirichlet_mrv_alpha2,0.2890977539128021,0.4858680427689007,0.22503420331829713,0.002,1.0,1.0,F12_default,a37b1d5dd14918e1795478d719ed4c2473049eed441db5e9c4b4d5d2c4cb8a39,660f0ec,0.1.0,2026-05-25T18:35:28+00:00
2369817544,dirichlet_mrv_alpha2,0.13801734155306977,0.4122422047786733,0.44974045366825705,0.002,1.0,1.0,F12_default,a37b1d5dd14918e1795478d719ed4c2473049eed441db5e9c4b4d5d2c4cb8a39,660f0ec,0.1.0,2026-05-25T18:35:28+00:00
133055098,dirichlet_mrv_alpha2,0.26084034094672026,0.6347074119567808,0.10445224709649882,0.002,0.9999999999999999,0.9999999999999998,F12_default,a37b1d5dd14918e1795478d719ed4c2473049eed441db5e9c4b4d5d2c4cb8a39,660f0ec,0.1.0,2026-05-25T18:35:28+00:00
2117529787,dirichlet_mrv_alpha2,0.8057066751481438,0.04781856148816463,0.14647476336369167,0.002,1.0,1.0,F12_default,a37b1d5dd14918e1795478d719ed4c2473049eed441db5e9c4b4d5d2c4cb8a39,660f0ec,0.1.0,2026-05-25T18:35:28+00:00
2821874100,dirichlet_mrv_alpha2,0.15848513067489906,0.29124505417810326,0.5502698151469976,0.002,0.9999999999999999,0.9999999999999998,F12_default,a37b1d5dd14918e1795478d719ed4c2473049eed441db5e9c4b4d5d2c4cb8a39,660f0ec,0.1.0,2026-05-25T18:35:28+00:00
984089026,dirichlet_mrv_alpha2,0.057138221484757605,0.29076310232015246,0.65209867619509,0.002,1.0,1.0,F12_default,a37b1d5dd14918e1795478d719ed4c2473049eed441db5e9c4b4d5d2c4cb8a39,660f0ec,0.1.0,2026-05-25T18:35:28+00:00
517922468,dirichlet_mrv_alpha2,0.33468121264738837,0.5302248773783017,0.13509390997430998,0.002,1.0,1.0,F12_default,a37b1d5dd14918e1795478d719ed4c2473049eed441db5e9c4b4d5d2c4cb8a39,660f0ec,0.1.0,2026-05-25T18:35:28+00:00
2733936223,dirichlet_mrv_alpha2,0.40095794741496327,0.04766154842077118,0.5513805041642655,0.002,1.0,1.0,F12_default,a37b1d5dd14918e1795478d719ed4c2473049eed441db5e9c4b4d5d2c4cb8a39,660f0ec,0.1.0,2026-05-25T18:35:28+00:00
163970412,dirichlet_mrv_alpha2,0.4062509268590461,0.19912063280155923,0.39462844033939454,0.002,0.9999999999999998,0.9999999999999996,F12_default,a37b1d5dd14918e1795478d719ed4c2473049eed441db5e9c4b4d5d2c4cb8a39,660f0ec,0.1.0,2026-05-25T18:35:28+00:00
1964648759,dirichlet_mrv_alpha2,0.1828913900614881,0.09629695127413221,0.7208116586643797,0.002,1.0,1.0,F12_default,a37b1d5dd14918e1795478d719ed4c2473049eed441db5e9c4b4d5d2c4cb8a39,660f0ec,0.1.0,2026-05-25T18:35:28+00:00
1362067857,dirichlet_mrv_alpha2,0.25831758345300493,0.32262230452404655,0.4190601120229486,0.002,1.0000000000000002,1.0000000000000004,F12_default,a37b1d5dd14918e1795478d719ed4c2473049eed441db5e9c4b4d5d2c4cb8a39,660f0ec,0.1.0,2026-05-25T18:35:28+00:00
562263698,dirichlet_mrv_alpha2,0.5942477062401941,0.05671665573550596,0.3490356380242999,0.002,1.0,1.0,F12_default,a37b1d5dd14918e1795478d719ed4c2473049eed441db5e9c4b4d5d2c4cb8a39,660f0ec,0.1.0,2026-05-25T18:35:28+00:00
1622561254,dirichlet_mrv_alpha2,0.4993624042193799,0.1307747953244466,0.36986280045617353,0.002,1.0,1.0,F12_default,a37b1d5dd14918e1795478d719ed4c2473049eed441db5e9c4b4d5d2c4cb8a39,660f0ec,0.1.0,2026-05-25T18:35:28+00:00
3022884577,dirichlet_mrv_alpha2,0.5384890506265523,0.12729368287242288,0.33421726650102496,0.002,1.0000000000000002,1.0000000000000004,F12_default,a37b1d5dd14918e1795478d719ed4c2473049eed441db5e9c4b4d5d2c4cb8a39,660f0ec,0.1.0,2026-05-25T18:35:28+00:00
1077488194,dirichlet_mrv_alpha2,0.21924414709833787,0.38404034541585386,0.3967155074858083,0.002,1.0,1.0,F12_default,a37b1d5dd14918e1795478d719ed4c2473049eed441db5e9c4b4d5d2c4cb8a39,660f0ec,0.1.0,2026-05-25T18:35:28+00:00
2279923800,dirichlet_mrv_alpha2,0.5850388112294307,0.10235809283981859,0.31260309593075086,0.002,1.0,1.0,F12_default,a37b1d5dd14918e1795478d719ed4c2473049eed441db5e9c4b4d5d2c4cb8a39,660f0ec,0.1.0,2026-05-25T18:35:28+00:00
2838322404,dirichlet_mrv_alpha2,0.5287013272728346,0.12022581992372927,0.35107285280343614,0.002,1.0,1.0,F12_default,a37b1d5dd14918e1795478d719ed4c2473049eed441db5e9c4b4d5d2c4cb8a39,660f0ec,0.1.0,2026-05-25T18:35:28+00:00
2049166980,dirichlet_mrv_alpha2,0.4008363623415705,0.23825223653672029,0.3609114011217091,0.002,1.0,1.0,F12_default,a37b1d5dd14918e1795478d719ed4c2473049eed441db5e9c4b4d5d2c4cb8a39,660f0ec,0.1.0,2026-05-25T18:35:28+00:00
3402063159,dirichlet_mrv_alpha2,0.10701860260929971,0.6739207086810849,0.2190606887096154,0.002,1.0,1.0,F12_default,a37b1d5dd14918e1795478d719ed4c2473049eed441db5e9c4b4d5d2c4cb8a39,660f0ec,0.1.0,2026-05-25T18:35:28+00:00
1981908625,dirichlet_mrv_alpha2,0.7306924345890853,0.09950822022924082,0.16979934518167394,0.002,1.0,1.0,F12_default,a37b1d5dd14918e1795478d719ed4c2473049eed441db5e9c4b4d5d2c4cb8a39,660f0ec,0.1.0,2026-05-25T18:35:28+00:00
3054802399,dirichlet_mrv_alpha2,0.46703925394442297,0.20288255073448005,0.33007819532109695,0.002,1.0,1.0,F12_default,a37b1d5dd14918e1795478d719ed4c2473049eed441db5e9c4b4d5d2c4cb8a39,660f0ec,0.1.0,2026-05-25T18:35:28+00:00
1745091470,dirichlet_mrv_alpha2,0.37890394774429226,0.2672034051310441,0.3538926471246636,0.002,1.0,1.0,F12_default,a37b1d5dd14918e1795478d719ed4c2473049eed441db5e9c4b4d5d2c4cb8a39,660f0ec,0.1.0,2026-05-25T18:35:28+00:00
2142171137,dirichlet_mrv_alpha2,0.8793537729156826,0.11471290836260939,0.005933318721707927,0.002,0.9999999999999999,0.9999999999999998,F12_default,a37b1d5dd14918e1795478d719ed4c2473049eed441db5e9c4b4d5d2c4cb8a39,660f0ec,0.1.0,2026-05-25T18:35:28+00:00
2427092549,dirichlet_mrv_alpha2,0.037172714852742025,0.14421192544512484,0.8186153597021332,0.002,1.0,1.0,F12_default,a37b1d5dd14918e1795478d719ed4c2473049eed441db5e9c4b4d5d2c4cb8a39,660f0ec,0.1.0,2026-05-25T18:35:28+00:00
667138558,dirichlet_mrv_alpha2,0.6070487937416901,0.18054768928862705,0.21240351696968285,0.002,1.0,1.0,F12_default,a37b1d5dd14918e1795478d719ed4c2473049eed441db5e9c4b4d5d2c4cb8a39,660f0ec,0.1.0,2026-05-25T18:35:28+00:00
231003048,dirichlet_mrv_alpha2,0.09265846556528802,0.7417764708481785,0.16556506358653345,0.002,1.0,1.0,F12_default,a37b1d5dd14918e1795478d719ed4c2473049eed441db5e9c4b4d5d2c4cb8a39,660f0ec,0.1.0,2026-05-25T18:35:28+00:00
2708207520,dirichlet_mrv_alpha2,0.5859758538754248,0.08658977852797425,0.32743436759660083,0.002,0.9999999999999999,0.9999999999999998,F12_default,a37b1d5dd14918e1795478d719ed4c2473049eed441db5e9c4b4d5d2c4cb8a39,660f0ec,0.1.0,2026-05-25T18:35:28+00:00
3733112836,dirichlet_mrv_alpha2,0.09406953807130093,0.4558400784927649,0.45009038343593405,0.002,1.0,1.0,F12_default,a37b1d5dd14918e1795478d719ed4c2473049eed441db5e9c4b4d5d2c4cb8a39,660f0ec,0.1.0,2026-05-25T18:35:28+00:00
2292840405,dirichlet_mrv_alpha2,0.17283604152757168,0.3396960641261298,0.4874678943462985,0.002,1.0,1.0,F12_default,a37b1d5dd14918e1795478d719ed4c2473049eed441db5e9c4b4d5d2c4cb8a39,660f0ec,0.1.0,2026-05-25T18:35:28+00:00
787907076,dirichlet_mrv_alpha2,0.3424789903085925,0.602255423010422,0.0552655866809854,0.002,0.9999999999999999,0.9999999999999998,F12_default,a37b1d5dd14918e1795478d719ed4c2473049eed441db5e9c4b4d5d2c4cb8a39,660f0ec,0.1.0,2026-05-25T18:35:28+00:00
259762273,dirichlet_mrv_alpha2,0.36349550922027535,0.11321006925058784,0.5232944215291369,0.002,1.0,1.0,F12_default,a37b1d5dd14918e1795478d719ed4c2473049eed441db5e9c4b4d5d2c4cb8a39,660f0ec,0.1.0,2026-05-25T18:35:28+00:00
3717534580,dirichlet_mrv_alpha2,0.5486908870831461,0.11306865803399099,0.338240454882863,0.002,1.0,1.0,F12_default,a37b1d5dd14918e1795478d719ed4c2473049eed441db5e9c4b4d5d2c4cb8a39,660f0ec,0.1.0,2026-05-25T18:35:28+00:00
3950887449,dirichlet_mrv_alpha2,0.8688078281612807,0.03253678789531928,0.09865538394339995,0.002,1.0,1.0,F12_default,a37b1d5dd14918e1795478d719ed4c2473049eed441db5e9c4b4d5d2c4cb8a39,660f0ec,0.1.0,2026-05-25T18:35:28+00:00
3643562014,dirichlet_mrv_alpha2,0.12762429733826328,0.4699601248325161,0.40241557782922055,0.002,0.9999999999999999,0.9999999999999998,F12_default,a37b1d5dd14918e1795478d719ed4c2473049eed441db5e9c4b4d5d2c4cb8a39,660f0ec,0.1.0,2026-05-25T18:35:28+00:00
18938249,dirichlet_mrv_alpha2,0.2627116123542653,0.4267221464659248,0.31056624117980985,0.002,1.0,1.0,F12_default,a37b1d5dd14918e1795478d719ed4c2473049eed441db5e9c4b4d5d2c4cb8a39,660f0ec,0.1.0,2026-05-25T18:35:28+00:00
1382834318,dirichlet_mrv_alpha2,0.09747992854352408,0.5123316328236825,0.39018843863279334,0.002,1.0,1.0,F12_default,a37b1d5dd14918e1795478d719ed4c2473049eed441db5e9c4b4d5d2c4cb8a39,660f0ec,0.1.0,2026-05-25T18:35:28+00:00
2207644197,dirichlet_mrv_alpha2,0.31819013219058245,0.6432421059772995,0.03856776183211795,0.002,0.9999999999999999,0.9999999999999998,F12_default,a37b1d5dd14918e1795478d719ed4c2473049eed441db5e9c4b4d5d2c4cb8a39,660f0ec,0.1.0,2026-05-25T18:35:28+00:00
4209384079,dirichlet_mrv_alpha2,0.4963384322061697,0.23736497358656966,0.2662965942072607,0.002,1.0,1.0,F12_default,a37b1d5dd14918e1795478d719ed4c2473049eed441db5e9c4b4d5d2c4cb8a39,660f0ec,0.1.0,2026-05-25T18:35:28+00:00
650116399,dirichlet_mrv_alpha2,0.5004409169432563,0.4381953742433104,0.06136370881343337,0.002,1.0,1.0,F12_default,a37b1d5dd14918e1795478d719ed4c2473049eed441db5e9c4b4d5d2c4cb8a39,660f0ec,0.1.0,2026-05-25T18:35:28+00:00
3866315613,dirichlet_mrv_alpha2,0.17467707530496415,0.3977109640068255,0.42761196068821045,0.002,1.0,1.0,F12_default,a37b1d5dd14918e1795478d719ed4c2473049eed441db5e9c4b4d5d2c4cb8a39,660f0ec,0.1.0,2026-05-25T18:35:28+00:00
3576687521,dirichlet_mrv_alpha2,0.5022283389714282,0.16945125900633767,0.32832040202223417,0.002,1.0,1.0,F12_default,a37b1d5dd14918e1795478d719ed4c2473049eed441db5e9c4b4d5d2c4cb8a39,660f0ec,0.1.0,2026-05-25T18:35:28+00:00
1340203440,dirichlet_mrv_alpha2,0.17865156445198185,0.5780060588530747,0.2433423766949435,0.002,1.0,1.0,F12_default,a37b1d5dd14918e1795478d719ed4c2473049eed441db5e9c4b4d5d2c4cb8a39,660f0ec,0.1.0,2026-05-25T18:35:28+00:00
2026503258,dirichlet_mrv_alpha2,0.09987867547387369,0.487459332361865,0.4126619921642613,0.002,1.0,1.0,F12_default,a37b1d5dd14918e1795478d719ed4c2473049eed441db5e9c4b4d5d2c4cb8a39,660f0ec,0.1.0,2026-05-25T18:35:28+00:00
3024822290,dirichlet_mrv_alpha2,0.9367654355723956,0.05179653929435351,0.011438025133250896,0.002,0.9999999999999999,0.9999999999999998,F12_default,a37b1d5dd14918e1795478d719ed4c2473049eed441db5e9c4b4d5d2c4cb8a39,660f0ec,0.1.0,2026-05-25T18:35:28+00:00
1708606134,dirichlet_mrv_alpha2,0.08740923478195065,0.457001523057962,0.45558924216008734,0.002,1.0,1.0,F12_default,a37b1d5dd14918e1795478d719ed4c2473049eed441db5e9c4b4d5d2c4cb8a39,660f0ec,0.1.0,2026-05-25T18:35:28+00:00
3735375988,dirichlet_mrv_alpha2,0.021602215678807653,0.821038540719275,0.1573592436019175,0.002,1.0,1.0,F12_default,a37b1d5dd14918e1795478d719ed4c2473049eed441db5e9c4b4d5d2c4cb8a39,660f0ec,0.1.0,2026-05-25T18:35:28+00:00
1781177882,dirichlet_mrv_alpha2,0.5126448762674309,0.3285105980392311,0.15884452569333787,0.002,0.9999999999999999,0.9999999999999998,F12_default,a37b1d5dd14918e1795478d719ed4c2473049eed441db5e9c4b4d5d2c4cb8a39,660f0ec,0.1.0,2026-05-25T18:35:28+00:00
1721961672,dirichlet_mrv_alpha2,0.2977811736112186,0.18147073007126666,0.5207480963175148,0.002,1.0,1.0,F12_default,a37b1d5dd14918e1795478d719ed4c2473049eed441db5e9c4b4d5d2c4cb8a39,660f0ec,0.1.0,2026-05-25T18:35:28+00:00
3789774993,dirichlet_mrv_alpha2,0.2942661908459869,0.054929101420367915,0.6508047077336453,0.002,1.0,1.0,F12_default,a37b1d5dd14918e1795478d719ed4c2473049eed441db5e9c4b4d5d2c4cb8a39,660f0ec,0.1.0,2026-05-25T18:35:28+00:00
2238659966,dirichlet_mrv_alpha2,0.08907639288575658,0.7212739331567694,0.18964967395747415,0.002,1.0000000000000002,1.0000000000000004,F12_default,a37b1d5dd14918e1795478d719ed4c2473049eed441db5e9c4b4d5d2c4cb8a39,660f0ec,0.1.0,2026-05-25T18:35:28+00:00
1032187382,dirichlet_mrv_alpha2,0.3453353607468255,0.03144937213979397,0.6232152671133805,0.002,1.0,1.0,F12_default,a37b1d5dd14918e1795478d719ed4c2473049eed441db5e9c4b4d5d2c4cb8a39,660f0ec,0.1.0,2026-05-25T18:35:28+00:00
813045192,dirichlet_mrv_alpha2,0.18212531849717892,0.07493868565416957,0.7429359958486514,0.002,1.0,1.0,F12_default,a37b1d5dd14918e1795478d719ed4c2473049eed441db5e9c4b4d5d2c4cb8a39,660f0ec,0.1.0,2026-05-25T18:35:28+00:00
692734789,dirichlet_mrv_alpha2,0.17096924371012492,0.4794418607630464,0.3495888955268287,0.002,1.0,1.0,F12_default,a37b1d5dd14918e1795478d719ed4c2473049eed441db5e9c4b4d5d2c4cb8a39,660f0ec,0.1.0,2026-05-25T18:35:28+00:00
3238005870,dirichlet_mrv_alpha2,0.376360720399511,0.2874399212831201,0.33619935831736886,0.002,1.0,1.0,F12_default,a37b1d5dd14918e1795478d719ed4c2473049eed441db5e9c4b4d5d2c4cb8a39,660f0ec,0.1.0,2026-05-25T18:35:28+00:00
943426087,dirichlet_mrv_alpha2,0.20633354326955014,0.30737665878352255,0.48628979794692745,0.002,1.0000000000000002,1.0000000000000004,F12_default,a37b1d5dd14918e1795478d719ed4c2473049eed441db5e9c4b4d5d2c4cb8a39,660f0ec,0.1.0,2026-05-25T18:35:28+00:00
4021932634,dirichlet_mrv_alpha2,0.09222139810979399,0.7553724791139875,0.1524061227762184,0.002,1.0,1.0,F12_default,a37b1d5dd14918e1795478d719ed4c2473049eed441db5e9c4b4d5d2c4cb8a39,660f0ec,0.1.0,2026-05-25T18:35:28+00:00
3406465834,dirichlet_mrv_alpha2,0.18345519385571554,0.0813936862098748,0.7351511199344097,0.002,1.0,1.0,F12_default,a37b1d5dd14918e1795478d719ed4c2473049eed441db5e9c4b4d5d2c4cb8a39,660f0ec,0.1.0,2026-05-25T18:35:28+00:00
2663953626,dirichlet_mrv_alpha2,0.3758723693511599,0.4735628760360902,0.1505647546127498,0.002,0.9999999999999999,0.9999999999999998,F12_default,a37b1d5dd14918e1795478d719ed4c2473049eed441db5e9c4b4d5d2c4cb8a39,660f0ec,0.1.0,2026-05-25T18:35:28+00:00
1772115012,dirichlet_mrv_alpha2,0.07525686544394496,0.1369988843381919,0.7877442502178631,0.002,1.0,1.0,F12_default,a37b1d5dd14918e1795478d719ed4c2473049eed441db5e9c4b4d5d2c4cb8a39,660f0ec,0.1.0,2026-05-25T18:35:28+00:00
2435722367,dirichlet_mrv_alpha2,0.620523218507335,0.09083086078139857,0.2886459207112663,0.002,1.0,1.0,F12_default,a37b1d5dd14918e1795478d719ed4c2473049eed441db5e9c4b4d5d2c4cb8a39,660f0ec,0.1.0,2026-05-25T18:35:28+00:00
1842081311,dirichlet_mrv_alpha2,0.7429829426990819,0.037796879160662024,0.2192201781402561,0.002,1.0,1.0,F12_default,a37b1d5dd14918e1795478d719ed4c2473049eed441db5e9c4b4d5d2c4cb8a39,660f0ec,0.1.0,2026-05-25T18:35:28+00:00
1506009707,dirichlet_mrv_alpha2,0.00946645499082557,0.3420289334344115,0.648504611574763,0.002,1.0,1.0,F12_default,a37b1d5dd14918e1795478d719ed4c2473049eed441db5e9c4b4d5d2c4cb8a39,660f0ec,0.1.0,2026-05-25T18:35:28+00:00
3048554279,dirichlet_mrv_alpha2,0.6990659071651172,0.15861383192694775,0.14232026090793504,0.002,1.0,1.0,F12_default,a37b1d5dd14918e1795478d719ed4c2473049eed441db5e9c4b4d5d2c4cb8a39,660f0ec,0.1.0,2026-05-25T18:35:28+00:00
2906112287,dirichlet_mrv_alpha2,0.20979161161507606,0.38420858672735514,0.40599980165756877,0.002,1.0,1.0,F12_default,a37b1d5dd14918e1795478d719ed4c2473049eed441db5e9c4b4d5d2c4cb8a39,660f0ec,0.1.0,2026-05-25T18:35:28+00:00
3199735957,dirichlet_mrv_alpha2,0.09502984334967232,0.0968583948306189,0.8081117618197088,0.002,1.0,1.0,F12_default,a37b1d5dd14918e1795478d719ed4c2473049eed441db5e9c4b4d5d2c4cb8a39,660f0ec,0.1.0,2026-05-25T18:35:28+00:00
3626939105,dirichlet_mrv_alpha2,0.4275920934737047,0.17297895313399006,0.3994289533923052,0.002,1.0,1.0,F12_default,a37b1d5dd14918e1795478d719ed4c2473049eed441db5e9c4b4d5d2c4cb8a39,660f0ec,0.1.0,2026-05-25T18:35:28+00:00
1447042230,dirichlet_mrv_alpha2,0.6221280461476908,0.25410399715029797,0.12376795670201114,0.002,0.9999999999999999,0.9999999999999998,F12_default,a37b1d5dd14918e1795478d719ed4c2473049eed441db5e9c4b4d5d2c4cb8a39,660f0ec,0.1.0,2026-05-25T18:35:28+00:00
2457032627,dirichlet_mrv_alpha2,0.09418536710992989,0.5202775937172917,0.38553703917277843,0.002,1.0,1.0,F12_default,a37b1d5dd14918e1795478d719ed4c2473049eed441db5e9c4b4d5d2c4cb8a39,660f0ec,0.1.0,2026-05-25T18:35:28+00:00
3480903032,dirichlet_mrv_alpha2,0.2832402728313633,0.0791824495927257,0.6375772775759111,0.002,1.0,1.0,F12_default,a37b1d5dd14918e1795478d719ed4c2473049eed441db5e9c4b4d5d2c4cb8a39,660f0ec,0.1.0,2026-05-25T18:35:28+00:00
45457618,dirichlet_mrv_alpha2,0.1723570517472015,0.23396488969260737,0.5936780585601911,0.002,1.0,1.0,F12_default,a37b1d5dd14918e1795478d719ed4c2473049eed441db5e9c4b4d5d2c4cb8a39,660f0ec,0.1.0,2026-05-25T18:35:28+00:00
482474971,dirichlet_mrv_alpha2,0.1370002144340413,0.22040866137114373,0.6425911241948149,0.002,1.0,1.0,F12_default,a37b1d5dd14918e1795478d719ed4c2473049eed441db5e9c4b4d5d2c4cb8a39,660f0ec,0.1.0,2026-05-25T18:35:28+00:00
1251931803,dirichlet_mrv_alpha2,0.44268555169789925,0.29749748389027997,0.25981696441182073,0.002,1.0,1.0,F12_default,a37b1d5dd14918e1795478d719ed4c2473049eed441db5e9c4b4d5d2c4cb8a39,660f0ec,0.1.0,2026-05-25T18:35:28+00:00
1556211467,dirichlet_mrv_alpha2,0.204658647274866,0.4336280922452926,0.36171326047984137,0.002,1.0,1.0,F12_default,a37b1d5dd14918e1795478d719ed4c2473049eed441db5e9c4b4d5d2c4cb8a39,660f0ec,0.1.0,2026-05-25T18:35:28+00:00
126467124,dirichlet_mrv_alpha2,0.6866421037934717,0.19464366738175498,0.11871422882477327,0.002,0.9999999999999999,0.9999999999999998,F12_default,a37b1d5dd14918e1795478d719ed4c2473049eed441db5e9c4b4d5d2c4cb8a39,660f0ec,0.1.0,2026-05-25T18:35:28+00:00
2713355452,dirichlet_mrv_alpha2,0.3375643514738872,0.08721356414904775,0.575222084377065,0.002,1.0,1.0,F12_default,a37b1d5dd14918e1795478d719ed4c2473049eed441db5e9c4b4d5d2c4cb8a39,660f0ec,0.1.0,2026-05-25T18:35:28+00:00
473294265,dirichlet_mrv_alpha2,0.18767164681646004,0.15353831621507089,0.6587900369684692,0.002,1.0,1.0,F12_default,a37b1d5dd14918e1795478d719ed4c2473049eed441db5e9c4b4d5d2c4cb8a39,660f0ec,0.1.0,2026-05-25T18:35:28+00:00
4224179538,dirichlet_mrv_alpha2,0.3001722032007506,0.1660819567536463,0.5337458400456031,0.002,1.0,1.0,F12_default,a37b1d5dd14918e1795478d719ed4c2473049eed441db5e9c4b4d5d2c4cb8a39,660f0ec,0.1.0,2026-05-25T18:35:28+00:00
2070653127,dirichlet_mrv_alpha2,0.22760211907996547,0.4014793132530026,0.3709185676670319,0.002,1.0,1.0,F12_default,a37b1d5dd14918e1795478d719ed4c2473049eed441db5e9c4b4d5d2c4cb8a39,660f0ec,0.1.0,2026-05-25T18:35:28+00:00
2305610436,dirichlet_mrv_alpha2,0.32733303172814693,0.2819255388801405,0.39074142939171264,0.002,1.0,1.0,F12_default,a37b1d5dd14918e1795478d719ed4c2473049eed441db5e9c4b4d5d2c4cb8a39,660f0ec,0.1.0,2026-05-25T18:35:28+00:00
1131729091,dirichlet_mrv_alpha2,0.49693640654912274,0.20665965124680372,0.29640394220407346,0.002,1.0,1.0,F12_default,a37b1d5dd14918e1795478d719ed4c2473049eed441db5e9c4b4d5d2c4cb8a39,660f0ec,0.1.0,2026-05-25T18:35:28+00:00
916590895,dirichlet_mrv_alpha2,0.5196783795124374,0.32853222951423255,0.15178939097333002,0.002,1.0,1.0,F12_default,a37b1d5dd14918e1795478d719ed4c2473049eed441db5e9c4b4d5d2c4cb8a39,660f0ec,0.1.0,2026-05-25T18:35:28+00:00
2659937483,dirichlet_mrv_alpha2,0.28569801890852736,0.24664617986791204,0.4676558012235606,0.002,1.0,1.0,F12_default,a37b1d5dd14918e1795478d719ed4c2473049eed441db5e9c4b4d5d2c4cb8a39,660f0ec,0.1.0,2026-05-25T18:35:28+00:00
112577504,dirichlet_mrv_alpha2,0.22310996983859901,0.14653384216048054,0.6303561880009203,0.002,0.9999999999999999,0.9999999999999998,F12_default,a37b1d5dd14918e1795478d719ed4c2473049eed441db5e9c4b4d5d2c4cb8a39,660f0ec,0.1.0,2026-05-25T18:35:28+00:00
2700382798,dirichlet_mrv_alpha2,0.1946703078264522,0.0896329530606922,0.7156967391128556,0.002,1.0,1.0,F12_default,a37b1d5dd14918e1795478d719ed4c2473049eed441db5e9c4b4d5d2c4cb8a39,660f0ec,0.1.0,2026-05-25T18:35:28+00:00
1820676242,dirichlet_mrv_alpha2,0.362236774448822,0.4944353347946491,0.14332789075652888,0.002,0.9999999999999999,0.9999999999999998,F12_default,a37b1d5dd14918e1795478d719ed4c2473049eed441db5e9c4b4d5d2c4cb8a39,660f0ec,0.1.0,2026-05-25T18:35:28+00:00
2474936967,dirichlet_mrv_alpha2,0.2817599904563091,0.16756729384095015,0.5506727157027408,0.002,1.0,1.0,F12_default,a37b1d5dd14918e1795478d719ed4c2473049eed441db5e9c4b4d5d2c4cb8a39,660f0ec,0.1.0,2026-05-25T18:35:28+00:00
3485179133,dirichlet_mrv_alpha2,0.23204810497992276,0.2694328252063479,0.49851906981372934,0.002,1.0,1.0,F12_default,a37b1d5dd14918e1795478d719ed4c2473049eed441db5e9c4b4d5d2c4cb8a39,660f0ec,0.1.0,2026-05-25T18:35:28+00:00
1522510817,dirichlet_mrv_alpha2,0.6054528595616685,0.1089230259747464,0.28562411446358504,0.002,0.9999999999999999,0.9999999999999998,F12_default,a37b1d5dd14918e1795478d719ed4c2473049eed441db5e9c4b4d5d2c4cb8a39,660f0ec,0.1.0,2026-05-25T18:35:28+00:00
751976314,dirichlet_mrv_alpha2,0.5004852598584382,0.3379100658512122,0.16160467429034966,0.002,1.0,1.0,F12_default,a37b1d5dd14918e1795478d719ed4c2473049eed441db5e9c4b4d5d2c4cb8a39,660f0ec,0.1.0,2026-05-25T18:35:28+00:00
1689692303,dirichlet_mrv_alpha2,0.09295729267264738,0.5423103158464249,0.36473239148092773,0.002,1.0,1.0,F12_default,a37b1d5dd14918e1795478d719ed4c2473049eed441db5e9c4b4d5d2c4cb8a39,660f0ec,0.1.0,2026-05-25T18:35:28+00:00
2854037020,dirichlet_mrv_alpha2,0.6248791936480087,0.07063717616504048,0.30448363018695085,0.002,1.0,1.0,F12_default,a37b1d5dd14918e1795478d719ed4c2473049eed441db5e9c4b4d5d2c4cb8a39,660f0ec,0.1.0,2026-05-25T18:35:28+00:00
3169112314,dirichlet_mrv_alpha2,0.45500929926511247,0.192310296696381,0.35268040403850653,0.002,1.0,1.0,F12_default,a37b1d5dd14918e1795478d719ed4c2473049eed441db5e9c4b4d5d2c4cb8a39,660f0ec,0.1.0,2026-05-25T18:35:28+00:00
512287565,dirichlet_mrv_alpha2,0.0634452535297435,0.7796352845523049,0.1569194619179516,0.002,1.0,1.0,F12_default,a37b1d5dd14918e1795478d719ed4c2473049eed441db5e9c4b4d5d2c4cb8a39,660f0ec,0.1.0,2026-05-25T18:35:28+00:00
497852571,dirichlet_mrv_alpha2,0.11585266509487614,0.7722971723794633,0.11185016252566049,0.002,0.9999999999999999,0.9999999999999998,F12_default,a37b1d5dd14918e1795478d719ed4c2473049eed441db5e9c4b4d5d2c4cb8a39,660f0ec,0.1.0,2026-05-25T18:35:28+00:00
2464456189,dirichlet_mrv_alpha2,0.5021209836474267,0.36593808681010087,0.13194092954247244,0.002,1.0,1.0,F12_default,a37b1d5dd14918e1795478d719ed4c2473049eed441db5e9c4b4d5d2c4cb8a39,660f0ec,0.1.0,2026-05-25T18:35:28+00:00
2124755159,dirichlet_mrv_alpha2,0.6699382792092946,0.2162250643816179,0.11383665640908748,0.002,1.0,1.0,F12_default,a37b1d5dd14918e1795478d719ed4c2473049eed441db5e9c4b4d5d2c4cb8a39,660f0ec,0.1.0,2026-05-25T18:35:28+00:00
3919336788,dirichlet_mrv_alpha2,0.5688114302535003,0.015142347403396426,0.4160462223431033,0.002,1.0,1.0,F12_default,a37b1d5dd14918e1795478d719ed4c2473049eed441db5e9c4b4d5d2c4cb8a39,660f0ec,0.1.0,2026-05-25T18:35:28+00:00
1829109781,dirichlet_mrv_alpha2,0.19210001616129696,0.008403116843215477,0.7994968669954876,0.002,1.0,1.0,F12_default,a37b1d5dd14918e1795478d719ed4c2473049eed441db5e9c4b4d5d2c4cb8a39,660f0ec,0.1.0,2026-05-25T18:35:28+00:00
328081542,dirichlet_mrv_alpha2,0.21981153225796962,0.253760016283007,0.5264284514590235,0.002,1.0,1.0,F12_default,a37b1d5dd14918e1795478d719ed4c2473049eed441db5e9c4b4d5d2c4cb8a39,660f0ec,0.1.0,2026-05-25T18:35:28+00:00
2781686650,dirichlet_mrv_alpha2,0.4705380005800274,0.4829726286552974,0.04648937076467515,0.002,1.0,1.0,F12_default,a37b1d5dd14918e1795478d719ed4c2473049eed441db5e9c4b4d5d2c4cb8a39,660f0ec,0.1.0,2026-05-25T18:35:28+00:00
2262899874,dirichlet_mrv_alpha2,0.4751045621333063,0.34220799951658115,0.18268743835011245,0.002,1.0,1.0,F12_default,a37b1d5dd14918e1795478d719ed4c2473049eed441db5e9c4b4d5d2c4cb8a39,660f0ec,0.1.0,2026-05-25T18:35:28+00:00
3722055581,dirichlet_mrv_alpha2,0.6330330483394606,0.09676900094314927,0.27019795071739017,0.002,1.0,1.0,F12_default,a37b1d5dd14918e1795478d719ed4c2473049eed441db5e9c4b4d5d2c4cb8a39,660f0ec,0.1.0,2026-05-25T18:35:28+00:00
3016689315,dirichlet_mrv_alpha2,0.8366212182821773,0.10212869323439576,0.061250088483426994,0.002,1.0,1.0,F12_default,a37b1d5dd14918e1795478d719ed4c2473049eed441db5e9c4b4d5d2c4cb8a39,660f0ec,0.1.0,2026-05-25T18:35:28+00:00
67054604,dirichlet_mrv_alpha2,0.23952724398787423,0.663415341537441,0.09705741447468468,0.002,0.9999999999999999,0.9999999999999998,F12_default,a37b1d5dd14918e1795478d719ed4c2473049eed441db5e9c4b4d5d2c4cb8a39,660f0ec,0.1.0,2026-05-25T18:35:28+00:00
4191392522,dirichlet_mrv_alpha2,0.4863016007946107,0.502261744531031,0.011436654674358252,0.002,1.0,1.0,F12_default,a37b1d5dd14918e1795478d719ed4c2473049eed441db5e9c4b4d5d2c4cb8a39,660f0ec,0.1.0,2026-05-25T18:35:28+00:00
1810276696,dirichlet_mrv_alpha2,0.37181706700613737,0.20592670390534362,0.42225622908851906,0.002,1.0,1.0,F12_default,a37b1d5dd14918e1795478d719ed4c2473049eed441db5e9c4b4d5d2c4cb8a39,660f0ec,0.1.0,2026-05-25T18:35:28+00:00
1328733007,dirichlet_mrv_alpha2,0.11224520276334128,0.5662612151363712,0.3214935821002875,0.002,1.0,1.0,F12_default,a37b1d5dd14918e1795478d719ed4c2473049eed441db5e9c4b4d5d2c4cb8a39,660f0ec,0.1.0,2026-05-25T18:35:28+00:00
3804092982,dirichlet_mrv_alpha2,0.3907705172696734,0.24758779629318914,0.3616416864371375,0.002,1.0,1.0,F12_default,a37b1d5dd14918e1795478d719ed4c2473049eed441db5e9c4b4d5d2c4cb8a39,660f0ec,0.1.0,2026-05-25T18:35:28+00:00
2928314987,dirichlet_mrv_alpha2,0.381843790716859,0.5714818361325035,0.04667437315063752,0.002,0.9999999999999999,0.9999999999999998,F12_default,a37b1d5dd14918e1795478d719ed4c2473049eed441db5e9c4b4d5d2c4cb8a39,660f0ec,0.1.0,2026-05-25T18:35:28+00:00
570297470,dirichlet_mrv_alpha2,0.5014720314195668,0.20356649982754538,0.29496146875288787,0.002,1.0,1.0,F12_default,a37b1d5dd14918e1795478d719ed4c2473049eed441db5e9c4b4d5d2c4cb8a39,660f0ec,0.1.0,2026-05-25T18:35:28+00:00
2773039438,dirichlet_mrv_alpha2,0.5052683193229756,0.3684534558545403,0.1262782248224841,0.002,1.0,1.0,F12_default,a37b1d5dd14918e1795478d719ed4c2473049eed441db5e9c4b4d5d2c4cb8a39,660f0ec,0.1.0,2026-05-25T18:35:28+00:00
3814738103,dirichlet_mrv_alpha2,0.26712379740696335,0.6197976361875595,0.1130785664054772,0.002,1.0,1.0,F12_default,a37b1d5dd14918e1795478d719ed4c2473049eed441db5e9c4b4d5d2c4cb8a39,660f0ec,0.1.0,2026-05-25T18:35:28+00:00
2208027266,dirichlet_mrv_alpha2,0.22030045359543118,0.7544192504750167,0.025280295929552145,0.002,1.0,1.0,F12_default,a37b1d5dd14918e1795478d719ed4c2473049eed441db5e9c4b4d5d2c4cb8a39,660f0ec,0.1.0,2026-05-25T18:35:28+00:00
509418531,dirichlet_mrv_alpha2,0.43567327605614886,0.1876738845580726,0.3766528393857784,0.002,0.9999999999999999,0.9999999999999998,F12_default,a37b1d5dd14918e1795478d719ed4c2473049eed441db5e9c4b4d5d2c4cb8a39,660f0ec,0.1.0,2026-05-25T18:35:28+00:00
2521371658,dirichlet_mrv_alpha2,0.22534882126108757,0.6903063791651383,0.08434479957377426,0.002,1.0,1.0,F12_default,a37b1d5dd14918e1795478d719ed4c2473049eed441db5e9c4b4d5d2c4cb8a39,660f0ec,0.1.0,2026-05-25T18:35:28+00:00
2971891821,dirichlet_mrv_alpha2,0.16136919747017406,0.2742685040207527,0.5643622985090733,0.002,1.0,1.0,F12_default,a37b1d5dd14918e1795478d719ed4c2473049eed441db5e9c4b4d5d2c4cb8a39,660f0ec,0.1.0,2026-05-25T18:35:28+00:00
209777496,dirichlet_mrv_alpha2,0.2934918229219234,0.049660292518418025,0.6568478845596586,0.002,1.0,1.0,F12_default,a37b1d5dd14918e1795478d719ed4c2473049eed441db5e9c4b4d5d2c4cb8a39,660f0ec,0.1.0,2026-05-25T18:35:28+00:00
1056171708,dirichlet_mrv_alpha2,0.6254131295714739,0.19012378865336457,0.18446308177516166,0.002,1.0,1.0,F12_default,a37b1d5dd14918e1795478d719ed4c2473049eed441db5e9c4b4d5d2c4cb8a39,660f0ec,0.1.0,2026-05-25T18:35:28+00:00
3287525127,dirichlet_mrv_alpha2,0.30658176684332017,0.4634945045222217,0.2299237286344582,0.002,1.0,1.0,F12_default,a37b1d5dd14918e1795478d719ed4c2473049eed441db5e9c4b4d5d2c4cb8a39,660f0ec,0.1.0,2026-05-25T18:35:28+00:00
716816467,dirichlet_mrv_alpha2,0.1280641590001594,0.54605977121264,0.32587606978720063,0.002,1.0,1.0,F12_default,a37b1d5dd14918e1795478d719ed4c2473049eed441db5e9c4b4d5d2c4cb8a39,660f0ec,0.1.0,2026-05-25T18:35:28+00:00
1790388021,dirichlet_mrv_alpha2,0.2319374073197437,0.03204078316576216,0.7360218095144941,0.002,1.0,1.0,F12_default,a37b1d5dd14918e1795478d719ed4c2473049eed441db5e9c4b4d5d2c4cb8a39,660f0ec,0.1.0,2026-05-25T18:35:28+00:00
3272828875,dirichlet_mrv_alpha2,0.7598077717297294,0.2134964566610952,0.02669577160917539,0.002,0.9999999999999999,0.9999999999999998,F12_default,a37b1d5dd14918e1795478d719ed4c2473049eed441db5e9c4b4d5d2c4cb8a39,660f0ec,0.1.0,2026-05-25T18:35:28+00:00
1786160918,dirichlet_mrv_alpha2,0.21171822318186004,0.37341697959589387,0.4148647972222462,0.002,1.0,1.0,F12_default,a37b1d5dd14918e1795478d719ed4c2473049eed441db5e9c4b4d5d2c4cb8a39,660f0ec,0.1.0,2026-05-25T18:35:28+00:00
1165821779,dirichlet_mrv_alpha2,0.45845939756280485,0.2756737023180209,0.26586690011917424,0.002,1.0,1.0,F12_default,a37b1d5dd14918e1795478d719ed4c2473049eed441db5e9c4b4d5d2c4cb8a39,660f0ec,0.1.0,2026-05-25T18:35:28+00:00
2432956174,dirichlet_mrv_alpha2,0.5099513359524336,0.027147277498954136,0.46290138654861224,0.002,1.0,1.0,F12_default,a37b1d5dd14918e1795478d719ed4c2473049eed441db5e9c4b4d5d2c4cb8a39,660f0ec,0.1.0,2026-05-25T18:35:28+00:00
3129427415,dirichlet_mrv_alpha2,0.06996560674730021,0.17052637318052943,0.7595080200721703,0.002,1.0,1.0,F12_default,a37b1d5dd14918e1795478d719ed4c2473049eed441db5e9c4b4d5d2c4cb8a39,660f0ec,0.1.0,2026-05-25T18:35:28+00:00
698151413,dirichlet_mrv_alpha2,0.12649707558869944,0.5512416890943926,0.32226123531690787,0.002,1.0,1.0,F12_default,a37b1d5dd14918e1795478d719ed4c2473049eed441db5e9c4b4d5d2c4cb8a39,660f0ec,0.1.0,2026-05-25T18:35:28+00:00
323692372,dirichlet_mrv_alpha2,0.06468658405727092,0.6755189396887673,0.25979447625396185,0.002,1.0,1.0,F12_default,a37b1d5dd14918e1795478d719ed4c2473049eed441db5e9c4b4d5d2c4cb8a39,660f0ec,0.1.0,2026-05-25T18:35:28+00:00
531869983,dirichlet_mrv_alpha2,0.6954155910026949,0.06802157603552063,0.23656283296178443,0.002,1.0,1.0,F12_default,a37b1d5dd14918e1795478d719ed4c2473049eed441db5e9c4b4d5d2c4cb8a39,660f0ec,0.1.0,2026-05-25T18:35:28+00:00
1260572909,dirichlet_mrv_alpha2,0.3738585950214023,0.35705338196642206,0.26908802301217566,0.002,1.0,1.0,F12_default,a37b1d5dd14918e1795478d719ed4c2473049eed441db5e9c4b4d5d2c4cb8a39,660f0ec,0.1.0,2026-05-25T18:35:28+00:00
2427618155,dirichlet_mrv_alpha2,0.2704316461223589,0.21447250624477351,0.5150958476328675,0.002,1.0,1.0,F12_default,a37b1d5dd14918e1795478d719ed4c2473049eed441db5e9c4b4d5d2c4cb8a39,660f0ec,0.1.0,2026-05-25T18:35:28+00:00
38520449,dirichlet_mrv_alpha2,0.40309040408751823,0.06949190137745993,0.527417694535022,0.002,1.0,1.0,F12_default,a37b1d5dd14918e1795478d719ed4c2473049eed441db5e9c4b4d5d2c4cb8a39,660f0ec,0.1.0,2026-05-25T18:35:28+00:00
2569907518,dirichlet_mrv_alpha2,0.0665590647691483,0.4167048568017866,0.5167360784290651,0.002,1.0,1.0,F12_default,a37b1d5dd14918e1795478d719ed4c2473049eed441db5e9c4b4d5d2c4cb8a39,660f0ec,0.1.0,2026-05-25T18:35:28+00:00
1643923925,dirichlet_mrv_alpha2,0.20809290852754453,0.019472085952955888,0.7724350055194996,0.002,1.0,1.0,F12_default,a37b1d5dd14918e1795478d719ed4c2473049eed441db5e9c4b4d5d2c4cb8a39,660f0ec,0.1.0,2026-05-25T18:35:28+00:00
2727028835,dirichlet_mrv_alpha2,0.3737825314867306,0.42050478110308326,0.20571268741018614,0.002,0.9999999999999999,0.9999999999999998,F12_default,a37b1d5dd14918e1795478d719ed4c2473049eed441db5e9c4b4d5d2c4cb8a39,660f0ec,0.1.0,2026-05-25T18:35:28+00:00
2202225596,dirichlet_mrv_alpha2,0.6866555884353309,0.1774885411114003,0.13585587045326886,0.002,1.0,1.0,F12_default,a37b1d5dd14918e1795478d719ed4c2473049eed441db5e9c4b4d5d2c4cb8a39,660f0ec,0.1.0,2026-05-25T18:35:28+00:00
79135169,dirichlet_mrv_alpha2,0.30940252665565654,0.06324898558187922,0.6273484877624642,0.002,1.0,1.0,F12_default,a37b1d5dd14918e1795478d719ed4c2473049eed441db5e9c4b4d5d2c4cb8a39,660f0ec,0.1.0,2026-05-25T18:35:28+00:00
3212634268,dirichlet_mrv_alpha2,0.12153292959107116,0.8077465472128251,0.07072052319610378,0.002,1.0,1.0,F12_default,a37b1d5dd14918e1795478d719ed4c2473049eed441db5e9c4b4d5d2c4cb8a39,660f0ec,0.1.0,2026-05-25T18:35:28+00:00
936402243,dirichlet_mrv_alpha2,0.44702492875747507,0.1930818853004983,0.35989318594202674,0.002,1.0,1.0,F12_default,a37b1d5dd14918e1795478d719ed4c2473049eed441db5e9c4b4d5d2c4cb8a39,660f0ec,0.1.0,2026-05-25T18:35:28+00:00
2495275795,dirichlet_mrv_alpha2,0.4583287170659415,0.46845476397229185,0.0732165189617666,0.002,1.0,1.0,F12_default,a37b1d5dd14918e1795478d719ed4c2473049eed441db5e9c4b4d5d2c4cb8a39,660f0ec,0.1.0,2026-05-25T18:35:28+00:00
3800820046,dirichlet_mrv_alpha2,0.2671679496508965,0.4210441576885362,0.3117878926605673,0.002,1.0,1.0,F12_default,a37b1d5dd14918e1795478d719ed4c2473049eed441db5e9c4b4d5d2c4cb8a39,660f0ec,0.1.0,2026-05-25T18:35:28+00:00
128220304,dirichlet_mrv_alpha2,0.783434630916449,0.11636378990188576,0.10020157918166508,0.002,0.9999999999999999,0.9999999999999998,F12_default,a37b1d5dd14918e1795478d719ed4c2473049eed441db5e9c4b4d5d2c4cb8a39,660f0ec,0.1.0,2026-05-25T18:35:28+00:00
2294212979,dirichlet_mrv_alpha2,0.7298414425016506,0.07608823658986151,0.1940703209084878,0.002,1.0,1.0,F12_default,a37b1d5dd14918e1795478d719ed4c2473049eed441db5e9c4b4d5d2c4cb8a39,660f0ec,0.1.0,2026-05-25T18:35:28+00:00
2534087994,dirichlet_mrv_alpha2,0.135661729615655,0.13908004130390272,0.7252582290804422,0.002,1.0,1.0,F12_default,a37b1d5dd14918e1795478d719ed4c2473049eed441db5e9c4b4d5d2c4cb8a39,660f0ec,0.1.0,2026-05-25T18:35:28+00:00
1270798978,dirichlet_mrv_alpha2,0.2051361025596469,0.18748821725029943,0.6073756801900536,0.002,1.0,1.0,F12_default,a37b1d5dd14918e1795478d719ed4c2473049eed441db5e9c4b4d5d2c4cb8a39,660f0ec,0.1.0,2026-05-25T18:35:28+00:00
240833697,dirichlet_mrv_alpha2,0.08680986584142783,0.47642192260337296,0.4367682115551991,0.002,1.0,1.0,F12_default,a37b1d5dd14918e1795478d719ed4c2473049eed441db5e9c4b4d5d2c4cb8a39,660f0ec,0.1.0,2026-05-25T18:35:28+00:00
2989373608,dirichlet_mrv_alpha2,0.5199876118694535,0.3162376864457537,0.1637747016847928,0.002,1.0,1.0,F12_default,a37b1d5dd14918e1795478d719ed4c2473049eed441db5e9c4b4d5d2c4cb8a39,660f0ec,0.1.0,2026-05-25T18:35:28+00:00
3020314312,dirichlet_mrv_alpha2,0.24768238825681513,0.458450092907508,0.29386751883567686,0.002,1.0,1.0,F12_default,a37b1d5dd14918e1795478d719ed4c2473049eed441db5e9c4b4d5d2c4cb8a39,660f0ec,0.1.0,2026-05-25T18:35:28+00:00
3748344892,dirichlet_mrv_alpha2,0.7120023684800324,0.06438906764083646,0.22360856387913117,0.002,1.0,1.0,F12_default,a37b1d5dd14918e1795478d719ed4c2473049eed441db5e9c4b4d5d2c4cb8a39,660f0ec,0.1.0,2026-05-25T18:35:28+00:00
1244233227,dirichlet_mrv_alpha2,0.5468957258862415,0.2012358082407138,0.25186846587304473,0.002,1.0,1.0,F12_default,a37b1d5dd14918e1795478d719ed4c2473049eed441db5e9c4b4d5d2c4cb8a39,660f0ec,0.1.0,2026-05-25T18:35:28+00:00
926256022,dirichlet_mrv_alpha2,0.11480525936773539,0.2874983773920793,0.5976963632401853,0.002,1.0,1.0,F12_default,a37b1d5dd14918e1795478d719ed4c2473049eed441db5e9c4b4d5d2c4cb8a39,660f0ec,0.1.0,2026-05-25T18:35:28+00:00
262201338,dirichlet_mrv_alpha2,0.05512329239608837,0.2091069821253955,0.7357697254785162,0.002,1.0,1.0,F12_default,a37b1d5dd14918e1795478d719ed4c2473049eed441db5e9c4b4d5d2c4cb8a39,660f0ec,0.1.0,2026-05-25T18:35:28+00:00
2605412580,dirichlet_mrv_alpha2,0.09686488681708519,0.7401566361742274,0.1629784770086873,0.002,0.9999999999999999,0.9999999999999998,F12_default,a37b1d5dd14918e1795478d719ed4c2473049eed441db5e9c4b4d5d2c4cb8a39,660f0ec,0.1.0,2026-05-25T18:35:28+00:00
1248578433,dirichlet_mrv_alpha2,0.2416599827095323,0.1115502260207093,0.6467897912697586,0.002,1.0,1.0,F12_default,a37b1d5dd14918e1795478d719ed4c2473049eed441db5e9c4b4d5d2c4cb8a39,660f0ec,0.1.0,2026-05-25T18:35:28+00:00
2290306239,dirichlet_mrv_alpha2,0.5032447457324092,0.149565135128654,0.34719011913893677,0.002,1.0,1.0,F12_default,a37b1d5dd14918e1795478d719ed4c2473049eed441db5e9c4b4d5d2c4cb8a39,660f0ec,0.1.0,2026-05-25T18:35:28+00:00
3357977592,dirichlet_mrv_alpha2,0.43015341806631413,0.3116660308082001,0.2581805511254859,0.002,1.0,1.0,F12_default,a37b1d5dd14918e1795478d719ed4c2473049eed441db5e9c4b4d5d2c4cb8a39,660f0ec,0.1.0,2026-05-25T18:35:28+00:00
3381629655,dirichlet_mrv_alpha2,0.13174559191732402,0.5779286538194817,0.2903257542631943,0.002,1.0,1.0,F12_default,a37b1d5dd14918e1795478d719ed4c2473049eed441db5e9c4b4d5d2c4cb8a39,660f0ec,0.1.0,2026-05-25T18:35:28+00:00
2776983450,dirichlet_mrv_alpha2,0.5308570110595713,0.2240561853141641,0.24508680362626462,0.002,1.0,1.0,F12_default,a37b1d5dd14918e1795478d719ed4c2473049eed441db5e9c4b4d5d2c4cb8a39,660f0ec,0.1.0,2026-05-25T18:35:28+00:00
236739539,dirichlet_mrv_alpha2,0.27444943140189476,0.20856615981404691,0.5169844087840584,0.002,1.0,1.0,F12_default,a37b1d5dd14918e1795478d719ed4c2473049eed441db5e9c4b4d5d2c4cb8a39,660f0ec,0.1.0,2026-05-25T18:35:28+00:00
3145364295,dirichlet_mrv_alpha2,0.6460856017283241,0.05867726745472503,0.2952371308169509,0.002,1.0,1.0,F12_default,a37b1d5dd14918e1795478d719ed4c2473049eed441db5e9c4b4d5d2c4cb8a39,660f0ec,0.1.0,2026-05-25T18:35:28+00:00
3215260881,dirichlet_mrv_alpha2,0.16527301234887945,0.5892286934206143,0.24549829423050626,0.002,1.0,1.0,F12_default,a37b1d5dd14918e1795478d719ed4c2473049eed441db5e9c4b4d5d2c4cb8a39,660f0ec,0.1.0,2026-05-25T18:35:28+00:00
1911641867,dirichlet_mrv_alpha2,0.09030435899916138,0.7210767320707299,0.1886189089301086,0.002,0.9999999999999998,0.9999999999999996,F12_default,a37b1d5dd14918e1795478d719ed4c2473049eed441db5e9c4b4d5d2c4cb8a39,660f0ec,0.1.0,2026-05-25T18:35:28+00:00
1437153551,dirichlet_mrv_alpha2,0.4143769478736674,0.31382649109520344,0.27179656103112926,0.002,1.0,1.0,F12_default,a37b1d5dd14918e1795478d719ed4c2473049eed441db5e9c4b4d5d2c4cb8a39,660f0ec,0.1.0,2026-05-25T18:35:28+00:00
2911877467,dirichlet_mrv_alpha2,0.4077475062647999,0.2845245305829064,0.3077279631522938,0.002,1.0,1.0,F12_default,a37b1d5dd14918e1795478d719ed4c2473049eed441db5e9c4b4d5d2c4cb8a39,660f0ec,0.1.0,2026-05-25T18:35:28+00:00
1454574957,dirichlet_mrv_alpha2,0.08680368210636996,0.3493111268889998,0.5638851910046302,0.002,1.0,1.0,F12_default,a37b1d5dd14918e1795478d719ed4c2473049eed441db5e9c4b4d5d2c4cb8a39,660f0ec,0.1.0,2026-05-25T18:35:28+00:00
2621120832,dirichlet_mrv_alpha2,0.240481230507242,0.36994037100742405,0.38957839848533393,0.002,1.0,1.0,F12_default,a37b1d5dd14918e1795478d719ed4c2473049eed441db5e9c4b4d5d2c4cb8a39,660f0ec,0.1.0,2026-05-25T18:35:28+00:00
3355597760,dirichlet_mrv_alpha2,0.7114057257770888,0.27241139747226145,0.016182876750649798,0.002,1.0,1.0,F12_default,a37b1d5dd14918e1795478d719ed4c2473049eed441db5e9c4b4d5d2c4cb8a39,660f0ec,0.1.0,2026-05-25T18:35:28+00:00
2381711505,dirichlet_mrv_alpha2,0.4071813285117019,0.059164084585493125,0.5336545869028049,0.002,0.9999999999999999,0.9999999999999998,F12_default,a37b1d5dd14918e1795478d719ed4c2473049eed441db5e9c4b4d5d2c4cb8a39,660f0ec,0.1.0,2026-05-25T18:35:28+00:00
265716438,dirichlet_mrv_alpha2,0.34881265323130106,0.526030053092852,0.12515729367584688,0.002,1.0,1.0,F12_default,a37b1d5dd14918e1795478d719ed4c2473049eed441db5e9c4b4d5d2c4cb8a39,660f0ec,0.1.0,2026-05-25T18:35:28+00:00
2299475627,dirichlet_mrv_alpha2,0.14612312761423704,0.10064317551682887,0.7532336968689342,0.002,1.0,1.0,F12_default,a37b1d5dd14918e1795478d719ed4c2473049eed441db5e9c4b4d5d2c4cb8a39,660f0ec,0.1.0,2026-05-25T18:35:28+00:00
2055239730,dirichlet_mrv_alpha2,0.5891018810912668,0.19785563925695288,0.21304247965178025,0.002,1.0,1.0,F12_default,a37b1d5dd14918e1795478d719ed4c2473049eed441db5e9c4b4d5d2c4cb8a39,660f0ec,0.1.0,2026-05-25T18:35:28+00:00
728519276,dirichlet_mrv_alpha2,0.3230628512650358,0.6111002258133091,0.06583692292165509,0.002,1.0,1.0,F12_default,a37b1d5dd14918e1795478d719ed4c2473049eed441db5e9c4b4d5d2c4cb8a39,660f0ec,0.1.0,2026-05-25T18:35:28+00:00
1930350708,dirichlet_mrv_alpha2,0.3909834121467848,0.5058005698199882,0.10321601803322693,0.002,0.9999999999999999,0.9999999999999998,F12_default,a37b1d5dd14918e1795478d719ed4c2473049eed441db5e9c4b4d5d2c4cb8a39,660f0ec,0.1.0,2026-05-25T18:35:28+00:00
4113464166,dirichlet_mrv_alpha2,0.29834396359529897,0.4849849464493257,0.21667108995537543,0.002,1.0,1.0,F12_default,a37b1d5dd14918e1795478d719ed4c2473049eed441db5e9c4b4d5d2c4cb8a39,660f0ec,0.1.0,2026-05-25T18:35:28+00:00
497260541,dirichlet_mrv_alpha2,0.035680535101333614,0.5072950764437207,0.45702438845494564,0.002,1.0,1.0,F12_default,a37b1d5dd14918e1795478d719ed4c2473049eed441db5e9c4b4d5d2c4cb8a39,660f0ec,0.1.0,2026-05-25T18:35:28+00:00
818680891,dirichlet_mrv_alpha2,0.431121177597643,0.10451767418158014,0.46436114822077684,0.002,1.0,1.0,F12_default,a37b1d5dd14918e1795478d719ed4c2473049eed441db5e9c4b4d5d2c4cb8a39,660f0ec,0.1.0,2026-05-25T18:35:28+00:00
3047484295,dirichlet_mrv_alpha2,0.5814400720714267,0.12981565055449265,0.28874427737408065,0.002,1.0,1.0,F12_default,a37b1d5dd14918e1795478d719ed4c2473049eed441db5e9c4b4d5d2c4cb8a39,660f0ec,0.1.0,2026-05-25T18:35:28+00:00
2560570720,dirichlet_mrv_alpha2,0.30283623406298954,0.41386018257804724,0.2833035833589633,0.002,1.0,1.0,F12_default,a37b1d5dd14918e1795478d719ed4c2473049eed441db5e9c4b4d5d2c4cb8a39,660f0ec,0.1.0,2026-05-25T18:35:28+00:00
3045599540,dirichlet_mrv_alpha2,0.5038045163680666,0.19612702861868153,0.300068455013252,0.002,1.0,1.0,F12_default,a37b1d5dd14918e1795478d719ed4c2473049eed441db5e9c4b4d5d2c4cb8a39,660f0ec,0.1.0,2026-05-25T18:35:28+00:00
1908668285,dirichlet_mrv_alpha2,0.28261480630652913,0.5004651753366552,0.21692001835681562,0.002,1.0,1.0,F12_default,a37b1d5dd14918e1795478d719ed4c2473049eed441db5e9c4b4d5d2c4cb8a39,660f0ec,0.1.0,2026-05-25T18:35:28+00:00
2902755934,dirichlet_mrv_alpha2,0.2616739348529828,0.3988398806527955,0.3394861844942218,0.002,1.0000000000000002,1.0000000000000004,F12_default,a37b1d5dd14918e1795478d719ed4c2473049eed441db5e9c4b4d5d2c4cb8a39,660f0ec,0.1.0,2026-05-25T18:35:28+00:00
736229448,dirichlet_mrv_alpha2,0.11732286994273185,0.22100020996863176,0.6616769200886363,0.002,1.0,1.0,F12_default,a37b1d5dd14918e1795478d719ed4c2473049eed441db5e9c4b4d5d2c4cb8a39,660f0ec,0.1.0,2026-05-25T18:35:28+00:00
3666101660,dirichlet_mrv_alpha2,0.45741934077827834,0.4299619890421694,0.11261867017955227,0.002,1.0,1.0,F12_default,a37b1d5dd14918e1795478d719ed4c2473049eed441db5e9c4b4d5d2c4cb8a39,660f0ec,0.1.0,2026-05-25T18:35:28+00:00
3458114618,dirichlet_mrv_alpha2,0.3809342616404149,0.2960571030086176,0.32300863535096763,0.002,1.0,1.0,F12_default,a37b1d5dd14918e1795478d719ed4c2473049eed441db5e9c4b4d5d2c4cb8a39,660f0ec,0.1.0,2026-05-25T18:35:28+00:00
157586615,dirichlet_mrv_alpha2,0.14796947475101016,0.492479859707186,0.3595506655418038,0.002,1.0,1.0,F12_default,a37b1d5dd14918e1795478d719ed4c2473049eed441db5e9c4b4d5d2c4cb8a39,660f0ec,0.1.0,2026-05-25T18:35:28+00:00
739624466,dirichlet_mrv_alpha2,0.01864469405220836,0.533507196081377,0.44784810986641466,0.002,1.0,1.0,F12_default,a37b1d5dd14918e1795478d719ed4c2473049eed441db5e9c4b4d5d2c4cb8a39,660f0ec,0.1.0,2026-05-25T18:35:28+00:00
3505840457,dirichlet_mrv_alpha2,0.6718429490703703,0.1315727999754432,0.19658425095418636,0.002,1.0,1.0,F12_default,a37b1d5dd14918e1795478d719ed4c2473049eed441db5e9c4b4d5d2c4cb8a39,660f0ec,0.1.0,2026-05-25T18:35:28+00:00
2011929075,dirichlet_mrv_alpha2,0.14816192628358063,0.41520304635132177,0.43663502736509757,0.002,1.0,1.0,F12_default,a37b1d5dd14918e1795478d719ed4c2473049eed441db5e9c4b4d5d2c4cb8a39,660f0ec,0.1.0,2026-05-25T18:35:28+00:00
3681824890,dirichlet_mrv_alpha2,0.4392745162856992,0.1635677732761571,0.39715771043814374,0.002,1.0,1.0,F12_default,a37b1d5dd14918e1795478d719ed4c2473049eed441db5e9c4b4d5d2c4cb8a39,660f0ec,0.1.0,2026-05-25T18:35:28+00:00
489376656,dirichlet_mrv_alpha2,0.4402087215590114,0.2580416211199372,0.3017496573210514,0.002,1.0,1.0,F12_default,a37b1d5dd14918e1795478d719ed4c2473049eed441db5e9c4b4d5d2c4cb8a39,660f0ec,0.1.0,2026-05-25T18:35:28+00:00
1886258241,dirichlet_mrv_alpha2,0.21641240075710869,0.22716185709840203,0.5564257421444894,0.002,1.0,1.0,F12_default,a37b1d5dd14918e1795478d719ed4c2473049eed441db5e9c4b4d5d2c4cb8a39,660f0ec,0.1.0,2026-05-25T18:35:28+00:00
4076062817,dirichlet_mrv_alpha2,0.1782358837147394,0.21624855541246976,0.6055155608727908,0.002,1.0,1.0,F12_default,a37b1d5dd14918e1795478d719ed4c2473049eed441db5e9c4b4d5d2c4cb8a39,660f0ec,0.1.0,2026-05-25T18:35:28+00:00
526209661,dirichlet_mrv_alpha2,0.44330123295367674,0.14970726961290032,0.40699149743342294,0.002,1.0,1.0,F12_default,a37b1d5dd14918e1795478d719ed4c2473049eed441db5e9c4b4d5d2c4cb8a39,660f0ec,0.1.0,2026-05-25T18:35:28+00:00
1998682591,dirichlet_mrv_alpha2,0.6581324080272565,0.2791561656731541,0.0627114262995894,0.002,1.0,1.0,F12_default,a37b1d5dd14918e1795478d719ed4c2473049eed441db5e9c4b4d5d2c4cb8a39,660f0ec,0.1.0,2026-05-25T18:35:28+00:00
2295776721,dirichlet_mrv_alpha2,0.4985197139842927,0.47292741911022934,0.028552866905477956,0.002,1.0,1.0,F12_default,a37b1d5dd14918e1795478d719ed4c2473049eed441db5e9c4b4d5d2c4cb8a39,660f0ec,0.1.0,2026-05-25T18:35:28+00:00
4189587030,dirichlet_mrv_alpha2,0.678994271542062,0.18274625150275697,0.13825947695518098,0.002,1.0,1.0,F12_default,a37b1d5dd14918e1795478d719ed4c2473049eed441db5e9c4b4d5d2c4cb8a39,660f0ec,0.1.0,2026-05-25T18:35:28+00:00
652290485,dirichlet_mrv_alpha2,0.4703614875769922,0.2761884024083575,0.25345011001465023,0.002,1.0,1.0,F12_default,a37b1d5dd14918e1795478d719ed4c2473049eed441db5e9c4b4d5d2c4cb8a39,660f0ec,0.1.0,2026-05-25T18:35:28+00:00
253601234,dirichlet_mrv_alpha2,0.46195941523253364,0.06770846009818268,0.4703321246692836,0.002,1.0,1.0,F12_default,a37b1d5dd14918e1795478d719ed4c2473049eed441db5e9c4b4d5d2c4cb8a39,660f0ec,0.1.0,2026-05-25T18:35:28+00:00
2549481465,dirichlet_mrv_alpha2,0.7608446546546415,0.08964740467284679,0.14950794067251166,0.002,1.0,1.0,F12_default,a37b1d5dd14918e1795478d719ed4c2473049eed441db5e9c4b4d5d2c4cb8a39,660f0ec,0.1.0,2026-05-25T18:35:28+00:00
2479519176,dirichlet_mrv_alpha2,0.30060540218401716,0.0819067026544939,0.6174878951614889,0.002,1.0,1.0,F12_default,a37b1d5dd14918e1795478d719ed4c2473049eed441db5e9c4b4d5d2c4cb8a39,660f0ec,0.1.0,2026-05-25T18:35:28+00:00
3816803426,dirichlet_mrv_alpha2,0.15075987221925433,0.5185029274534637,0.3307372003272819,0.002,1.0,1.0,F12_default,a37b1d5dd14918e1795478d719ed4c2473049eed441db5e9c4b4d5d2c4cb8a39,660f0ec,0.1.0,2026-05-25T18:35:28+00:00
3406827723,dirichlet_mrv_alpha2,0.6188302736087993,0.16125590083268196,0.21991382555851868,0.002,0.9999999999999999,0.9999999999999998,F12_default,a37b1d5dd14918e1795478d719ed4c2473049eed441db5e9c4b4d5d2c4cb8a39,660f0ec,0.1.0,2026-05-25T18:35:28+00:00
537751047,dirichlet_mrv_alpha2,0.7660042494701249,0.012742301587693787,0.22125344894218135,0.002,1.0,1.0,F12_default,a37b1d5dd14918e1795478d719ed4c2473049eed441db5e9c4b4d5d2c4cb8a39,660f0ec,0.1.0,2026-05-25T18:35:28+00:00
746608955,dirichlet_mrv_alpha2,0.06176574954745892,0.16425628808937118,0.7739779623631698,0.002,1.0,1.0,F12_default,a37b1d5dd14918e1795478d719ed4c2473049eed441db5e9c4b4d5d2c4cb8a39,660f0ec,0.1.0,2026-05-25T18:35:28+00:00
3672297526,dirichlet_mrv_alpha2,0.12412723384302457,0.22809324495785813,0.6477795211991174,0.002,1.0,1.0,F12_default,a37b1d5dd14918e1795478d719ed4c2473049eed441db5e9c4b4d5d2c4cb8a39,660f0ec,0.1.0,2026-05-25T18:35:28+00:00
3748302305,dirichlet_mrv_alpha2,0.1804666344228095,0.31446900274190187,0.5050643628352885,0.002,0.9999999999999999,0.9999999999999998,F12_default,a37b1d5dd14918e1795478d719ed4c2473049eed441db5e9c4b4d5d2c4cb8a39,660f0ec,0.1.0,2026-05-25T18:35:28+00:00
2542809962,dirichlet_mrv_alpha2,0.5733982690963557,0.11310980400679856,0.3134919268968457,0.002,1.0,1.0,F12_default,a37b1d5dd14918e1795478d719ed4c2473049eed441db5e9c4b4d5d2c4cb8a39,660f0ec,0.1.0,2026-05-25T18:35:28+00:00
4011951593,dirichlet_mrv_alpha2,0.26049043663376836,0.2361542039493427,0.503355359416889,0.002,1.0,1.0,F12_default,a37b1d5dd14918e1795478d719ed4c2473049eed441db5e9c4b4d5d2c4cb8a39,660f0ec,0.1.0,2026-05-25T18:35:28+00:00
824122393,dirichlet_mrv_alpha2,0.29523994216764715,0.645423860366651,0.059336197465701755,0.002,0.9999999999999999,0.9999999999999998,F12_default,a37b1d5dd14918e1795478d719ed4c2473049eed441db5e9c4b4d5d2c4cb8a39,660f0ec,0.1.0,2026-05-25T18:35:28+00:00
1509147907,dirichlet_mrv_alpha2,0.016405766895571317,0.675430851735451,0.30816338136897764,0.002,1.0,1.0,F12_default,a37b1d5dd14918e1795478d719ed4c2473049eed441db5e9c4b4d5d2c4cb8a39,660f0ec,0.1.0,2026-05-25T18:35:28+00:00
4055430898,dirichlet_mrv_alpha2,0.30164271662172093,0.46130901026713245,0.2370482731111465,0.002,0.9999999999999999,0.9999999999999998,F12_default,a37b1d5dd14918e1795478d719ed4c2473049eed441db5e9c4b4d5d2c4cb8a39,660f0ec,0.1.0,2026-05-25T18:35:28+00:00
1585614322,dirichlet_mrv_alpha2,0.13154915080893614,0.5293473461429685,0.33910350304809544,0.002,1.0,1.0,F12_default,a37b1d5dd14918e1795478d719ed4c2473049eed441db5e9c4b4d5d2c4cb8a39,660f0ec,0.1.0,2026-05-25T18:35:28+00:00
2472795537,dirichlet_mrv_alpha2,0.15053607139535904,0.6959705006177068,0.15349342798693424,0.002,1.0000000000000002,1.0000000000000004,F12_default,a37b1d5dd14918e1795478d719ed4c2473049eed441db5e9c4b4d5d2c4cb8a39,660f0ec,0.1.0,2026-05-25T18:35:28+00:00
2967768182,dirichlet_mrv_alpha2,0.27177010311140315,0.1595902975934965,0.5686395992951003,0.002,1.0,1.0,F12_default,a37b1d5dd14918e1795478d719ed4c2473049eed441db5e9c4b4d5d2c4cb8a39,660f0ec,0.1.0,2026-05-25T18:35:28+00:00
1357414499,dirichlet_mrv_alpha2,0.610528655470939,0.12778636195708562,0.26168498257197537,0.002,1.0,1.0,F12_default,a37b1d5dd14918e1795478d719ed4c2473049eed441db5e9c4b4d5d2c4cb8a39,660f0ec,0.1.0,2026-05-25T18:35:28+00:00
4097208454,dirichlet_mrv_alpha2,0.5504706512499556,0.3435972722616026,0.10593207648844176,0.002,1.0,1.0,F12_default,a37b1d5dd14918e1795478d719ed4c2473049eed441db5e9c4b4d5d2c4cb8a39,660f0ec,0.1.0,2026-05-25T18:35:28+00:00
3086487915,dirichlet_mrv_alpha2,0.5971989114213699,0.1520481402257501,0.2507529483528801,0.002,1.0,1.0,F12_default,a37b1d5dd14918e1795478d719ed4c2473049eed441db5e9c4b4d5d2c4cb8a39,660f0ec,0.1.0,2026-05-25T18:35:28+00:00
3087671791,dirichlet_mrv_alpha2,0.02335950510405884,0.45503750675134175,0.5216029881445995,0.002,1.0,1.0,F12_default,a37b1d5dd14918e1795478d719ed4c2473049eed441db5e9c4b4d5d2c4cb8a39,660f0ec,0.1.0,2026-05-25T18:35:28+00:00
408639285,dirichlet_mrv_alpha2,0.3881295371533243,0.5066547360609628,0.1052157267857129,0.002,1.0,1.0,F12_default,a37b1d5dd14918e1795478d719ed4c2473049eed441db5e9c4b4d5d2c4cb8a39,660f0ec,0.1.0,2026-05-25T18:35:28+00:00
2482489077,dirichlet_mrv_alpha2,0.33285491473374756,0.2622372123000819,0.40490787296617053,0.002,1.0,1.0,F12_default,a37b1d5dd14918e1795478d719ed4c2473049eed441db5e9c4b4d5d2c4cb8a39,660f0ec,0.1.0,2026-05-25T18:35:28+00:00
1054603650,dirichlet_mrv_alpha2,0.28876510363696684,0.5133099166555484,0.19792497970748485,0.002,1.0,1.0,F12_default,a37b1d5dd14918e1795478d719ed4c2473049eed441db5e9c4b4d5d2c4cb8a39,660f0ec,0.1.0,2026-05-25T18:35:28+00:00
4061733546,dirichlet_mrv_alpha2,0.32297102162006525,0.36102561276238737,0.31600336561754727,0.002,0.9999999999999999,0.9999999999999998,F12_default,a37b1d5dd14918e1795478d719ed4c2473049eed441db5e9c4b4d5d2c4cb8a39,660f0ec,0.1.0,2026-05-25T18:35:28+00:00
715867981,dirichlet_mrv_alpha2,0.09620229656349383,0.4395972294094542,0.464200474027052,0.002,1.0,1.0,F12_default,a37b1d5dd14918e1795478d719ed4c2473049eed441db5e9c4b4d5d2c4cb8a39,660f0ec,0.1.0,2026-05-25T18:35:28+00:00
1069011654,dirichlet_mrv_alpha2,0.32888529702575053,0.24230871972229778,0.4288059832519518,0.002,1.0,1.0,F12_default,a37b1d5dd14918e1795478d719ed4c2473049eed441db5e9c4b4d5d2c4cb8a39,660f0ec,0.1.0,2026-05-25T18:35:28+00:00
2897689954,dirichlet_mrv_alpha2,0.2638740189467447,0.07105713510619523,0.66506884594706,0.002,0.9999999999999999,0.9999999999999998,F12_default,a37b1d5dd14918e1795478d719ed4c2473049eed441db5e9c4b4d5d2c4cb8a39,660f0ec,0.1.0,2026-05-25T18:35:28+00:00
1851517008,dirichlet_mrv_alpha2,0.25406379900151793,0.5891452992037333,0.1567909017947488,0.002,1.0,1.0,F12_default,a37b1d5dd14918e1795478d719ed4c2473049eed441db5e9c4b4d5d2c4cb8a39,660f0ec,0.1.0,2026-05-25T18:35:28+00:00
1426724290,dirichlet_mrv_alpha2,0.26858327154026485,0.34190883861596566,0.3895078898437695,0.002,1.0,1.0,F12_default,a37b1d5dd14918e1795478d719ed4c2473049eed441db5e9c4b4d5d2c4cb8a39,660f0ec,0.1.0,2026-05-25T18:35:28+00:00
2702243678,dirichlet_mrv_alpha2,0.06710689723435077,0.5369782462394977,0.39591485652615144,0.002,1.0,1.0,F12_default,a37b1d5dd14918e1795478d719ed4c2473049eed441db5e9c4b4d5d2c4cb8a39,660f0ec,0.1.0,2026-05-25T18:35:28+00:00
1028934851,dirichlet_mrv_alpha2,0.7335752130686578,0.24384032674830952,0.02258446018303268,0.002,1.0,1.0,F12_default,a37b1d5dd14918e1795478d719ed4c2473049eed441db5e9c4b4d5d2c4cb8a39,660f0ec,0.1.0,2026-05-25T18:35:28+00:00
800399482,dirichlet_mrv_alpha2,0.3501744420963409,0.28490425805910014,0.3649212998445589,0.002,0.9999999999999999,0.9999999999999998,F12_default,a37b1d5dd14918e1795478d719ed4c2473049eed441db5e9c4b4d5d2c4cb8a39,660f0ec,0.1.0,2026-05-25T18:35:28+00:00
1968420716,dirichlet_mrv_alpha2,0.42123646880556814,0.37560242981028874,0.2031611013841431,0.002,1.0,1.0,F12_default,a37b1d5dd14918e1795478d719ed4c2473049eed441db5e9c4b4d5d2c4cb8a39,660f0ec,0.1.0,2026-05-25T18:35:28+00:00
830460828,dirichlet_mrv_alpha2,0.2250200119154929,0.6088994087506693,0.16608057933383782,0.002,1.0,1.0,F12_default,a37b1d5dd14918e1795478d719ed4c2473049eed441db5e9c4b4d5d2c4cb8a39,660f0ec,0.1.0,2026-05-25T18:35:28+00:00
778739833,dirichlet_mrv_alpha2,0.38314947443690617,0.03416668182970208,0.5826838437333918,0.002,1.0,1.0,F12_default,a37b1d5dd14918e1795478d719ed4c2473049eed441db5e9c4b4d5d2c4cb8a39,660f0ec,0.1.0,2026-05-25T18:35:28+00:00
1032767969,dirichlet_mrv_alpha2,0.46606197467452837,0.1757324836470519,0.3582055416784198,0.002,1.0,1.0,F12_default,a37b1d5dd14918e1795478d719ed4c2473049eed441db5e9c4b4d5d2c4cb8a39,660f0ec,0.1.0,2026-05-25T18:35:28+00:00
1494194483,dirichlet_mrv_alpha2,0.46094063627536147,0.4983925407348989,0.04066682298973957,0.002,1.0,1.0,F12_default,a37b1d5dd14918e1795478d719ed4c2473049eed441db5e9c4b4d5d2c4cb8a39,660f0ec,0.1.0,2026-05-25T18:35:28+00:00
240047334,dirichlet_mrv_alpha2,0.5721259991337954,0.19551726898409236,0.2323567318821123,0.002,1.0,1.0,F12_default,a37b1d5dd14918e1795478d719ed4c2473049eed441db5e9c4b4d5d2c4cb8a39,660f0ec,0.1.0,2026-05-25T18:35:28+00:00
2119141103,dirichlet_mrv_alpha2,0.19895198008483916,0.7401620660478831,0.06088595386727756,0.002,0.9999999999999999,0.9999999999999998,F12_default,a37b1d5dd14918e1795478d719ed4c2473049eed441db5e9c4b4d5d2c4cb8a39,660f0ec,0.1.0,2026-05-25T18:35:28+00:00
2822916221,dirichlet_mrv_alpha2,0.4404879022950981,0.284898268402301,0.27461382930260086,0.002,1.0,1.0,F12_default,a37b1d5dd14918e1795478d719ed4c2473049eed441db5e9c4b4d5d2c4cb8a39,660f0ec,0.1.0,2026-05-25T18:35:28+00:00
888375104,dirichlet_mrv_alpha2,0.07636512567289724,0.6783233646127176,0.24531150971438517,0.002,1.0,1.0,F12_default,a37b1d5dd14918e1795478d719ed4c2473049eed441db5e9c4b4d5d2c4cb8a39,660f0ec,0.1.0,2026-05-25T18:35:28+00:00
343110011,dirichlet_mrv_alpha2,0.2615736050283661,0.3461562235933834,0.39227017137825054,0.002,1.0,1.0,F12_default,a37b1d5dd14918e1795478d719ed4c2473049eed441db5e9c4b4d5d2c4cb8a39,660f0ec,0.1.0,2026-05-25T18:35:28+00:00
1197061622,dirichlet_mrv_alpha2,0.32333275800649663,0.5829755483379763,0.0936916936555271,0.002,1.0,1.0,F12_default,a37b1d5dd14918e1795478d719ed4c2473049eed441db5e9c4b4d5d2c4cb8a39,660f0ec,0.1.0,2026-05-25T18:35:28+00:00
3632034935,dirichlet_mrv_alpha2,0.5066702473669841,0.04375332835375001,0.44957642427926586,0.002,1.0,1.0,F12_default,a37b1d5dd14918e1795478d719ed4c2473049eed441db5e9c4b4d5d2c4cb8a39,660f0ec,0.1.0,2026-05-25T18:35:28+00:00
119617895,dirichlet_mrv_alpha2,0.23668308944003483,0.10290593441320306,0.6604109761467621,0.002,1.0,1.0,F12_default,a37b1d5dd14918e1795478d719ed4c2473049eed441db5e9c4b4d5d2c4cb8a39,660f0ec,0.1.0,2026-05-25T18:35:28+00:00
2097603393,dirichlet_mrv_alpha2,0.4515973986562683,0.23013234299006935,0.31827025835366224,0.002,1.0,1.0,F12_default,a37b1d5dd14918e1795478d719ed4c2473049eed441db5e9c4b4d5d2c4cb8a39,660f0ec,0.1.0,2026-05-25T18:35:28+00:00
389066013,dirichlet_mrv_alpha2,0.14759293849860866,0.7237333341398714,0.12867372736151994,0.002,1.0,1.0,F12_default,a37b1d5dd14918e1795478d719ed4c2473049eed441db5e9c4b4d5d2c4cb8a39,660f0ec,0.1.0,2026-05-25T18:35:28+00:00
176215030,dirichlet_mrv_alpha2,0.4352818991676521,0.1559999293285435,0.40871817150380446,0.002,1.0,1.0,F12_default,a37b1d5dd14918e1795478d719ed4c2473049eed441db5e9c4b4d5d2c4cb8a39,660f0ec,0.1.0,2026-05-25T18:35:28+00:00
1601983507,dirichlet_mrv_alpha2,0.288797989889692,0.2665219185825874,0.4446800915277206,0.002,1.0,1.0,F12_default,a37b1d5dd14918e1795478d719ed4c2473049eed441db5e9c4b4d5d2c4cb8a39,660f0ec,0.1.0,2026-05-25T18:35:28+00:00
772232804,dirichlet_mrv_alpha2,0.1157111526970051,0.38915729024758294,0.49513155705541195,0.002,1.0,1.0,F12_default,a37b1d5dd14918e1795478d719ed4c2473049eed441db5e9c4b4d5d2c4cb8a39,660f0ec,0.1.0,2026-05-25T18:35:28+00:00
3568269973,dirichlet_mrv_alpha2,0.24644806420643545,0.34690785755060716,0.40664407824295745,0.002,1.0,1.0,F12_default,a37b1d5dd14918e1795478d719ed4c2473049eed441db5e9c4b4d5d2c4cb8a39,660f0ec,0.1.0,2026-05-25T18:35:28+00:00
97878086,dirichlet_mrv_alpha2,0.2265956511666975,0.43679742954982437,0.3366069192834782,0.002,1.0,1.0,F12_default,a37b1d5dd14918e1795478d719ed4c2473049eed441db5e9c4b4d5d2c4cb8a39,660f0ec,0.1.0,2026-05-25T18:35:28+00:00
1411415509,dirichlet_mrv_alpha2,0.023702777007885648,0.5515918327459296,0.42470539024618464,0.002,1.0,1.0,F12_default,a37b1d5dd14918e1795478d719ed4c2473049eed441db5e9c4b4d5d2c4cb8a39,660f0ec,0.1.0,2026-05-25T18:35:28+00:00
3624200820,dirichlet_mrv_alpha2,0.09284080079877186,0.49222286512696606,0.41493633407426217,0.002,1.0,1.0,F12_default,a37b1d5dd14918e1795478d719ed4c2473049eed441db5e9c4b4d5d2c4cb8a39,660f0ec,0.1.0,2026-05-25T18:35:28+00:00
1940360342,dirichlet_mrv_alpha2,0.14808438714684322,0.21782056270775926,0.6340950501453976,0.002,1.0,1.0,F12_default,a37b1d5dd14918e1795478d719ed4c2473049eed441db5e9c4b4d5d2c4cb8a39,660f0ec,0.1.0,2026-05-25T18:35:28+00:00
4078026692,dirichlet_mrv_alpha2,0.188226888582796,0.28459762034766417,0.5271754910695399,0.002,1.0,1.0,F12_default,a37b1d5dd14918e1795478d719ed4c2473049eed441db5e9c4b4d5d2c4cb8a39,660f0ec,0.1.0,2026-05-25T18:35:28+00:00
77685625,dirichlet_mrv_alpha2,0.07003262088136394,0.8075494001437545,0.12241797897488149,0.002,1.0,1.0,F12_default,a37b1d5dd14918e1795478d719ed4c2473049eed441db5e9c4b4d5d2c4cb8a39,660f0ec,0.1.0,2026-05-25T18:35:28+00:00
3860201595,dirichlet_mrv_alpha2,0.10138105613885492,0.37105308260160585,0.5275658612595392,0.002,1.0,1.0,F12_default,a37b1d5dd14918e1795478d719ed4c2473049eed441db5e9c4b4d5d2c4cb8a39,660f0ec,0.1.0,2026-05-25T18:35:28+00:00
719832316,dirichlet_mrv_alpha2,0.6514469029981145,0.29111263413290067,0.05744046286898477,0.002,0.9999999999999999,0.9999999999999998,F12_default,a37b1d5dd14918e1795478d719ed4c2473049eed441db5e9c4b4d5d2c4cb8a39,660f0ec,0.1.0,2026-05-25T18:35:28+00:00
447720247,dirichlet_mrv_alpha2,0.33757387747286927,0.46644001722858464,0.19598610529854607,0.002,1.0,1.0,F12_default,a37b1d5dd14918e1795478d719ed4c2473049eed441db5e9c4b4d5d2c4cb8a39,660f0ec,0.1.0,2026-05-25T18:35:28+00:00
3695637843,dirichlet_mrv_alpha2,0.1818777742325637,0.27073620693528916,0.5473860188321472,0.002,1.0,1.0,F12_default,a37b1d5dd14918e1795478d719ed4c2473049eed441db5e9c4b4d5d2c4cb8a39,660f0ec,0.1.0,2026-05-25T18:35:28+00:00
977557702,dirichlet_mrv_alpha2,0.45808601903645485,0.2995016793386663,0.2424123016248789,0.002,1.0,1.0,F12_default,a37b1d5dd14918e1795478d719ed4c2473049eed441db5e9c4b4d5d2c4cb8a39,660f0ec,0.1.0,2026-05-25T18:35:28+00:00
259214032,dirichlet_mrv_alpha2,0.36150936914288356,0.14293084863683295,0.4955597822202836,0.002,1.0,1.0,F12_default,a37b1d5dd14918e1795478d719ed4c2473049eed441db5e9c4b4d5d2c4cb8a39,660f0ec,0.1.0,2026-05-25T18:35:28+00:00
2983153519,dirichlet_mrv_alpha2,0.022297440806487757,0.31673972038888765,0.6609628388046246,0.002,1.0,1.0,F12_default,a37b1d5dd14918e1795478d719ed4c2473049eed441db5e9c4b4d5d2c4cb8a39,660f0ec,0.1.0,2026-05-25T18:35:28+00:00
4123510840,dirichlet_mrv_alpha2,0.2647559741085453,0.30735249646726454,0.4278915294241902,0.002,1.0,1.0,F12_default,a37b1d5dd14918e1795478d719ed4c2473049eed441db5e9c4b4d5d2c4cb8a39,660f0ec,0.1.0,2026-05-25T18:35:28+00:00
4029358985,dirichlet_mrv_alpha2,0.2946986732053608,0.37229459672493004,0.3330067300697092,0.002,1.0,1.0,F12_default,a37b1d5dd14918e1795478d719ed4c2473049eed441db5e9c4b4d5d2c4cb8a39,660f0ec,0.1.0,2026-05-25T18:35:28+00:00
281060419,dirichlet_mrv_alpha2,0.5900084393878311,0.38007529667866674,0.029916263933502135,0.002,0.9999999999999999,0.9999999999999998,F12_default,a37b1d5dd14918e1795478d719ed4c2473049eed441db5e9c4b4d5d2c4cb8a39,660f0ec,0.1.0,2026-05-25T18:35:28+00:00
4051786684,dirichlet_mrv_alpha2,0.09828841903576278,0.6248225824692735,0.27688899849496373,0.002,1.0,1.0,F12_default,a37b1d5dd14918e1795478d719ed4c2473049eed441db5e9c4b4d5d2c4cb8a39,660f0ec,0.1.0,2026-05-25T18:35:28+00:00
470855137,dirichlet_mrv_alpha2,0.26666119771851987,0.4237618743565874,0.30957692792489266,0.002,0.9999999999999999,0.9999999999999998,F12_default,a37b1d5dd14918e1795478d719ed4c2473049eed441db5e9c4b4d5d2c4cb8a39,660f0ec,0.1.0,2026-05-25T18:35:28+00:00
1422628331,dirichlet_mrv_alpha2,0.12053162344284005,0.525334712893211,0.35413366366394905,0.002,1.0,1.0,F12_default,a37b1d5dd14918e1795478d719ed4c2473049eed441db5e9c4b4d5d2c4cb8a39,660f0ec,0.1.0,2026-05-25T18:35:28+00:00
1536485975,dirichlet_mrv_alpha2,0.4723888970468771,0.5198714465060592,0.007739656447063736,0.002,1.0,1.0,F12_default,a37b1d5dd14918e1795478d719ed4c2473049eed441db5e9c4b4d5d2c4cb8a39,660f0ec,0.1.0,2026-05-25T18:35:28+00:00
2980023973,dirichlet_mrv_alpha2,0.18970325274877262,0.16444715451410377,0.6458495927371236,0.002,1.0,1.0,F12_default,a37b1d5dd14918e1795478d719ed4c2473049eed441db5e9c4b4d5d2c4cb8a39,660f0ec,0.1.0,2026-05-25T18:35:28+00:00
1699715846,dirichlet_mrv_alpha2,0.2685161115429442,0.1051140364488096,0.6263698520082461,0.002,0.9999999999999999,0.9999999999999998,F12_default,a37b1d5dd14918e1795478d719ed4c2473049eed441db5e9c4b4d5d2c4cb8a39,660f0ec,0.1.0,2026-05-25T18:35:28+00:00
1920406515,dirichlet_mrv_alpha2,0.5613717013031163,0.3327088532382032,0.10591944545868037,0.002,0.9999999999999999,0.9999999999999998,F12_default,a37b1d5dd14918e1795478d719ed4c2473049eed441db5e9c4b4d5d2c4cb8a39,660f0ec,0.1.0,2026-05-25T18:35:28+00:00
1774071148,dirichlet_mrv_alpha2,0.31258123463740534,0.028830575392932715,0.658588189969662,0.002,1.0,1.0,F12_default,a37b1d5dd14918e1795478d719ed4c2473049eed441db5e9c4b4d5d2c4cb8a39,660f0ec,0.1.0,2026-05-25T18:35:28+00:00
1651915182,dirichlet_mrv_alpha2,0.6453184327376279,0.12408794730048327,0.2305936199618889,0.002,1.0,1.0,F12_default,a37b1d5dd14918e1795478d719ed4c2473049eed441db5e9c4b4d5d2c4cb8a39,660f0ec,0.1.0,2026-05-25T18:35:28+00:00
1625095379,dirichlet_mrv_alpha2,0.23849719187860133,0.186573783561443,0.5749290245599558,0.002,1.0,1.0,F12_default,a37b1d5dd14918e1795478d719ed4c2473049eed441db5e9c4b4d5d2c4cb8a39,660f0ec,0.1.0,2026-05-25T18:35:28+00:00
212900013,dirichlet_mrv_alpha2,0.21184396465673225,0.08191984625299747,0.7062361890902702,0.002,0.9999999999999999,0.9999999999999998,F12_default,a37b1d5dd14918e1795478d719ed4c2473049eed441db5e9c4b4d5d2c4cb8a39,660f0ec,0.1.0,2026-05-25T18:35:28+00:00
1155762618,dirichlet_mrv_alpha2,0.19936679134411758,0.3905299448871616,0.41010326376872086,0.002,1.0,1.0,F12_default,a37b1d5dd14918e1795478d719ed4c2473049eed441db5e9c4b4d5d2c4cb8a39,660f0ec,0.1.0,2026-05-25T18:35:28+00:00
1465257838,dirichlet_mrv_alpha2,0.40501526736060994,0.111128624007017,0.4838561086323731,0.002,1.0,1.0,F12_default,a37b1d5dd14918e1795478d719ed4c2473049eed441db5e9c4b4d5d2c4cb8a39,660f0ec,0.1.0,2026-05-25T18:35:28+00:00
597731048,dirichlet_mrv_alpha2,0.4238699579834915,0.10560879450300037,0.47052124751350816,0.002,1.0,1.0,F12_default,a37b1d5dd14918e1795478d719ed4c2473049eed441db5e9c4b4d5d2c4cb8a39,660f0ec,0.1.0,2026-05-25T18:35:28+00:00
2503515266,dirichlet_mrv_alpha2,0.24195326513343285,0.33639002628625086,0.4216567085803163,0.002,1.0,1.0,F12_default,a37b1d5dd14918e1795478d719ed4c2473049eed441db5e9c4b4d5d2c4cb8a39,660f0ec,0.1.0,2026-05-25T18:35:28+00:00
3022208406,dirichlet_mrv_alpha2,0.21277456557673138,0.3060514717488854,0.48117396267438334,0.002,1.0000000000000002,1.0000000000000004,F12_default,a37b1d5dd14918e1795478d719ed4c2473049eed441db5e9c4b4d5d2c4cb8a39,660f0ec,0.1.0,2026-05-25T18:35:28+00:00
2591474439,dirichlet_mrv_alpha2,0.516296804250059,0.06698958038293548,0.4167136153670056,0.002,1.0,1.0,F12_default,a37b1d5dd14918e1795478d719ed4c2473049eed441db5e9c4b4d5d2c4cb8a39,660f0ec,0.1.0,2026-05-25T18:35:28+00:00
3562588923,dirichlet_mrv_alpha2,0.25278466686215717,0.36015997855766196,0.38705535458018087,0.002,1.0,1.0,F12_default,a37b1d5dd14918e1795478d719ed4c2473049eed441db5e9c4b4d5d2c4cb8a39,660f0ec,0.1.0,2026-05-25T18:35:28+00:00
1487024719,dirichlet_mrv_alpha2,0.09341844948213929,0.7343651654052408,0.17221638511262,0.002,1.0,1.0,F12_default,a37b1d5dd14918e1795478d719ed4c2473049eed441db5e9c4b4d5d2c4cb8a39,660f0ec,0.1.0,2026-05-25T18:35:28+00:00
614512531,dirichlet_mrv_alpha2,0.44012152086963197,0.43596161806211775,0.12391686106825027,0.002,1.0,1.0,F12_default,a37b1d5dd14918e1795478d719ed4c2473049eed441db5e9c4b4d5d2c4cb8a39,660f0ec,0.1.0,2026-05-25T18:35:28+00:00
2898650735,dirichlet_mrv_alpha2,0.1478464742371025,0.4784571669253315,0.373696358837566,0.002,1.0,1.0,F12_default,a37b1d5dd14918e1795478d719ed4c2473049eed441db5e9c4b4d5d2c4cb8a39,660f0ec,0.1.0,2026-05-25T18:35:28+00:00
