date,portfolio,model,level,loss,var,es,hit,crisis_flag,data_vintage,run_id,config_hash,git_hash,code_version,run_timestamp
2020-10-14,Mkt-RF,FF,0.99,-0.008892087287398794,0.07341081336938786,0.11197394761674534,0,0,synthetic-v1,F16_default,786ddba614cca0b18e42a1f878450d559eb8ae0e389535813e5f1d8226f594e7,ff4006c,0.1.0,2026-05-26T14:42:34+00:00
2020-10-14,Mkt-RF,FF,0.995,-0.008892087287398794,0.093710633042659,0.14154450188562803,0,0,synthetic-v1,F16_default,786ddba614cca0b18e42a1f878450d559eb8ae0e389535813e5f1d8226f594e7,ff4006c,0.1.0,2026-05-26T14:42:34+00:00
2020-10-15,Mkt-RF,FF,0.99,0.004141763663665728,0.07278499571838132,0.1118190566652878,0,0,synthetic-v1,F16_default,786ddba614cca0b18e42a1f878450d559eb8ae0e389535813e5f1d8226f594e7,ff4006c,0.1.0,2026-05-26T14:42:34+00:00
2020-10-15,Mkt-RF,FF,0.995,0.004141763663665728,0.09343307979739535,0.1416052423852649,0,0,synthetic-v1,F16_default,786ddba614cca0b18e42a1f878450d559eb8ae0e389535813e5f1d8226f594e7,ff4006c,0.1.0,2026-05-26T14:42:34+00:00
2020-10-16,Mkt-RF,FF,0.99,0.010544353525554384,0.07303699098806135,0.11194358144003305,0,0,synthetic-v1,F16_default,786ddba614cca0b18e42a1f878450d559eb8ae0e389535813e5f1d8226f594e7,ff4006c,0.1.0,2026-05-26T14:42:34+00:00
2020-10-16,Mkt-RF,FF,0.995,0.010544353525554384,0.09326277281551995,0.14181495503458535,0,0,synthetic-v1,F16_default,786ddba614cca0b18e42a1f878450d559eb8ae0e389535813e5f1d8226f594e7,ff4006c,0.1.0,2026-05-26T14:42:34+00:00
2020-10-19,Mkt-RF,FF,0.99,-0.006225189319889043,0.0730559924187311,0.11206855943936346,0,0,synthetic-v1,F16_default,786ddba614cca0b18e42a1f878450d559eb8ae0e389535813e5f1d8226f594e7,ff4006c,0.1.0,2026-05-26T14:42:34+00:00
2020-10-19,Mkt-RF,FF,0.995,-0.006225189319889043,0.09352840686933034,0.14209221145728268,0,0,synthetic-v1,F16_default,786ddba614cca0b18e42a1f878450d559eb8ae0e389535813e5f1d8226f594e7,ff4006c,0.1.0,2026-05-26T14:42:34+00:00
2020-10-20,Mkt-RF,FF,0.99,-0.008894141001583348,0.0730086610509923,0.11230908443879636,0,0,synthetic-v1,F16_default,786ddba614cca0b18e42a1f878450d559eb8ae0e389535813e5f1d8226f594e7,ff4006c,0.1.0,2026-05-26T14:42:34+00:00
2020-10-20,Mkt-RF,FF,0.995,-0.008894141001583348,0.09362044712438236,0.14235198472015032,0,0,synthetic-v1,F16_default,786ddba614cca0b18e42a1f878450d559eb8ae0e389535813e5f1d8226f594e7,ff4006c,0.1.0,2026-05-26T14:42:34+00:00
2020-10-21,Mkt-RF,FF,0.99,0.0029687463948114526,0.07334178319783732,0.1124976720918516,0,0,synthetic-v1,F16_default,786ddba614cca0b18e42a1f878450d559eb8ae0e389535813e5f1d8226f594e7,ff4006c,0.1.0,2026-05-26T14:42:34+00:00
2020-10-21,Mkt-RF,FF,0.995,0.0029687463948114526,0.09401587684115559,0.1426524878686498,0,0,synthetic-v1,F16_default,786ddba614cca0b18e42a1f878450d559eb8ae0e389535813e5f1d8226f594e7,ff4006c,0.1.0,2026-05-26T14:42:34+00:00
2020-10-22,Mkt-RF,FF,0.99,0.004405868203736089,0.07371686079598826,0.11308741641968509,0,0,synthetic-v1,F16_default,786ddba614cca0b18e42a1f878450d559eb8ae0e389535813e5f1d8226f594e7,ff4006c,0.1.0,2026-05-26T14:42:34+00:00
2020-10-22,Mkt-RF,FF,0.995,0.004405868203736089,0.09439034098049337,0.1432676021983012,0,0,synthetic-v1,F16_default,786ddba614cca0b18e42a1f878450d559eb8ae0e389535813e5f1d8226f594e7,ff4006c,0.1.0,2026-05-26T14:42:34+00:00
2020-10-23,Mkt-RF,FF,0.99,-0.011902070462752589,0.07365318200987728,0.11294674000521784,0,0,synthetic-v1,F16_default,786ddba614cca0b18e42a1f878450d559eb8ae0e389535813e5f1d8226f594e7,ff4006c,0.1.0,2026-05-26T14:42:34+00:00
2020-10-23,Mkt-RF,FF,0.995,-0.011902070462752589,0.09426558257817808,0.14331187818722702,0,0,synthetic-v1,F16_default,786ddba614cca0b18e42a1f878450d559eb8ae0e389535813e5f1d8226f594e7,ff4006c,0.1.0,2026-05-26T14:42:34+00:00
2020-10-26,Mkt-RF,FF,0.99,-0.0016821866198091712,0.07904308141598151,0.1233398127217687,0,0,synthetic-v1,F16_default,786ddba614cca0b18e42a1f878450d559eb8ae0e389535813e5f1d8226f594e7,ff4006c,0.1.0,2026-05-26T14:42:34+00:00
2020-10-26,Mkt-RF,FF,0.995,-0.0016821866198091712,0.10210907957311326,0.15770782913519243,0,0,synthetic-v1,F16_default,786ddba614cca0b18e42a1f878450d559eb8ae0e389535813e5f1d8226f594e7,ff4006c,0.1.0,2026-05-26T14:42:34+00:00
2020-10-27,Mkt-RF,FF,0.99,-0.009046863777771485,0.07336858471346874,0.11277294892135056,0,0,synthetic-v1,F16_default,786ddba614cca0b18e42a1f878450d559eb8ae0e389535813e5f1d8226f594e7,ff4006c,0.1.0,2026-05-26T14:42:34+00:00
2020-10-27,Mkt-RF,FF,0.995,-0.009046863777771485,0.09431915115446342,0.14296618769808442,0,0,synthetic-v1,F16_default,786ddba614cca0b18e42a1f878450d559eb8ae0e389535813e5f1d8226f594e7,ff4006c,0.1.0,2026-05-26T14:42:34+00:00
2020-10-28,Mkt-RF,FF,0.99,-0.0033529496363191025,0.07917162843628753,0.1233891732118127,0,0,synthetic-v1,F16_default,786ddba614cca0b18e42a1f878450d559eb8ae0e389535813e5f1d8226f594e7,ff4006c,0.1.0,2026-05-26T14:42:34+00:00
2020-10-28,Mkt-RF,FF,0.995,-0.0033529496363191025,0.10210027797764903,0.15767537947126242,0,0,synthetic-v1,F16_default,786ddba614cca0b18e42a1f878450d559eb8ae0e389535813e5f1d8226f594e7,ff4006c,0.1.0,2026-05-26T14:42:34+00:00
2020-10-29,Mkt-RF,FF,0.99,-0.0072478548330040075,0.0783486817100116,0.12239545383610567,0,0,synthetic-v1,F16_default,786ddba614cca0b18e42a1f878450d559eb8ae0e389535813e5f1d8226f594e7,ff4006c,0.1.0,2026-05-26T14:42:34+00:00
2020-10-29,Mkt-RF,FF,0.995,-0.0072478548330040075,0.10132629683156912,0.15650609737053334,0,0,synthetic-v1,F16_default,786ddba614cca0b18e42a1f878450d559eb8ae0e389535813e5f1d8226f594e7,ff4006c,0.1.0,2026-05-26T14:42:34+00:00
2020-10-30,Mkt-RF,FF,0.99,0.020259597006618977,0.07860870644837296,0.12247958975501311,0,0,synthetic-v1,F16_default,786ddba614cca0b18e42a1f878450d559eb8ae0e389535813e5f1d8226f594e7,ff4006c,0.1.0,2026-05-26T14:42:34+00:00
2020-10-30,Mkt-RF,FF,0.995,0.020259597006618977,0.10118368533665698,0.15640806915158031,0,0,synthetic-v1,F16_default,786ddba614cca0b18e42a1f878450d559eb8ae0e389535813e5f1d8226f594e7,ff4006c,0.1.0,2026-05-26T14:42:34+00:00
2020-11-02,Mkt-RF,FF,0.99,-0.007544228452673073,0.07303238686319122,0.11185052922558139,0,0,synthetic-v1,F16_default,786ddba614cca0b18e42a1f878450d559eb8ae0e389535813e5f1d8226f594e7,ff4006c,0.1.0,2026-05-26T14:42:34+00:00
2020-11-02,Mkt-RF,FF,0.995,-0.007544228452673073,0.0932998896673351,0.1417884214602634,0,0,synthetic-v1,F16_default,786ddba614cca0b18e42a1f878450d559eb8ae0e389535813e5f1d8226f594e7,ff4006c,0.1.0,2026-05-26T14:42:34+00:00
2020-11-03,Mkt-RF,FF,0.99,0.010393179983750998,0.07310643985335702,0.11191680587747589,0,0,synthetic-v1,F16_default,786ddba614cca0b18e42a1f878450d559eb8ae0e389535813e5f1d8226f594e7,ff4006c,0.1.0,2026-05-26T14:42:34+00:00
2020-11-03,Mkt-RF,FF,0.995,0.010393179983750998,0.09365498092003981,0.1419180258269494,0,0,synthetic-v1,F16_default,786ddba614cca0b18e42a1f878450d559eb8ae0e389535813e5f1d8226f594e7,ff4006c,0.1.0,2026-05-26T14:42:34+00:00
2020-11-04,Mkt-RF,FF,0.99,-0.0032888948914577137,0.07302914062305225,0.11193424116401271,0,0,synthetic-v1,F16_default,786ddba614cca0b18e42a1f878450d559eb8ae0e389535813e5f1d8226f594e7,ff4006c,0.1.0,2026-05-26T14:42:34+00:00
2020-11-04,Mkt-RF,FF,0.995,-0.0032888948914577137,0.09351752889772197,0.14187174212666834,0,0,synthetic-v1,F16_default,786ddba614cca0b18e42a1f878450d559eb8ae0e389535813e5f1d8226f594e7,ff4006c,0.1.0,2026-05-26T14:42:34+00:00
2020-11-05,Mkt-RF,FF,0.99,0.009638386122586912,0.07325384558553204,0.11215562850590896,0,0,synthetic-v1,F16_default,786ddba614cca0b18e42a1f878450d559eb8ae0e389535813e5f1d8226f594e7,ff4006c,0.1.0,2026-05-26T14:42:34+00:00
2020-11-05,Mkt-RF,FF,0.995,0.009638386122586912,0.09358454501479223,0.14210064114636656,0,0,synthetic-v1,F16_default,786ddba614cca0b18e42a1f878450d559eb8ae0e389535813e5f1d8226f594e7,ff4006c,0.1.0,2026-05-26T14:42:34+00:00
2020-11-06,Mkt-RF,FF,0.99,0.0029502166787847583,0.07321330736352852,0.11224046360564122,0,0,synthetic-v1,F16_default,786ddba614cca0b18e42a1f878450d559eb8ae0e389535813e5f1d8226f594e7,ff4006c,0.1.0,2026-05-26T14:42:34+00:00
2020-11-06,Mkt-RF,FF,0.995,0.0029502166787847583,0.09375672877159114,0.14222228303943926,0,0,synthetic-v1,F16_default,786ddba614cca0b18e42a1f878450d559eb8ae0e389535813e5f1d8226f594e7,ff4006c,0.1.0,2026-05-26T14:42:34+00:00
2020-11-09,Mkt-RF,FF,0.99,-0.004759485471227409,0.07479511795537891,0.11537980213116236,0,0,synthetic-v1,F16_default,786ddba614cca0b18e42a1f878450d559eb8ae0e389535813e5f1d8226f594e7,ff4006c,0.1.0,2026-05-26T14:42:34+00:00
2020-11-09,Mkt-RF,FF,0.995,-0.004759485471227409,0.0960655431807586,0.1465953126090977,0,0,synthetic-v1,F16_default,786ddba614cca0b18e42a1f878450d559eb8ae0e389535813e5f1d8226f594e7,ff4006c,0.1.0,2026-05-26T14:42:34+00:00
2020-11-10,Mkt-RF,FF,0.99,0.004138102577759277,0.07474390921529152,0.11532834883427945,0,0,synthetic-v1,F16_default,786ddba614cca0b18e42a1f878450d559eb8ae0e389535813e5f1d8226f594e7,ff4006c,0.1.0,2026-05-26T14:42:34+00:00
2020-11-10,Mkt-RF,FF,0.995,0.004138102577759277,0.09583455382919102,0.1466957210970012,0,0,synthetic-v1,F16_default,786ddba614cca0b18e42a1f878450d559eb8ae0e389535813e5f1d8226f594e7,ff4006c,0.1.0,2026-05-26T14:42:34+00:00
2020-11-11,Mkt-RF,FF,0.99,0.004760425706602644,0.07485594476978845,0.11538400025491405,0,0,synthetic-v1,F16_default,786ddba614cca0b18e42a1f878450d559eb8ae0e389535813e5f1d8226f594e7,ff4006c,0.1.0,2026-05-26T14:42:34+00:00
2020-11-11,Mkt-RF,FF,0.995,0.004760425706602644,0.09608608237906248,0.14672343751288103,0,0,synthetic-v1,F16_default,786ddba614cca0b18e42a1f878450d559eb8ae0e389535813e5f1d8226f594e7,ff4006c,0.1.0,2026-05-26T14:42:34+00:00
2020-11-12,Mkt-RF,FF,0.99,-0.003583527951984809,0.0745769563600211,0.11517406280009954,0,0,synthetic-v1,F16_default,786ddba614cca0b18e42a1f878450d559eb8ae0e389535813e5f1d8226f594e7,ff4006c,0.1.0,2026-05-26T14:42:34+00:00
2020-11-12,Mkt-RF,FF,0.995,-0.003583527951984809,0.09593369203639242,0.14649719240062306,0,0,synthetic-v1,F16_default,786ddba614cca0b18e42a1f878450d559eb8ae0e389535813e5f1d8226f594e7,ff4006c,0.1.0,2026-05-26T14:42:34+00:00
2020-11-13,Mkt-RF,FF,0.99,-0.023736472012030285,0.07447517789152414,0.11494929524400158,0,0,synthetic-v1,F16_default,786ddba614cca0b18e42a1f878450d559eb8ae0e389535813e5f1d8226f594e7,ff4006c,0.1.0,2026-05-26T14:42:34+00:00
2020-11-13,Mkt-RF,FF,0.995,-0.023736472012030285,0.09565202497624126,0.14633327255930645,0,0,synthetic-v1,F16_default,786ddba614cca0b18e42a1f878450d559eb8ae0e389535813e5f1d8226f594e7,ff4006c,0.1.0,2026-05-26T14:42:34+00:00
2020-11-16,Mkt-RF,FF,0.99,0.0071346560655898015,0.07452146917599364,0.1150250730196963,0,0,synthetic-v1,F16_default,786ddba614cca0b18e42a1f878450d559eb8ae0e389535813e5f1d8226f594e7,ff4006c,0.1.0,2026-05-26T14:42:34+00:00
2020-11-16,Mkt-RF,FF,0.995,0.0071346560655898015,0.09554804128065138,0.14647728425708692,0,0,synthetic-v1,F16_default,786ddba614cca0b18e42a1f878450d559eb8ae0e389535813e5f1d8226f594e7,ff4006c,0.1.0,2026-05-26T14:42:34+00:00
2020-11-17,Mkt-RF,FF,0.99,-0.01285560408464295,0.0746586571187041,0.11515212103335712,0,0,synthetic-v1,F16_default,786ddba614cca0b18e42a1f878450d559eb8ae0e389535813e5f1d8226f594e7,ff4006c,0.1.0,2026-05-26T14:42:34+00:00
2020-11-17,Mkt-RF,FF,0.995,-0.01285560408464295,0.09562387974573977,0.14650866437523946,0,0,synthetic-v1,F16_default,786ddba614cca0b18e42a1f878450d559eb8ae0e389535813e5f1d8226f594e7,ff4006c,0.1.0,2026-05-26T14:42:34+00:00
2020-11-18,Mkt-RF,FF,0.99,-0.0008369883676877015,0.07380425542104459,0.11327251751041709,0,0,synthetic-v1,F16_default,786ddba614cca0b18e42a1f878450d559eb8ae0e389535813e5f1d8226f594e7,ff4006c,0.1.0,2026-05-26T14:42:34+00:00
2020-11-18,Mkt-RF,FF,0.995,-0.0008369883676877015,0.09420378729267938,0.143817038020615,0,0,synthetic-v1,F16_default,786ddba614cca0b18e42a1f878450d559eb8ae0e389535813e5f1d8226f594e7,ff4006c,0.1.0,2026-05-26T14:42:34+00:00
2020-11-19,Mkt-RF,FF,0.99,0.0003096452773927814,0.07374708987756828,0.11323155753223813,0,0,synthetic-v1,F16_default,786ddba614cca0b18e42a1f878450d559eb8ae0e389535813e5f1d8226f594e7,ff4006c,0.1.0,2026-05-26T14:42:34+00:00
2020-11-19,Mkt-RF,FF,0.995,0.0003096452773927814,0.09432462963353132,0.1438660706181873,0,0,synthetic-v1,F16_default,786ddba614cca0b18e42a1f878450d559eb8ae0e389535813e5f1d8226f594e7,ff4006c,0.1.0,2026-05-26T14:42:34+00:00
2020-11-20,Mkt-RF,FF,0.99,-0.008293796281066081,0.07383766358688167,0.11314320449245845,0,0,synthetic-v1,F16_default,786ddba614cca0b18e42a1f878450d559eb8ae0e389535813e5f1d8226f594e7,ff4006c,0.1.0,2026-05-26T14:42:34+00:00
2020-11-20,Mkt-RF,FF,0.995,-0.008293796281066081,0.09419894871842009,0.14369647558889848,0,0,synthetic-v1,F16_default,786ddba614cca0b18e42a1f878450d559eb8ae0e389535813e5f1d8226f594e7,ff4006c,0.1.0,2026-05-26T14:42:34+00:00
2020-11-23,Mkt-RF,FF,0.99,-0.01883992152200077,0.07363462722521343,0.11312393834454045,0,0,synthetic-v1,F16_default,786ddba614cca0b18e42a1f878450d559eb8ae0e389535813e5f1d8226f594e7,ff4006c,0.1.0,2026-05-26T14:42:34+00:00
2020-11-23,Mkt-RF,FF,0.995,-0.01883992152200077,0.09438669000687064,0.14361534832341966,0,0,synthetic-v1,F16_default,786ddba614cca0b18e42a1f878450d559eb8ae0e389535813e5f1d8226f594e7,ff4006c,0.1.0,2026-05-26T14:42:34+00:00
2020-11-24,Mkt-RF,FF,0.99,-0.008067171586357079,0.07355604956358686,0.11316720598193397,0,0,synthetic-v1,F16_default,786ddba614cca0b18e42a1f878450d559eb8ae0e389535813e5f1d8226f594e7,ff4006c,0.1.0,2026-05-26T14:42:34+00:00
2020-11-24,Mkt-RF,FF,0.995,-0.008067171586357079,0.09425849136811439,0.14368692683912243,0,0,synthetic-v1,F16_default,786ddba614cca0b18e42a1f878450d559eb8ae0e389535813e5f1d8226f594e7,ff4006c,0.1.0,2026-05-26T14:42:34+00:00
2020-11-25,Mkt-RF,FF,0.99,0.013360723220045948,0.0740159758357894,0.11318058945405104,0,0,synthetic-v1,F16_default,786ddba614cca0b18e42a1f878450d559eb8ae0e389535813e5f1d8226f594e7,ff4006c,0.1.0,2026-05-26T14:42:34+00:00
2020-11-25,Mkt-RF,FF,0.995,0.013360723220045948,0.09441946052265196,0.14379633200915404,0,0,synthetic-v1,F16_default,786ddba614cca0b18e42a1f878450d559eb8ae0e389535813e5f1d8226f594e7,ff4006c,0.1.0,2026-05-26T14:42:34+00:00
2020-11-26,Mkt-RF,FF,0.99,0.011895194484827714,0.07362009240746598,0.11308197696039769,0,0,synthetic-v1,F16_default,786ddba614cca0b18e42a1f878450d559eb8ae0e389535813e5f1d8226f594e7,ff4006c,0.1.0,2026-05-26T14:42:34+00:00
2020-11-26,Mkt-RF,FF,0.995,0.011895194484827714,0.0941747450045544,0.14363668858816558,0,0,synthetic-v1,F16_default,786ddba614cca0b18e42a1f878450d559eb8ae0e389535813e5f1d8226f594e7,ff4006c,0.1.0,2026-05-26T14:42:34+00:00
2020-11-27,Mkt-RF,FF,0.99,-0.01569083621123966,0.08727352432165203,0.14281445738533002,0,0,synthetic-v1,F16_default,786ddba614cca0b18e42a1f878450d559eb8ae0e389535813e5f1d8226f594e7,ff4006c,0.1.0,2026-05-26T14:42:34+00:00
2020-11-27,Mkt-RF,FF,0.995,-0.01569083621123966,0.11494367563038303,0.18622716292796138,0,0,synthetic-v1,F16_default,786ddba614cca0b18e42a1f878450d559eb8ae0e389535813e5f1d8226f594e7,ff4006c,0.1.0,2026-05-26T14:42:34+00:00
2020-11-30,Mkt-RF,FF,0.99,0.014091601487357726,0.08725353010842743,0.14266480218053362,0,0,synthetic-v1,F16_default,786ddba614cca0b18e42a1f878450d559eb8ae0e389535813e5f1d8226f594e7,ff4006c,0.1.0,2026-05-26T14:42:34+00:00
2020-11-30,Mkt-RF,FF,0.995,0.014091601487357726,0.11487693183600403,0.18609332220377817,0,0,synthetic-v1,F16_default,786ddba614cca0b18e42a1f878450d559eb8ae0e389535813e5f1d8226f594e7,ff4006c,0.1.0,2026-05-26T14:42:34+00:00
2020-12-01,Mkt-RF,FF,0.99,0.003658558187360609,0.08691083304822188,0.14194791423273687,0,0,synthetic-v1,F16_default,786ddba614cca0b18e42a1f878450d559eb8ae0e389535813e5f1d8226f594e7,ff4006c,0.1.0,2026-05-26T14:42:34+00:00
2020-12-01,Mkt-RF,FF,0.995,0.003658558187360609,0.11450171179109978,0.1851885027001653,0,0,synthetic-v1,F16_default,786ddba614cca0b18e42a1f878450d559eb8ae0e389535813e5f1d8226f594e7,ff4006c,0.1.0,2026-05-26T14:42:34+00:00
2020-12-02,Mkt-RF,FF,0.99,-0.0006187520289241066,0.08685191421050652,0.14192531956742271,0,0,synthetic-v1,F16_default,786ddba614cca0b18e42a1f878450d559eb8ae0e389535813e5f1d8226f594e7,ff4006c,0.1.0,2026-05-26T14:42:34+00:00
2020-12-02,Mkt-RF,FF,0.995,-0.0006187520289241066,0.11424960080166102,0.18504447339593,0,0,synthetic-v1,F16_default,786ddba614cca0b18e42a1f878450d559eb8ae0e389535813e5f1d8226f594e7,ff4006c,0.1.0,2026-05-26T14:42:34+00:00
2020-12-03,Mkt-RF,FF,0.99,0.007031729204445823,0.08707574334039807,0.14264180573651206,0,0,synthetic-v1,F16_default,786ddba614cca0b18e42a1f878450d559eb8ae0e389535813e5f1d8226f594e7,ff4006c,0.1.0,2026-05-26T14:42:34+00:00
2020-12-03,Mkt-RF,FF,0.995,0.007031729204445823,0.11479272736448595,0.18621414340048376,0,0,synthetic-v1,F16_default,786ddba614cca0b18e42a1f878450d559eb8ae0e389535813e5f1d8226f594e7,ff4006c,0.1.0,2026-05-26T14:42:34+00:00
2020-12-04,Mkt-RF,FF,0.99,0.01838795934484633,0.08730944525694512,0.14296031801678785,0,0,synthetic-v1,F16_default,786ddba614cca0b18e42a1f878450d559eb8ae0e389535813e5f1d8226f594e7,ff4006c,0.1.0,2026-05-26T14:42:34+00:00
2020-12-04,Mkt-RF,FF,0.995,0.01838795934484633,0.11529712610362121,0.18664580178327989,0,0,synthetic-v1,F16_default,786ddba614cca0b18e42a1f878450d559eb8ae0e389535813e5f1d8226f594e7,ff4006c,0.1.0,2026-05-26T14:42:34+00:00
2020-12-07,Mkt-RF,FF,0.99,-0.01101111922906646,0.08710320275187,0.14244525568906727,0,0,synthetic-v1,F16_default,786ddba614cca0b18e42a1f878450d559eb8ae0e389535813e5f1d8226f594e7,ff4006c,0.1.0,2026-05-26T14:42:34+00:00
2020-12-07,Mkt-RF,FF,0.995,-0.01101111922906646,0.11461857598503734,0.1859634973016296,0,0,synthetic-v1,F16_default,786ddba614cca0b18e42a1f878450d559eb8ae0e389535813e5f1d8226f594e7,ff4006c,0.1.0,2026-05-26T14:42:34+00:00
2020-12-08,Mkt-RF,FF,0.99,0.002949916265200406,0.08711997681365871,0.14276640535387608,0,0,synthetic-v1,F16_default,786ddba614cca0b18e42a1f878450d559eb8ae0e389535813e5f1d8226f594e7,ff4006c,0.1.0,2026-05-26T14:42:34+00:00
2020-12-08,Mkt-RF,FF,0.995,0.002949916265200406,0.11494729802278134,0.1862572011978877,0,0,synthetic-v1,F16_default,786ddba614cca0b18e42a1f878450d559eb8ae0e389535813e5f1d8226f594e7,ff4006c,0.1.0,2026-05-26T14:42:34+00:00
2020-12-09,Mkt-RF,FF,0.99,0.005801428762164216,0.08718693465371309,0.14299626961698533,0,0,synthetic-v1,F16_default,786ddba614cca0b18e42a1f878450d559eb8ae0e389535813e5f1d8226f594e7,ff4006c,0.1.0,2026-05-26T14:42:34+00:00
2020-12-09,Mkt-RF,FF,0.995,0.005801428762164216,0.11511055414421537,0.18669347309710216,0,0,synthetic-v1,F16_default,786ddba614cca0b18e42a1f878450d559eb8ae0e389535813e5f1d8226f594e7,ff4006c,0.1.0,2026-05-26T14:42:34+00:00
2020-12-10,Mkt-RF,FF,0.99,-0.004945551917605603,0.08664122692315948,0.14202136620950023,0,0,synthetic-v1,F16_default,786ddba614cca0b18e42a1f878450d559eb8ae0e389535813e5f1d8226f594e7,ff4006c,0.1.0,2026-05-26T14:42:34+00:00
2020-12-10,Mkt-RF,FF,0.995,-0.004945551917605603,0.11450500595880228,0.18539015173598722,0,0,synthetic-v1,F16_default,786ddba614cca0b18e42a1f878450d559eb8ae0e389535813e5f1d8226f594e7,ff4006c,0.1.0,2026-05-26T14:42:34+00:00
2020-12-11,Mkt-RF,FF,0.99,-0.01743143642928177,0.08690182197020883,0.1420794916633298,0,0,synthetic-v1,F16_default,786ddba614cca0b18e42a1f878450d559eb8ae0e389535813e5f1d8226f594e7,ff4006c,0.1.0,2026-05-26T14:42:34+00:00
2020-12-11,Mkt-RF,FF,0.995,-0.01743143642928177,0.11449774148124325,0.18555423652284406,0,0,synthetic-v1,F16_default,786ddba614cca0b18e42a1f878450d559eb8ae0e389535813e5f1d8226f594e7,ff4006c,0.1.0,2026-05-26T14:42:34+00:00
2020-12-14,Mkt-RF,FF,0.99,0.02263142476513276,0.08646533003991488,0.14133687099658054,0,0,synthetic-v1,F16_default,786ddba614cca0b18e42a1f878450d559eb8ae0e389535813e5f1d8226f594e7,ff4006c,0.1.0,2026-05-26T14:42:34+00:00
2020-12-14,Mkt-RF,FF,0.995,0.02263142476513276,0.11379145707528641,0.1844991659900968,0,0,synthetic-v1,F16_default,786ddba614cca0b18e42a1f878450d559eb8ae0e389535813e5f1d8226f594e7,ff4006c,0.1.0,2026-05-26T14:42:34+00:00
2020-12-15,Mkt-RF,FF,0.99,-0.015295631956221929,0.08377692359035668,0.13528677187949115,0,0,synthetic-v1,F16_default,786ddba614cca0b18e42a1f878450d559eb8ae0e389535813e5f1d8226f594e7,ff4006c,0.1.0,2026-05-26T14:42:34+00:00
2020-12-15,Mkt-RF,FF,0.995,-0.015295631956221929,0.10959382415261654,0.17575964062313665,0,0,synthetic-v1,F16_default,786ddba614cca0b18e42a1f878450d559eb8ae0e389535813e5f1d8226f594e7,ff4006c,0.1.0,2026-05-26T14:42:34+00:00
2020-12-16,Mkt-RF,FF,0.99,-0.041075610782731496,0.0836895221380273,0.13523673643411244,0,0,synthetic-v1,F16_default,786ddba614cca0b18e42a1f878450d559eb8ae0e389535813e5f1d8226f594e7,ff4006c,0.1.0,2026-05-26T14:42:34+00:00
2020-12-16,Mkt-RF,FF,0.995,-0.041075610782731496,0.10945140954079555,0.17566420972620855,0,0,synthetic-v1,F16_default,786ddba614cca0b18e42a1f878450d559eb8ae0e389535813e5f1d8226f594e7,ff4006c,0.1.0,2026-05-26T14:42:34+00:00
2020-12-17,Mkt-RF,FF,0.99,-0.027668509948999415,0.0794538869010054,0.12551925179204257,0,0,synthetic-v1,F16_default,786ddba614cca0b18e42a1f878450d559eb8ae0e389535813e5f1d8226f594e7,ff4006c,0.1.0,2026-05-26T14:42:34+00:00
2020-12-17,Mkt-RF,FF,0.995,-0.027668509948999415,0.10291195133160065,0.16139471263577912,0,0,synthetic-v1,F16_default,786ddba614cca0b18e42a1f878450d559eb8ae0e389535813e5f1d8226f594e7,ff4006c,0.1.0,2026-05-26T14:42:34+00:00
2020-12-18,Mkt-RF,FF,0.99,0.011364257273476858,0.07972049263102127,0.12606398216949727,0,0,synthetic-v1,F16_default,786ddba614cca0b18e42a1f878450d559eb8ae0e389535813e5f1d8226f594e7,ff4006c,0.1.0,2026-05-26T14:42:34+00:00
2020-12-18,Mkt-RF,FF,0.995,0.011364257273476858,0.10331571616410806,0.16218313804264578,0,0,synthetic-v1,F16_default,786ddba614cca0b18e42a1f878450d559eb8ae0e389535813e5f1d8226f594e7,ff4006c,0.1.0,2026-05-26T14:42:34+00:00
2020-12-21,Mkt-RF,FF,0.99,0.003797168635112588,0.0834676728476627,0.13479911036400996,0,0,synthetic-v1,F16_default,786ddba614cca0b18e42a1f878450d559eb8ae0e389535813e5f1d8226f594e7,ff4006c,0.1.0,2026-05-26T14:42:34+00:00
2020-12-21,Mkt-RF,FF,0.995,0.003797168635112588,0.10912967993320184,0.1749998930938429,0,0,synthetic-v1,F16_default,786ddba614cca0b18e42a1f878450d559eb8ae0e389535813e5f1d8226f594e7,ff4006c,0.1.0,2026-05-26T14:42:34+00:00
2020-12-22,Mkt-RF,FF,0.99,0.011382163901666284,0.08341330743276967,0.13420026620530506,0,0,synthetic-v1,F16_default,786ddba614cca0b18e42a1f878450d559eb8ae0e389535813e5f1d8226f594e7,ff4006c,0.1.0,2026-05-26T14:42:34+00:00
2020-12-22,Mkt-RF,FF,0.995,0.011382163901666284,0.10889432173331752,0.17429652002249138,0,0,synthetic-v1,F16_default,786ddba614cca0b18e42a1f878450d559eb8ae0e389535813e5f1d8226f594e7,ff4006c,0.1.0,2026-05-26T14:42:34+00:00
2020-12-23,Mkt-RF,FF,0.99,-0.01595363102737878,0.08336105660627147,0.13431115981439398,0,0,synthetic-v1,F16_default,786ddba614cca0b18e42a1f878450d559eb8ae0e389535813e5f1d8226f594e7,ff4006c,0.1.0,2026-05-26T14:42:34+00:00
2020-12-23,Mkt-RF,FF,0.995,-0.01595363102737878,0.10882552344704237,0.1742421170247526,0,0,synthetic-v1,F16_default,786ddba614cca0b18e42a1f878450d559eb8ae0e389535813e5f1d8226f594e7,ff4006c,0.1.0,2026-05-26T14:42:34+00:00
2020-12-24,Mkt-RF,FF,0.99,0.0034457822135511556,0.08862511189538846,0.14675577823189215,0,0,synthetic-v1,F16_default,786ddba614cca0b18e42a1f878450d559eb8ae0e389535813e5f1d8226f594e7,ff4006c,0.1.0,2026-05-26T14:42:34+00:00
2020-12-24,Mkt-RF,FF,0.995,0.0034457822135511556,0.11696918173564375,0.19284629253188945,0,0,synthetic-v1,F16_default,786ddba614cca0b18e42a1f878450d559eb8ae0e389535813e5f1d8226f594e7,ff4006c,0.1.0,2026-05-26T14:42:34+00:00
2020-12-25,Mkt-RF,FF,0.99,0.0005679806574427871,0.08822524546388924,0.14638670572652937,0,0,synthetic-v1,F16_default,786ddba614cca0b18e42a1f878450d559eb8ae0e389535813e5f1d8226f594e7,ff4006c,0.1.0,2026-05-26T14:42:34+00:00
2020-12-25,Mkt-RF,FF,0.995,0.0005679806574427871,0.11679674368671945,0.19212290064596096,0,0,synthetic-v1,F16_default,786ddba614cca0b18e42a1f878450d559eb8ae0e389535813e5f1d8226f594e7,ff4006c,0.1.0,2026-05-26T14:42:34+00:00
2020-12-28,Mkt-RF,FF,0.99,-0.013696872318228179,0.08848830226937654,0.14675400399971458,0,0,synthetic-v1,F16_default,786ddba614cca0b18e42a1f878450d559eb8ae0e389535813e5f1d8226f594e7,ff4006c,0.1.0,2026-05-26T14:42:34+00:00
2020-12-28,Mkt-RF,FF,0.995,-0.013696872318228179,0.1169930704946416,0.19284568893635343,0,0,synthetic-v1,F16_default,786ddba614cca0b18e42a1f878450d559eb8ae0e389535813e5f1d8226f594e7,ff4006c,0.1.0,2026-05-26T14:42:34+00:00
2020-12-29,Mkt-RF,FF,0.99,0.0031103540120059094,0.08874001015001406,0.1472058074939322,0,0,synthetic-v1,F16_default,786ddba614cca0b18e42a1f878450d559eb8ae0e389535813e5f1d8226f594e7,ff4006c,0.1.0,2026-05-26T14:42:34+00:00
2020-12-29,Mkt-RF,FF,0.995,0.0031103540120059094,0.11741358414745413,0.1934684417372185,0,0,synthetic-v1,F16_default,786ddba614cca0b18e42a1f878450d559eb8ae0e389535813e5f1d8226f594e7,ff4006c,0.1.0,2026-05-26T14:42:34+00:00
2020-12-30,Mkt-RF,FF,0.99,-0.006419852220813195,0.08902983642380789,0.14752641411813522,0,0,synthetic-v1,F16_default,786ddba614cca0b18e42a1f878450d559eb8ae0e389535813e5f1d8226f594e7,ff4006c,0.1.0,2026-05-26T14:42:34+00:00
2020-12-30,Mkt-RF,FF,0.995,-0.006419852220813195,0.11755306579640915,0.1938840977629996,0,0,synthetic-v1,F16_default,786ddba614cca0b18e42a1f878450d559eb8ae0e389535813e5f1d8226f594e7,ff4006c,0.1.0,2026-05-26T14:42:34+00:00
2020-12-31,Mkt-RF,FF,0.99,-0.008854676623629466,0.08903666280697804,0.1477545766555991,0,0,synthetic-v1,F16_default,786ddba614cca0b18e42a1f878450d559eb8ae0e389535813e5f1d8226f594e7,ff4006c,0.1.0,2026-05-26T14:42:34+00:00
2020-12-31,Mkt-RF,FF,0.995,-0.008854676623629466,0.11760377206254548,0.19409893827203664,0,0,synthetic-v1,F16_default,786ddba614cca0b18e42a1f878450d559eb8ae0e389535813e5f1d8226f594e7,ff4006c,0.1.0,2026-05-26T14:42:34+00:00
2021-01-01,Mkt-RF,FF,0.99,-0.006924249277850349,0.08887446477171028,0.14709752621712346,0,0,synthetic-v1,F16_default,786ddba614cca0b18e42a1f878450d559eb8ae0e389535813e5f1d8226f594e7,ff4006c,0.1.0,2026-05-26T14:42:34+00:00
2021-01-01,Mkt-RF,FF,0.995,-0.006924249277850349,0.11731753322456138,0.19331263453692576,0,0,synthetic-v1,F16_default,786ddba614cca0b18e42a1f878450d559eb8ae0e389535813e5f1d8226f594e7,ff4006c,0.1.0,2026-05-26T14:42:34+00:00
2021-01-04,Mkt-RF,FF,0.99,0.013569004406649536,0.08865821940486113,0.14700432945323597,0,0,synthetic-v1,F16_default,786ddba614cca0b18e42a1f878450d559eb8ae0e389535813e5f1d8226f594e7,ff4006c,0.1.0,2026-05-26T14:42:34+00:00
2021-01-04,Mkt-RF,FF,0.995,0.013569004406649536,0.117272902771617,0.19297505716433616,0,0,synthetic-v1,F16_default,786ddba614cca0b18e42a1f878450d559eb8ae0e389535813e5f1d8226f594e7,ff4006c,0.1.0,2026-05-26T14:42:34+00:00
2021-01-05,Mkt-RF,FF,0.99,-0.0018924703471525197,0.0858963213937532,0.14133726074974748,0,0,synthetic-v1,F16_default,786ddba614cca0b18e42a1f878450d559eb8ae0e389535813e5f1d8226f594e7,ff4006c,0.1.0,2026-05-26T14:42:34+00:00
2021-01-05,Mkt-RF,FF,0.995,-0.0018924703471525197,0.11322724258106869,0.1849360359292127,0,0,synthetic-v1,F16_default,786ddba614cca0b18e42a1f878450d559eb8ae0e389535813e5f1d8226f594e7,ff4006c,0.1.0,2026-05-26T14:42:34+00:00
2021-01-06,Mkt-RF,FF,0.99,-0.0035814745738818403,0.09075716178165603,0.15151842061670157,0,0,synthetic-v1,F16_default,786ddba614cca0b18e42a1f878450d559eb8ae0e389535813e5f1d8226f594e7,ff4006c,0.1.0,2026-05-26T14:42:34+00:00
2021-01-06,Mkt-RF,FF,0.995,-0.0035814745738818403,0.12040237087048855,0.19974453757779942,0,0,synthetic-v1,F16_default,786ddba614cca0b18e42a1f878450d559eb8ae0e389535813e5f1d8226f594e7,ff4006c,0.1.0,2026-05-26T14:42:34+00:00
2021-01-07,Mkt-RF,FF,0.99,-0.008313558009865826,0.09063848587813952,0.1513321907748887,0,0,synthetic-v1,F16_default,786ddba614cca0b18e42a1f878450d559eb8ae0e389535813e5f1d8226f594e7,ff4006c,0.1.0,2026-05-26T14:42:34+00:00
2021-01-07,Mkt-RF,FF,0.995,-0.008313558009865826,0.12012115703483107,0.19933945914095433,0,0,synthetic-v1,F16_default,786ddba614cca0b18e42a1f878450d559eb8ae0e389535813e5f1d8226f594e7,ff4006c,0.1.0,2026-05-26T14:42:34+00:00
2021-01-08,Mkt-RF,FF,0.99,0.008579966712350777,0.09078043968689575,0.15114933502545813,0,0,synthetic-v1,F16_default,786ddba614cca0b18e42a1f878450d559eb8ae0e389535813e5f1d8226f594e7,ff4006c,0.1.0,2026-05-26T14:42:34+00:00
2021-01-08,Mkt-RF,FF,0.995,0.008579966712350777,0.12013081332332955,0.19919864245739605,0,0,synthetic-v1,F16_default,786ddba614cca0b18e42a1f878450d559eb8ae0e389535813e5f1d8226f594e7,ff4006c,0.1.0,2026-05-26T14:42:34+00:00
2021-01-11,Mkt-RF,FF,0.99,0.004959163357858209,0.08550247183875165,0.14071899301392532,0,0,synthetic-v1,F16_default,786ddba614cca0b18e42a1f878450d559eb8ae0e389535813e5f1d8226f594e7,ff4006c,0.1.0,2026-05-26T14:42:34+00:00
2021-01-11,Mkt-RF,FF,0.995,0.004959163357858209,0.11261553045803362,0.18425704679220806,0,0,synthetic-v1,F16_default,786ddba614cca0b18e42a1f878450d559eb8ae0e389535813e5f1d8226f594e7,ff4006c,0.1.0,2026-05-26T14:42:34+00:00
2021-01-12,Mkt-RF,FF,0.99,0.004593069211959627,0.09003824565038693,0.15067731936175077,0,0,synthetic-v1,F16_default,786ddba614cca0b18e42a1f878450d559eb8ae0e389535813e5f1d8226f594e7,ff4006c,0.1.0,2026-05-26T14:42:34+00:00
2021-01-12,Mkt-RF,FF,0.995,0.004593069211959627,0.11966918322400408,0.19848426110117304,0,0,synthetic-v1,F16_default,786ddba614cca0b18e42a1f878450d559eb8ae0e389535813e5f1d8226f594e7,ff4006c,0.1.0,2026-05-26T14:42:34+00:00
2021-01-13,Mkt-RF,FF,0.99,0.006890617973119073,0.0900261504337212,0.15054073372559715,0,0,synthetic-v1,F16_default,786ddba614cca0b18e42a1f878450d559eb8ae0e389535813e5f1d8226f594e7,ff4006c,0.1.0,2026-05-26T14:42:34+00:00
2021-01-13,Mkt-RF,FF,0.995,0.006890617973119073,0.11960368070871982,0.19836998917047755,0,0,synthetic-v1,F16_default,786ddba614cca0b18e42a1f878450d559eb8ae0e389535813e5f1d8226f594e7,ff4006c,0.1.0,2026-05-26T14:42:34+00:00
2021-01-14,Mkt-RF,FF,0.99,0.001495871727993519,0.0854482118583629,0.1406129539302464,0,0,synthetic-v1,F16_default,786ddba614cca0b18e42a1f878450d559eb8ae0e389535813e5f1d8226f594e7,ff4006c,0.1.0,2026-05-26T14:42:34+00:00
2021-01-14,Mkt-RF,FF,0.995,0.001495871727993519,0.11255696876565109,0.18394054983266223,0,0,synthetic-v1,F16_default,786ddba614cca0b18e42a1f878450d559eb8ae0e389535813e5f1d8226f594e7,ff4006c,0.1.0,2026-05-26T14:42:34+00:00
2021-01-15,Mkt-RF,FF,0.99,-0.004384040124485133,0.08551990671367043,0.14065587823658707,0,0,synthetic-v1,F16_default,786ddba614cca0b18e42a1f878450d559eb8ae0e389535813e5f1d8226f594e7,ff4006c,0.1.0,2026-05-26T14:42:34+00:00
2021-01-15,Mkt-RF,FF,0.995,-0.004384040124485133,0.11254217453014968,0.18406139456641663,0,0,synthetic-v1,F16_default,786ddba614cca0b18e42a1f878450d559eb8ae0e389535813e5f1d8226f594e7,ff4006c,0.1.0,2026-05-26T14:42:34+00:00
2021-01-18,Mkt-RF,FF,0.99,-0.02692078760762225,0.08554910847773267,0.1404567387483269,0,0,synthetic-v1,F16_default,786ddba614cca0b18e42a1f878450d559eb8ae0e389535813e5f1d8226f594e7,ff4006c,0.1.0,2026-05-26T14:42:34+00:00
2021-01-18,Mkt-RF,FF,0.995,-0.02692078760762225,0.11246619546206872,0.18387500829889825,0,0,synthetic-v1,F16_default,786ddba614cca0b18e42a1f878450d559eb8ae0e389535813e5f1d8226f594e7,ff4006c,0.1.0,2026-05-26T14:42:34+00:00
2021-01-19,Mkt-RF,FF,0.99,0.01714330066501178,0.09002796602492436,0.1496474488077736,0,0,synthetic-v1,F16_default,786ddba614cca0b18e42a1f878450d559eb8ae0e389535813e5f1d8226f594e7,ff4006c,0.1.0,2026-05-26T14:42:34+00:00
2021-01-19,Mkt-RF,FF,0.995,0.01714330066501178,0.11911185040431185,0.19688031920982882,0,0,synthetic-v1,F16_default,786ddba614cca0b18e42a1f878450d559eb8ae0e389535813e5f1d8226f594e7,ff4006c,0.1.0,2026-05-26T14:42:34+00:00
2021-01-20,Mkt-RF,FF,0.99,0.013504778077667435,0.08550681878495137,0.13989078595787063,0,0,synthetic-v1,F16_default,786ddba614cca0b18e42a1f878450d559eb8ae0e389535813e5f1d8226f594e7,ff4006c,0.1.0,2026-05-26T14:42:34+00:00
2021-01-20,Mkt-RF,FF,0.995,0.013504778077667435,0.11217012292777673,0.18273645479495845,0,0,synthetic-v1,F16_default,786ddba614cca0b18e42a1f878450d559eb8ae0e389535813e5f1d8226f594e7,ff4006c,0.1.0,2026-05-26T14:42:34+00:00
2021-01-21,Mkt-RF,FF,0.99,-0.030774596958662297,0.08533062576636695,0.13996619276955183,0,0,synthetic-v1,F16_default,786ddba614cca0b18e42a1f878450d559eb8ae0e389535813e5f1d8226f594e7,ff4006c,0.1.0,2026-05-26T14:42:34+00:00
2021-01-21,Mkt-RF,FF,0.995,-0.030774596958662297,0.1123213117007328,0.18289493231498216,0,0,synthetic-v1,F16_default,786ddba614cca0b18e42a1f878450d559eb8ae0e389535813e5f1d8226f594e7,ff4006c,0.1.0,2026-05-26T14:42:34+00:00
2021-01-22,Mkt-RF,FF,0.99,0.012480605580375038,0.08585731692641552,0.14058408744215373,0,0,synthetic-v1,F16_default,786ddba614cca0b18e42a1f878450d559eb8ae0e389535813e5f1d8226f594e7,ff4006c,0.1.0,2026-05-26T14:42:34+00:00
2021-01-22,Mkt-RF,FF,0.995,0.012480605580375038,0.1129271422253126,0.18373766677701692,0,0,synthetic-v1,F16_default,786ddba614cca0b18e42a1f878450d559eb8ae0e389535813e5f1d8226f594e7,ff4006c,0.1.0,2026-05-26T14:42:34+00:00
2021-01-25,Mkt-RF,FF,0.99,0.00925239064477976,0.08677716219088491,0.14307188518903372,0,0,synthetic-v1,F16_default,786ddba614cca0b18e42a1f878450d559eb8ae0e389535813e5f1d8226f594e7,ff4006c,0.1.0,2026-05-26T14:42:34+00:00
2021-01-25,Mkt-RF,FF,0.995,0.00925239064477976,0.1143466938277828,0.18735081007008175,0,0,synthetic-v1,F16_default,786ddba614cca0b18e42a1f878450d559eb8ae0e389535813e5f1d8226f594e7,ff4006c,0.1.0,2026-05-26T14:42:34+00:00
2021-01-26,Mkt-RF,FF,0.99,-0.004402553585868558,0.08703049843135392,0.1428993481200612,0,0,synthetic-v1,F16_default,786ddba614cca0b18e42a1f878450d559eb8ae0e389535813e5f1d8226f594e7,ff4006c,0.1.0,2026-05-26T14:42:34+00:00
2021-01-26,Mkt-RF,FF,0.995,-0.004402553585868558,0.11429430028975096,0.18724325637762204,0,0,synthetic-v1,F16_default,786ddba614cca0b18e42a1f878450d559eb8ae0e389535813e5f1d8226f594e7,ff4006c,0.1.0,2026-05-26T14:42:34+00:00
2021-01-27,Mkt-RF,FF,0.99,0.008324262113206122,0.09104419992756677,0.1520156710648898,0,0,synthetic-v1,F16_default,786ddba614cca0b18e42a1f878450d559eb8ae0e389535813e5f1d8226f594e7,ff4006c,0.1.0,2026-05-26T14:42:34+00:00
2021-01-27,Mkt-RF,FF,0.995,0.008324262113206122,0.120574695318631,0.20034410708163533,0,0,synthetic-v1,F16_default,786ddba614cca0b18e42a1f878450d559eb8ae0e389535813e5f1d8226f594e7,ff4006c,0.1.0,2026-05-26T14:42:34+00:00
2021-01-28,Mkt-RF,FF,0.99,-0.011105694843001588,0.08655363868436339,0.14246137835622355,0,0,synthetic-v1,F16_default,786ddba614cca0b18e42a1f878450d559eb8ae0e389535813e5f1d8226f594e7,ff4006c,0.1.0,2026-05-26T14:42:34+00:00
2021-01-28,Mkt-RF,FF,0.995,-0.011105694843001588,0.11396340988326153,0.18666493476134866,0,0,synthetic-v1,F16_default,786ddba614cca0b18e42a1f878450d559eb8ae0e389535813e5f1d8226f594e7,ff4006c,0.1.0,2026-05-26T14:42:34+00:00
2021-01-29,Mkt-RF,FF,0.99,-0.018031061798576647,0.09085252851064096,0.1520037667469455,0,0,synthetic-v1,F16_default,786ddba614cca0b18e42a1f878450d559eb8ae0e389535813e5f1d8226f594e7,ff4006c,0.1.0,2026-05-26T14:42:34+00:00
2021-01-29,Mkt-RF,FF,0.995,-0.018031061798576647,0.1204613913862566,0.2002542746322287,0,0,synthetic-v1,F16_default,786ddba614cca0b18e42a1f878450d559eb8ae0e389535813e5f1d8226f594e7,ff4006c,0.1.0,2026-05-26T14:42:34+00:00
2021-02-01,Mkt-RF,FF,0.99,-0.010459824966933354,0.09093160202833872,0.1519861320567794,0,0,synthetic-v1,F16_default,786ddba614cca0b18e42a1f878450d559eb8ae0e389535813e5f1d8226f594e7,ff4006c,0.1.0,2026-05-26T14:42:34+00:00
2021-02-01,Mkt-RF,FF,0.995,-0.010459824966933354,0.12059088762537537,0.2003384445819696,0,0,synthetic-v1,F16_default,786ddba614cca0b18e42a1f878450d559eb8ae0e389535813e5f1d8226f594e7,ff4006c,0.1.0,2026-05-26T14:42:34+00:00
2021-02-02,Mkt-RF,FF,0.99,-0.009068397992044888,0.09104235176345361,0.1519452733501035,0,0,synthetic-v1,F16_default,786ddba614cca0b18e42a1f878450d559eb8ae0e389535813e5f1d8226f594e7,ff4006c,0.1.0,2026-05-26T14:42:34+00:00
2021-02-02,Mkt-RF,FF,0.995,-0.009068397992044888,0.12062151941280087,0.20035945304574276,0,0,synthetic-v1,F16_default,786ddba614cca0b18e42a1f878450d559eb8ae0e389535813e5f1d8226f594e7,ff4006c,0.1.0,2026-05-26T14:42:34+00:00
2021-02-03,Mkt-RF,FF,0.99,-0.008297410958629512,0.0897039016560834,0.1505838567982123,0,0,synthetic-v1,F16_default,786ddba614cca0b18e42a1f878450d559eb8ae0e389535813e5f1d8226f594e7,ff4006c,0.1.0,2026-05-26T14:42:34+00:00
2021-02-03,Mkt-RF,FF,0.995,-0.008297410958629512,0.11927777855357992,0.19889165778534482,0,0,synthetic-v1,F16_default,786ddba614cca0b18e42a1f878450d559eb8ae0e389535813e5f1d8226f594e7,ff4006c,0.1.0,2026-05-26T14:42:34+00:00
2021-02-04,Mkt-RF,FF,0.99,0.002025415205158728,0.08969521637372097,0.15060241228496937,0,0,synthetic-v1,F16_default,786ddba614cca0b18e42a1f878450d559eb8ae0e389535813e5f1d8226f594e7,ff4006c,0.1.0,2026-05-26T14:42:34+00:00
2021-02-04,Mkt-RF,FF,0.995,0.002025415205158728,0.11886633882047684,0.1989744321301777,0,0,synthetic-v1,F16_default,786ddba614cca0b18e42a1f878450d559eb8ae0e389535813e5f1d8226f594e7,ff4006c,0.1.0,2026-05-26T14:42:34+00:00
2021-02-05,Mkt-RF,FF,0.99,-0.00537370472877044,0.0897031426130723,0.150541773890254,0,0,synthetic-v1,F16_default,786ddba614cca0b18e42a1f878450d559eb8ae0e389535813e5f1d8226f594e7,ff4006c,0.1.0,2026-05-26T14:42:34+00:00
2021-02-05,Mkt-RF,FF,0.995,-0.00537370472877044,0.11914517477380232,0.1989637440521621,0,0,synthetic-v1,F16_default,786ddba614cca0b18e42a1f878450d559eb8ae0e389535813e5f1d8226f594e7,ff4006c,0.1.0,2026-05-26T14:42:34+00:00
2021-02-08,Mkt-RF,FF,0.99,-0.005321440387086862,0.08919360615889596,0.15027252740246544,0,0,synthetic-v1,F16_default,786ddba614cca0b18e42a1f878450d559eb8ae0e389535813e5f1d8226f594e7,ff4006c,0.1.0,2026-05-26T14:42:34+00:00
2021-02-08,Mkt-RF,FF,0.995,-0.005321440387086862,0.11890590724309699,0.19870536468168892,0,0,synthetic-v1,F16_default,786ddba614cca0b18e42a1f878450d559eb8ae0e389535813e5f1d8226f594e7,ff4006c,0.1.0,2026-05-26T14:42:34+00:00
2021-02-09,Mkt-RF,FF,0.99,0.006937498940851136,0.08948373630359713,0.1507186484922077,0,0,synthetic-v1,F16_default,786ddba614cca0b18e42a1f878450d559eb8ae0e389535813e5f1d8226f594e7,ff4006c,0.1.0,2026-05-26T14:42:34+00:00
2021-02-09,Mkt-RF,FF,0.995,0.006937498940851136,0.11921200138058533,0.19897985228296966,0,0,synthetic-v1,F16_default,786ddba614cca0b18e42a1f878450d559eb8ae0e389535813e5f1d8226f594e7,ff4006c,0.1.0,2026-05-26T14:42:34+00:00
2021-02-10,Mkt-RF,FF,0.99,0.008507026729416648,0.08953906844707556,0.15054539037411446,0,0,synthetic-v1,F16_default,786ddba614cca0b18e42a1f878450d559eb8ae0e389535813e5f1d8226f594e7,ff4006c,0.1.0,2026-05-26T14:42:34+00:00
2021-02-10,Mkt-RF,FF,0.995,0.008507026729416648,0.1191340185738039,0.1989307866560531,0,0,synthetic-v1,F16_default,786ddba614cca0b18e42a1f878450d559eb8ae0e389535813e5f1d8226f594e7,ff4006c,0.1.0,2026-05-26T14:42:34+00:00
2021-02-11,Mkt-RF,FF,0.99,0.004362606122966918,0.08929384611605326,0.15016501250648726,0,0,synthetic-v1,F16_default,786ddba614cca0b18e42a1f878450d559eb8ae0e389535813e5f1d8226f594e7,ff4006c,0.1.0,2026-05-26T14:42:34+00:00
2021-02-11,Mkt-RF,FF,0.995,0.004362606122966918,0.1186936849241001,0.19850277629940472,0,0,synthetic-v1,F16_default,786ddba614cca0b18e42a1f878450d559eb8ae0e389535813e5f1d8226f594e7,ff4006c,0.1.0,2026-05-26T14:42:34+00:00
2021-02-12,Mkt-RF,FF,0.99,0.0007159741304063879,0.09047529025383108,0.15101998298798747,0,0,synthetic-v1,F16_default,786ddba614cca0b18e42a1f878450d559eb8ae0e389535813e5f1d8226f594e7,ff4006c,0.1.0,2026-05-26T14:42:34+00:00
2021-02-12,Mkt-RF,FF,0.995,0.0007159741304063879,0.11965860405487916,0.1991806494990246,0,0,synthetic-v1,F16_default,786ddba614cca0b18e42a1f878450d559eb8ae0e389535813e5f1d8226f594e7,ff4006c,0.1.0,2026-05-26T14:42:34+00:00
2021-02-15,Mkt-RF,FF,0.99,0.003223067452508023,0.09070632445765346,0.15155861360394046,0,0,synthetic-v1,F16_default,786ddba614cca0b18e42a1f878450d559eb8ae0e389535813e5f1d8226f594e7,ff4006c,0.1.0,2026-05-26T14:42:34+00:00
2021-02-15,Mkt-RF,FF,0.995,0.003223067452508023,0.1203361221907277,0.1995389490740847,0,0,synthetic-v1,F16_default,786ddba614cca0b18e42a1f878450d559eb8ae0e389535813e5f1d8226f594e7,ff4006c,0.1.0,2026-05-26T14:42:34+00:00
2021-02-16,Mkt-RF,FF,0.99,-0.01685759840089442,0.09032154769433134,0.15102944693622866,0,0,synthetic-v1,F16_default,786ddba614cca0b18e42a1f878450d559eb8ae0e389535813e5f1d8226f594e7,ff4006c,0.1.0,2026-05-26T14:42:34+00:00
2021-02-16,Mkt-RF,FF,0.995,-0.01685759840089442,0.11952426571504926,0.19910597123693236,0,0,synthetic-v1,F16_default,786ddba614cca0b18e42a1f878450d559eb8ae0e389535813e5f1d8226f594e7,ff4006c,0.1.0,2026-05-26T14:42:34+00:00
2021-02-17,Mkt-RF,FF,0.99,-0.028600524256302218,0.09046880203771601,0.15134769935165004,0,0,synthetic-v1,F16_default,786ddba614cca0b18e42a1f878450d559eb8ae0e389535813e5f1d8226f594e7,ff4006c,0.1.0,2026-05-26T14:42:34+00:00
2021-02-17,Mkt-RF,FF,0.995,-0.028600524256302218,0.119963678638941,0.19942914233782943,0,0,synthetic-v1,F16_default,786ddba614cca0b18e42a1f878450d559eb8ae0e389535813e5f1d8226f594e7,ff4006c,0.1.0,2026-05-26T14:42:34+00:00
2021-02-18,Mkt-RF,FF,0.99,0.040404941592980304,0.09061757812309072,0.15137703838486138,0,0,synthetic-v1,F16_default,786ddba614cca0b18e42a1f878450d559eb8ae0e389535813e5f1d8226f594e7,ff4006c,0.1.0,2026-05-26T14:42:34+00:00
2021-02-18,Mkt-RF,FF,0.995,0.040404941592980304,0.12014311127367593,0.19936195545324528,0,0,synthetic-v1,F16_default,786ddba614cca0b18e42a1f878450d559eb8ae0e389535813e5f1d8226f594e7,ff4006c,0.1.0,2026-05-26T14:42:34+00:00
2021-02-19,Mkt-RF,FF,0.99,-0.0025165382788646194,0.10145454705704769,0.17770314327239323,0,0,synthetic-v1,F16_default,786ddba614cca0b18e42a1f878450d559eb8ae0e389535813e5f1d8226f594e7,ff4006c,0.1.0,2026-05-26T14:42:34+00:00
2021-02-19,Mkt-RF,FF,0.995,-0.0025165382788646194,0.13738290000382558,0.23854999442077357,0,0,synthetic-v1,F16_default,786ddba614cca0b18e42a1f878450d559eb8ae0e389535813e5f1d8226f594e7,ff4006c,0.1.0,2026-05-26T14:42:34+00:00
2021-02-22,Mkt-RF,FF,0.99,-0.010256475537278827,0.10099458775921365,0.17711201174704316,0,0,synthetic-v1,F16_default,786ddba614cca0b18e42a1f878450d559eb8ae0e389535813e5f1d8226f594e7,ff4006c,0.1.0,2026-05-26T14:42:34+00:00
2021-02-22,Mkt-RF,FF,0.995,-0.010256475537278827,0.13700577525857272,0.2380027625064708,0,0,synthetic-v1,F16_default,786ddba614cca0b18e42a1f878450d559eb8ae0e389535813e5f1d8226f594e7,ff4006c,0.1.0,2026-05-26T14:42:34+00:00
2021-02-23,Mkt-RF,FF,0.99,-0.012783109204660966,0.10109928837898445,0.1773493796906615,0,0,synthetic-v1,F16_default,786ddba614cca0b18e42a1f878450d559eb8ae0e389535813e5f1d8226f594e7,ff4006c,0.1.0,2026-05-26T14:42:34+00:00
2021-02-23,Mkt-RF,FF,0.995,-0.012783109204660966,0.13696884351915567,0.23828396200487428,0,0,synthetic-v1,F16_default,786ddba614cca0b18e42a1f878450d559eb8ae0e389535813e5f1d8226f594e7,ff4006c,0.1.0,2026-05-26T14:42:34+00:00
2021-02-24,Mkt-RF,FF,0.99,0.007741170254084472,0.10117355692654821,0.17757745655610477,0,0,synthetic-v1,F16_default,786ddba614cca0b18e42a1f878450d559eb8ae0e389535813e5f1d8226f594e7,ff4006c,0.1.0,2026-05-26T14:42:34+00:00
2021-02-24,Mkt-RF,FF,0.995,0.007741170254084472,0.13717100692740955,0.2387082678279888,0,0,synthetic-v1,F16_default,786ddba614cca0b18e42a1f878450d559eb8ae0e389535813e5f1d8226f594e7,ff4006c,0.1.0,2026-05-26T14:42:34+00:00
2021-02-25,Mkt-RF,FF,0.99,0.011124980161137953,0.10128777812605085,0.17767735351300296,0,0,synthetic-v1,F16_default,786ddba614cca0b18e42a1f878450d559eb8ae0e389535813e5f1d8226f594e7,ff4006c,0.1.0,2026-05-26T14:42:34+00:00
2021-02-25,Mkt-RF,FF,0.995,0.011124980161137953,0.137259839705682,0.23872211515210218,0,0,synthetic-v1,F16_default,786ddba614cca0b18e42a1f878450d559eb8ae0e389535813e5f1d8226f594e7,ff4006c,0.1.0,2026-05-26T14:42:34+00:00
2021-02-26,Mkt-RF,FF,0.99,0.004344331700817474,0.10115142288246501,0.17737167442308005,0,0,synthetic-v1,F16_default,786ddba614cca0b18e42a1f878450d559eb8ae0e389535813e5f1d8226f594e7,ff4006c,0.1.0,2026-05-26T14:42:34+00:00
2021-02-26,Mkt-RF,FF,0.995,0.004344331700817474,0.1370266013073504,0.23833643633916268,0,0,synthetic-v1,F16_default,786ddba614cca0b18e42a1f878450d559eb8ae0e389535813e5f1d8226f594e7,ff4006c,0.1.0,2026-05-26T14:42:34+00:00
2021-03-01,Mkt-RF,FF,0.99,0.013939438218306385,0.10098697823144306,0.17705269969249848,0,0,synthetic-v1,F16_default,786ddba614cca0b18e42a1f878450d559eb8ae0e389535813e5f1d8226f594e7,ff4006c,0.1.0,2026-05-26T14:42:34+00:00
2021-03-01,Mkt-RF,FF,0.995,0.013939438218306385,0.13680264973392844,0.23790800119662703,0,0,synthetic-v1,F16_default,786ddba614cca0b18e42a1f878450d559eb8ae0e389535813e5f1d8226f594e7,ff4006c,0.1.0,2026-05-26T14:42:34+00:00
2021-03-02,Mkt-RF,FF,0.99,0.0004121713002495995,0.10010408854392397,0.17511945732027479,0,0,synthetic-v1,F16_default,786ddba614cca0b18e42a1f878450d559eb8ae0e389535813e5f1d8226f594e7,ff4006c,0.1.0,2026-05-26T14:42:34+00:00
2021-03-02,Mkt-RF,FF,0.995,0.0004121713002495995,0.1353633646026552,0.23508115815842123,0,0,synthetic-v1,F16_default,786ddba614cca0b18e42a1f878450d559eb8ae0e389535813e5f1d8226f594e7,ff4006c,0.1.0,2026-05-26T14:42:34+00:00
2021-03-03,Mkt-RF,FF,0.99,0.017123057375083912,0.09982554545106664,0.17468770722725233,0,0,synthetic-v1,F16_default,786ddba614cca0b18e42a1f878450d559eb8ae0e389535813e5f1d8226f594e7,ff4006c,0.1.0,2026-05-26T14:42:34+00:00
2021-03-03,Mkt-RF,FF,0.995,0.017123057375083912,0.13519762179493938,0.2344157216334109,0,0,synthetic-v1,F16_default,786ddba614cca0b18e42a1f878450d559eb8ae0e389535813e5f1d8226f594e7,ff4006c,0.1.0,2026-05-26T14:42:34+00:00
2021-03-04,Mkt-RF,FF,0.99,-0.008533246792506667,0.09999531837170858,0.17503743881136624,0,0,synthetic-v1,F16_default,786ddba614cca0b18e42a1f878450d559eb8ae0e389535813e5f1d8226f594e7,ff4006c,0.1.0,2026-05-26T14:42:34+00:00
2021-03-04,Mkt-RF,FF,0.995,-0.008533246792506667,0.1353340092855241,0.2348801740215825,0,0,synthetic-v1,F16_default,786ddba614cca0b18e42a1f878450d559eb8ae0e389535813e5f1d8226f594e7,ff4006c,0.1.0,2026-05-26T14:42:34+00:00
2021-03-05,Mkt-RF,FF,0.99,-0.002751449778719137,0.10005526023465412,0.17503044178443228,0,0,synthetic-v1,F16_default,786ddba614cca0b18e42a1f878450d559eb8ae0e389535813e5f1d8226f594e7,ff4006c,0.1.0,2026-05-26T14:42:34+00:00
2021-03-05,Mkt-RF,FF,0.995,-0.002751449778719137,0.13549966364254712,0.23498084336693376,0,0,synthetic-v1,F16_default,786ddba614cca0b18e42a1f878450d559eb8ae0e389535813e5f1d8226f594e7,ff4006c,0.1.0,2026-05-26T14:42:34+00:00
2021-03-08,Mkt-RF,FF,0.99,0.006298525037052684,0.1000499152209392,0.1749859302509829,0,0,synthetic-v1,F16_default,786ddba614cca0b18e42a1f878450d559eb8ae0e389535813e5f1d8226f594e7,ff4006c,0.1.0,2026-05-26T14:42:34+00:00
2021-03-08,Mkt-RF,FF,0.995,0.006298525037052684,0.1353667842142013,0.23485350216004347,0,0,synthetic-v1,F16_default,786ddba614cca0b18e42a1f878450d559eb8ae0e389535813e5f1d8226f594e7,ff4006c,0.1.0,2026-05-26T14:42:34+00:00
2021-03-09,Mkt-RF,FF,0.99,-0.004271617010103314,0.10025505754788236,0.1753826943419641,0,0,synthetic-v1,F16_default,786ddba614cca0b18e42a1f878450d559eb8ae0e389535813e5f1d8226f594e7,ff4006c,0.1.0,2026-05-26T14:42:34+00:00
2021-03-09,Mkt-RF,FF,0.995,-0.004271617010103314,0.13573286799833917,0.2355767661357131,0,0,synthetic-v1,F16_default,786ddba614cca0b18e42a1f878450d559eb8ae0e389535813e5f1d8226f594e7,ff4006c,0.1.0,2026-05-26T14:42:34+00:00
2021-03-10,Mkt-RF,FF,0.99,0.004904933253937389,0.10019061176067354,0.17539781978409286,0,0,synthetic-v1,F16_default,786ddba614cca0b18e42a1f878450d559eb8ae0e389535813e5f1d8226f594e7,ff4006c,0.1.0,2026-05-26T14:42:34+00:00
2021-03-10,Mkt-RF,FF,0.995,0.004904933253937389,0.13566890806585638,0.23543721927029782,0,0,synthetic-v1,F16_default,786ddba614cca0b18e42a1f878450d559eb8ae0e389535813e5f1d8226f594e7,ff4006c,0.1.0,2026-05-26T14:42:34+00:00
2021-03-11,Mkt-RF,FF,0.99,-0.00361776885835963,0.10025388948739067,0.17550970427292728,0,0,synthetic-v1,F16_default,786ddba614cca0b18e42a1f878450d559eb8ae0e389535813e5f1d8226f594e7,ff4006c,0.1.0,2026-05-26T14:42:34+00:00
2021-03-11,Mkt-RF,FF,0.995,-0.00361776885835963,0.1357390911813498,0.23564736873106834,0,0,synthetic-v1,F16_default,786ddba614cca0b18e42a1f878450d559eb8ae0e389535813e5f1d8226f594e7,ff4006c,0.1.0,2026-05-26T14:42:34+00:00
2021-03-12,Mkt-RF,FF,0.99,-0.00016427671793060422,0.10009959940383226,0.17541767139136083,0,0,synthetic-v1,F16_default,786ddba614cca0b18e42a1f878450d559eb8ae0e389535813e5f1d8226f594e7,ff4006c,0.1.0,2026-05-26T14:42:34+00:00
2021-03-12,Mkt-RF,FF,0.995,-0.00016427671793060422,0.13563153672057743,0.23550118977856113,0,0,synthetic-v1,F16_default,786ddba614cca0b18e42a1f878450d559eb8ae0e389535813e5f1d8226f594e7,ff4006c,0.1.0,2026-05-26T14:42:34+00:00
2021-03-15,Mkt-RF,FF,0.99,0.03029792163909277,0.10010679734800362,0.17549746028981347,0,0,synthetic-v1,F16_default,786ddba614cca0b18e42a1f878450d559eb8ae0e389535813e5f1d8226f594e7,ff4006c,0.1.0,2026-05-26T14:42:34+00:00
2021-03-15,Mkt-RF,FF,0.995,0.03029792163909277,0.13568263361399838,0.23573266755502476,0,0,synthetic-v1,F16_default,786ddba614cca0b18e42a1f878450d559eb8ae0e389535813e5f1d8226f594e7,ff4006c,0.1.0,2026-05-26T14:42:34+00:00
2021-03-16,Mkt-RF,FF,0.99,0.01016759822409286,0.10353446086377713,0.18389239390886136,0,0,synthetic-v1,F16_default,786ddba614cca0b18e42a1f878450d559eb8ae0e389535813e5f1d8226f594e7,ff4006c,0.1.0,2026-05-26T14:42:34+00:00
2021-03-16,Mkt-RF,FF,0.995,0.01016759822409286,0.14113272344764582,0.24822741038842427,0,0,synthetic-v1,F16_default,786ddba614cca0b18e42a1f878450d559eb8ae0e389535813e5f1d8226f594e7,ff4006c,0.1.0,2026-05-26T14:42:34+00:00
2021-03-17,Mkt-RF,FF,0.99,0.011614056621270238,0.10349422557435332,0.18388884775691386,0,0,synthetic-v1,F16_default,786ddba614cca0b18e42a1f878450d559eb8ae0e389535813e5f1d8226f594e7,ff4006c,0.1.0,2026-05-26T14:42:34+00:00
2021-03-17,Mkt-RF,FF,0.995,0.011614056621270238,0.1412146249077179,0.24823002846872372,0,0,synthetic-v1,F16_default,786ddba614cca0b18e42a1f878450d559eb8ae0e389535813e5f1d8226f594e7,ff4006c,0.1.0,2026-05-26T14:42:34+00:00
2021-03-18,Mkt-RF,FF,0.99,-0.015181215359220153,0.10352936363049851,0.1838165882231403,0,0,synthetic-v1,F16_default,786ddba614cca0b18e42a1f878450d559eb8ae0e389535813e5f1d8226f594e7,ff4006c,0.1.0,2026-05-26T14:42:34+00:00
2021-03-18,Mkt-RF,FF,0.995,-0.015181215359220153,0.1411399429866878,0.24814081593494253,0,0,synthetic-v1,F16_default,786ddba614cca0b18e42a1f878450d559eb8ae0e389535813e5f1d8226f594e7,ff4006c,0.1.0,2026-05-26T14:42:34+00:00
2021-03-19,Mkt-RF,FF,0.99,-0.05640933244748938,0.10370790304528808,0.18449323757042987,0,0,synthetic-v1,F16_default,786ddba614cca0b18e42a1f878450d559eb8ae0e389535813e5f1d8226f594e7,ff4006c,0.1.0,2026-05-26T14:42:34+00:00
2021-03-19,Mkt-RF,FF,0.995,-0.05640933244748938,0.14169276137723294,0.24900509545099636,0,0,synthetic-v1,F16_default,786ddba614cca0b18e42a1f878450d559eb8ae0e389535813e5f1d8226f594e7,ff4006c,0.1.0,2026-05-26T14:42:34+00:00
2021-03-22,Mkt-RF,FF,0.99,0.0208840061943948,0.10397142445067803,0.18429980336650928,0,0,synthetic-v1,F16_default,786ddba614cca0b18e42a1f878450d559eb8ae0e389535813e5f1d8226f594e7,ff4006c,0.1.0,2026-05-26T14:42:34+00:00
2021-03-22,Mkt-RF,FF,0.995,0.0208840061943948,0.14152701677264354,0.24866875809699898,0,0,synthetic-v1,F16_default,786ddba614cca0b18e42a1f878450d559eb8ae0e389535813e5f1d8226f594e7,ff4006c,0.1.0,2026-05-26T14:42:34+00:00
2021-03-23,Mkt-RF,FF,0.99,0.01188686407368004,0.10353583981731113,0.1840194172025174,0,0,synthetic-v1,F16_default,786ddba614cca0b18e42a1f878450d559eb8ae0e389535813e5f1d8226f594e7,ff4006c,0.1.0,2026-05-26T14:42:34+00:00
2021-03-23,Mkt-RF,FF,0.995,0.01188686407368004,0.1413690173533595,0.24843699379332193,0,0,synthetic-v1,F16_default,786ddba614cca0b18e42a1f878450d559eb8ae0e389535813e5f1d8226f594e7,ff4006c,0.1.0,2026-05-26T14:42:34+00:00
2021-03-24,Mkt-RF,FF,0.99,-0.06601930693048247,0.10327109265092184,0.18369073719417198,0,0,synthetic-v1,F16_default,786ddba614cca0b18e42a1f878450d559eb8ae0e389535813e5f1d8226f594e7,ff4006c,0.1.0,2026-05-26T14:42:34+00:00
2021-03-24,Mkt-RF,FF,0.995,-0.06601930693048247,0.1410965475848893,0.24787078219485026,0,0,synthetic-v1,F16_default,786ddba614cca0b18e42a1f878450d559eb8ae0e389535813e5f1d8226f594e7,ff4006c,0.1.0,2026-05-26T14:42:34+00:00
2021-03-25,Mkt-RF,FF,0.99,-0.01678470951427696,0.104349890512551,0.18540232555511488,0,0,synthetic-v1,F16_default,786ddba614cca0b18e42a1f878450d559eb8ae0e389535813e5f1d8226f594e7,ff4006c,0.1.0,2026-05-26T14:42:34+00:00
2021-03-25,Mkt-RF,FF,0.995,-0.01678470951427696,0.14222475652653596,0.25051363084558853,0,0,synthetic-v1,F16_default,786ddba614cca0b18e42a1f878450d559eb8ae0e389535813e5f1d8226f594e7,ff4006c,0.1.0,2026-05-26T14:42:34+00:00
2021-03-26,Mkt-RF,FF,0.99,0.006511737704728444,0.10377226476284332,0.18458060263311493,0,0,synthetic-v1,F16_default,786ddba614cca0b18e42a1f878450d559eb8ae0e389535813e5f1d8226f594e7,ff4006c,0.1.0,2026-05-26T14:42:34+00:00
2021-03-26,Mkt-RF,FF,0.995,0.006511737704728444,0.14152714033736183,0.2493039734282156,0,0,synthetic-v1,F16_default,786ddba614cca0b18e42a1f878450d559eb8ae0e389535813e5f1d8226f594e7,ff4006c,0.1.0,2026-05-26T14:42:34+00:00
2021-03-29,Mkt-RF,FF,0.99,0.0017160589625817518,0.10361179804579035,0.18419567601762366,0,0,synthetic-v1,F16_default,786ddba614cca0b18e42a1f878450d559eb8ae0e389535813e5f1d8226f594e7,ff4006c,0.1.0,2026-05-26T14:42:34+00:00
2021-03-29,Mkt-RF,FF,0.995,0.0017160589625817518,0.14129224441394742,0.24881261177099478,0,0,synthetic-v1,F16_default,786ddba614cca0b18e42a1f878450d559eb8ae0e389535813e5f1d8226f594e7,ff4006c,0.1.0,2026-05-26T14:42:34+00:00
2021-03-30,Mkt-RF,FF,0.99,0.003019676292175005,0.0974321251273522,0.17073020926048568,0,0,synthetic-v1,F16_default,786ddba614cca0b18e42a1f878450d559eb8ae0e389535813e5f1d8226f594e7,ff4006c,0.1.0,2026-05-26T14:42:34+00:00
2021-03-30,Mkt-RF,FF,0.995,0.003019676292175005,0.13232755785158917,0.2292147774491885,0,0,synthetic-v1,F16_default,786ddba614cca0b18e42a1f878450d559eb8ae0e389535813e5f1d8226f594e7,ff4006c,0.1.0,2026-05-26T14:42:34+00:00
2021-03-31,Mkt-RF,FF,0.99,-0.010268146670023398,0.09767810593869003,0.17102912236698636,0,0,synthetic-v1,F16_default,786ddba614cca0b18e42a1f878450d559eb8ae0e389535813e5f1d8226f594e7,ff4006c,0.1.0,2026-05-26T14:42:34+00:00
2021-03-31,Mkt-RF,FF,0.995,-0.010268146670023398,0.13231911393087817,0.2295301150273345,0,0,synthetic-v1,F16_default,786ddba614cca0b18e42a1f878450d559eb8ae0e389535813e5f1d8226f594e7,ff4006c,0.1.0,2026-05-26T14:42:34+00:00
2021-04-01,Mkt-RF,FF,0.99,-0.004572224679203129,0.09805862777798514,0.17120979804761854,0,0,synthetic-v1,F16_default,786ddba614cca0b18e42a1f878450d559eb8ae0e389535813e5f1d8226f594e7,ff4006c,0.1.0,2026-05-26T14:42:34+00:00
2021-04-01,Mkt-RF,FF,0.995,-0.004572224679203129,0.1327258010724982,0.22973386281297947,0,0,synthetic-v1,F16_default,786ddba614cca0b18e42a1f878450d559eb8ae0e389535813e5f1d8226f594e7,ff4006c,0.1.0,2026-05-26T14:42:34+00:00
2021-04-02,Mkt-RF,FF,0.99,0.002274719918623336,0.09841278342383179,0.17199535330207905,0,0,synthetic-v1,F16_default,786ddba614cca0b18e42a1f878450d559eb8ae0e389535813e5f1d8226f594e7,ff4006c,0.1.0,2026-05-26T14:42:34+00:00
2021-04-02,Mkt-RF,FF,0.995,0.002274719918623336,0.13321613872499485,0.23073630644395993,0,0,synthetic-v1,F16_default,786ddba614cca0b18e42a1f878450d559eb8ae0e389535813e5f1d8226f594e7,ff4006c,0.1.0,2026-05-26T14:42:34+00:00
2021-04-05,Mkt-RF,FF,0.99,0.029364745949975086,0.09896309501382107,0.1723665483836021,0,0,synthetic-v1,F16_default,786ddba614cca0b18e42a1f878450d559eb8ae0e389535813e5f1d8226f594e7,ff4006c,0.1.0,2026-05-26T14:42:34+00:00
2021-04-05,Mkt-RF,FF,0.995,0.029364745949975086,0.13351908176258234,0.2309371844291554,0,0,synthetic-v1,F16_default,786ddba614cca0b18e42a1f878450d559eb8ae0e389535813e5f1d8226f594e7,ff4006c,0.1.0,2026-05-26T14:42:34+00:00
2021-04-06,Mkt-RF,FF,0.99,-0.015424508281518366,0.10023934971467677,0.17497105892520876,0,0,synthetic-v1,F16_default,786ddba614cca0b18e42a1f878450d559eb8ae0e389535813e5f1d8226f594e7,ff4006c,0.1.0,2026-05-26T14:42:34+00:00
2021-04-06,Mkt-RF,FF,0.995,-0.015424508281518366,0.13564010223953266,0.23471191026208807,0,0,synthetic-v1,F16_default,786ddba614cca0b18e42a1f878450d559eb8ae0e389535813e5f1d8226f594e7,ff4006c,0.1.0,2026-05-26T14:42:34+00:00
2021-04-07,Mkt-RF,FF,0.99,0.004899784010914487,0.10341321457165434,0.18301542174684976,0,0,synthetic-v1,F16_default,786ddba614cca0b18e42a1f878450d559eb8ae0e389535813e5f1d8226f594e7,ff4006c,0.1.0,2026-05-26T14:42:34+00:00
2021-04-07,Mkt-RF,FF,0.995,0.004899784010914487,0.14061814625916802,0.24689146293763342,0,0,synthetic-v1,F16_default,786ddba614cca0b18e42a1f878450d559eb8ae0e389535813e5f1d8226f594e7,ff4006c,0.1.0,2026-05-26T14:42:34+00:00
2021-04-08,Mkt-RF,FF,0.99,0.007364371882439757,0.10332949938098265,0.18314655262386959,0,0,synthetic-v1,F16_default,786ddba614cca0b18e42a1f878450d559eb8ae0e389535813e5f1d8226f594e7,ff4006c,0.1.0,2026-05-26T14:42:34+00:00
2021-04-08,Mkt-RF,FF,0.995,0.007364371882439757,0.14063005038727236,0.24705781657149373,0,0,synthetic-v1,F16_default,786ddba614cca0b18e42a1f878450d559eb8ae0e389535813e5f1d8226f594e7,ff4006c,0.1.0,2026-05-26T14:42:34+00:00
2021-04-09,Mkt-RF,FF,0.99,0.010083454143538973,0.10374913784727995,0.18400648010600162,0,0,synthetic-v1,F16_default,786ddba614cca0b18e42a1f878450d559eb8ae0e389535813e5f1d8226f594e7,ff4006c,0.1.0,2026-05-26T14:42:34+00:00
2021-04-09,Mkt-RF,FF,0.995,0.010083454143538973,0.1413105205675106,0.24831330377258481,0,0,synthetic-v1,F16_default,786ddba614cca0b18e42a1f878450d559eb8ae0e389535813e5f1d8226f594e7,ff4006c,0.1.0,2026-05-26T14:42:34+00:00
2021-04-12,Mkt-RF,FF,0.99,-0.002096549050891383,0.10381507136321717,0.18396161701264113,0,0,synthetic-v1,F16_default,786ddba614cca0b18e42a1f878450d559eb8ae0e389535813e5f1d8226f594e7,ff4006c,0.1.0,2026-05-26T14:42:34+00:00
2021-04-12,Mkt-RF,FF,0.995,-0.002096549050891383,0.14118235343798277,0.248192257035875,0,0,synthetic-v1,F16_default,786ddba614cca0b18e42a1f878450d559eb8ae0e389535813e5f1d8226f594e7,ff4006c,0.1.0,2026-05-26T14:42:34+00:00
2021-04-13,Mkt-RF,FF,0.99,-0.004931679523756174,0.1039446263806142,0.18456886781839932,0,0,synthetic-v1,F16_default,786ddba614cca0b18e42a1f878450d559eb8ae0e389535813e5f1d8226f594e7,ff4006c,0.1.0,2026-05-26T14:42:34+00:00
2021-04-13,Mkt-RF,FF,0.995,-0.004931679523756174,0.1417870957440935,0.24906585036318085,0,0,synthetic-v1,F16_default,786ddba614cca0b18e42a1f878450d559eb8ae0e389535813e5f1d8226f594e7,ff4006c,0.1.0,2026-05-26T14:42:34+00:00
2021-04-14,Mkt-RF,FF,0.99,0.0085783666260814,0.10401003501911735,0.18475829655082388,0,0,synthetic-v1,F16_default,786ddba614cca0b18e42a1f878450d559eb8ae0e389535813e5f1d8226f594e7,ff4006c,0.1.0,2026-05-26T14:42:34+00:00
2021-04-14,Mkt-RF,FF,0.995,0.0085783666260814,0.14184842340253848,0.249344718008297,0,0,synthetic-v1,F16_default,786ddba614cca0b18e42a1f878450d559eb8ae0e389535813e5f1d8226f594e7,ff4006c,0.1.0,2026-05-26T14:42:34+00:00
2021-04-15,Mkt-RF,FF,0.99,-0.05680303498301497,0.10362975738898254,0.1841654505734983,0,0,synthetic-v1,F16_default,786ddba614cca0b18e42a1f878450d559eb8ae0e389535813e5f1d8226f594e7,ff4006c,0.1.0,2026-05-26T14:42:34+00:00
2021-04-15,Mkt-RF,FF,0.995,-0.05680303498301497,0.1412836306853418,0.24855503702912773,0,0,synthetic-v1,F16_default,786ddba614cca0b18e42a1f878450d559eb8ae0e389535813e5f1d8226f594e7,ff4006c,0.1.0,2026-05-26T14:42:34+00:00
2021-04-16,Mkt-RF,FF,0.99,0.009045150563267849,0.11118706446484936,0.2005591144121739,0,0,synthetic-v1,F16_default,786ddba614cca0b18e42a1f878450d559eb8ae0e389535813e5f1d8226f594e7,ff4006c,0.1.0,2026-05-26T14:42:34+00:00
2021-04-16,Mkt-RF,FF,0.995,0.009045150563267849,0.1525206677970748,0.27247082419777124,0,0,synthetic-v1,F16_default,786ddba614cca0b18e42a1f878450d559eb8ae0e389535813e5f1d8226f594e7,ff4006c,0.1.0,2026-05-26T14:42:34+00:00
2021-04-19,Mkt-RF,FF,0.99,-0.010242907614407047,0.10509129097614894,0.18623899011740164,0,0,synthetic-v1,F16_default,786ddba614cca0b18e42a1f878450d559eb8ae0e389535813e5f1d8226f594e7,ff4006c,0.1.0,2026-05-26T14:42:34+00:00
2021-04-19,Mkt-RF,FF,0.995,-0.010242907614407047,0.1430129681392195,0.2514783199729047,0,0,synthetic-v1,F16_default,786ddba614cca0b18e42a1f878450d559eb8ae0e389535813e5f1d8226f594e7,ff4006c,0.1.0,2026-05-26T14:42:34+00:00
2021-04-20,Mkt-RF,FF,0.99,0.008034167346412971,0.10504884417450022,0.1866937507123171,0,0,synthetic-v1,F16_default,786ddba614cca0b18e42a1f878450d559eb8ae0e389535813e5f1d8226f594e7,ff4006c,0.1.0,2026-05-26T14:42:34+00:00
2021-04-20,Mkt-RF,FF,0.995,0.008034167346412971,0.143408328784201,0.2520383050053542,0,0,synthetic-v1,F16_default,786ddba614cca0b18e42a1f878450d559eb8ae0e389535813e5f1d8226f594e7,ff4006c,0.1.0,2026-05-26T14:42:34+00:00
2021-04-21,Mkt-RF,FF,0.99,-0.01905879509807758,0.10472039848873918,0.1859467895659913,0,0,synthetic-v1,F16_default,786ddba614cca0b18e42a1f878450d559eb8ae0e389535813e5f1d8226f594e7,ff4006c,0.1.0,2026-05-26T14:42:34+00:00
2021-04-21,Mkt-RF,FF,0.995,-0.01905879509807758,0.1428135758975403,0.2509034722448118,0,0,synthetic-v1,F16_default,786ddba614cca0b18e42a1f878450d559eb8ae0e389535813e5f1d8226f594e7,ff4006c,0.1.0,2026-05-26T14:42:34+00:00
2021-04-22,Mkt-RF,FF,0.99,0.019664626328726533,0.11300442288071362,0.20547892626740843,0,0,synthetic-v1,F16_default,786ddba614cca0b18e42a1f878450d559eb8ae0e389535813e5f1d8226f594e7,ff4006c,0.1.0,2026-05-26T14:42:34+00:00
2021-04-22,Mkt-RF,FF,0.995,0.019664626328726533,0.1553869242756909,0.27985597660339234,0,0,synthetic-v1,F16_default,786ddba614cca0b18e42a1f878450d559eb8ae0e389535813e5f1d8226f594e7,ff4006c,0.1.0,2026-05-26T14:42:34+00:00
2021-04-23,Mkt-RF,FF,0.99,-0.0004263640535613844,0.11300592126898854,0.20539766746296428,0,0,synthetic-v1,F16_default,786ddba614cca0b18e42a1f878450d559eb8ae0e389535813e5f1d8226f594e7,ff4006c,0.1.0,2026-05-26T14:42:34+00:00
2021-04-23,Mkt-RF,FF,0.995,-0.0004263640535613844,0.15546328409269314,0.2797286384523474,0,0,synthetic-v1,F16_default,786ddba614cca0b18e42a1f878450d559eb8ae0e389535813e5f1d8226f594e7,ff4006c,0.1.0,2026-05-26T14:42:34+00:00
2021-04-26,Mkt-RF,FF,0.99,-0.02921232893737373,0.11299567477848839,0.20531738593110505,0,0,synthetic-v1,F16_default,786ddba614cca0b18e42a1f878450d559eb8ae0e389535813e5f1d8226f594e7,ff4006c,0.1.0,2026-05-26T14:42:34+00:00
2021-04-26,Mkt-RF,FF,0.995,-0.02921232893737373,0.15554195661367196,0.27959058361745653,0,0,synthetic-v1,F16_default,786ddba614cca0b18e42a1f878450d559eb8ae0e389535813e5f1d8226f594e7,ff4006c,0.1.0,2026-05-26T14:42:34+00:00
2021-04-27,Mkt-RF,FF,0.99,0.019610107134234438,0.11240083612811262,0.2047140636412036,0,0,synthetic-v1,F16_default,786ddba614cca0b18e42a1f878450d559eb8ae0e389535813e5f1d8226f594e7,ff4006c,0.1.0,2026-05-26T14:42:34+00:00
2021-04-27,Mkt-RF,FF,0.995,0.019610107134234438,0.15504515143282294,0.2788168700334113,0,0,synthetic-v1,F16_default,786ddba614cca0b18e42a1f878450d559eb8ae0e389535813e5f1d8226f594e7,ff4006c,0.1.0,2026-05-26T14:42:34+00:00
2021-04-28,Mkt-RF,FF,0.99,0.030481949472691686,0.11264372625923912,0.20456146751360715,0,0,synthetic-v1,F16_default,786ddba614cca0b18e42a1f878450d559eb8ae0e389535813e5f1d8226f594e7,ff4006c,0.1.0,2026-05-26T14:42:34+00:00
2021-04-28,Mkt-RF,FF,0.995,0.030481949472691686,0.15484234742315517,0.2786221234006339,0,0,synthetic-v1,F16_default,786ddba614cca0b18e42a1f878450d559eb8ae0e389535813e5f1d8226f594e7,ff4006c,0.1.0,2026-05-26T14:42:34+00:00
2021-04-29,Mkt-RF,FF,0.99,-0.021754557203171546,0.11632891438764968,0.2132048654203722,0,0,synthetic-v1,F16_default,786ddba614cca0b18e42a1f878450d559eb8ae0e389535813e5f1d8226f594e7,ff4006c,0.1.0,2026-05-26T14:42:34+00:00
2021-04-29,Mkt-RF,FF,0.995,-0.021754557203171546,0.16059201701264308,0.2912763869634101,0,0,synthetic-v1,F16_default,786ddba614cca0b18e42a1f878450d559eb8ae0e389535813e5f1d8226f594e7,ff4006c,0.1.0,2026-05-26T14:42:34+00:00
2021-04-30,Mkt-RF,FF,0.99,-0.011244140035476824,0.11584303613571978,0.21245402233102106,0,0,synthetic-v1,F16_default,786ddba614cca0b18e42a1f878450d559eb8ae0e389535813e5f1d8226f594e7,ff4006c,0.1.0,2026-05-26T14:42:34+00:00
2021-04-30,Mkt-RF,FF,0.995,-0.011244140035476824,0.1599803436542134,0.29031553646085984,0,0,synthetic-v1,F16_default,786ddba614cca0b18e42a1f878450d559eb8ae0e389535813e5f1d8226f594e7,ff4006c,0.1.0,2026-05-26T14:42:34+00:00
2021-05-03,Mkt-RF,FF,0.99,0.00041050597430708247,0.1159366927768003,0.21252758238528294,0,0,synthetic-v1,F16_default,786ddba614cca0b18e42a1f878450d559eb8ae0e389535813e5f1d8226f594e7,ff4006c,0.1.0,2026-05-26T14:42:34+00:00
2021-05-03,Mkt-RF,FF,0.995,0.00041050597430708247,0.160144529280128,0.2903778068284679,0,0,synthetic-v1,F16_default,786ddba614cca0b18e42a1f878450d559eb8ae0e389535813e5f1d8226f594e7,ff4006c,0.1.0,2026-05-26T14:42:34+00:00
2021-05-04,Mkt-RF,FF,0.99,-0.006812197490978035,0.11581552193479981,0.21224579375550956,0,0,synthetic-v1,F16_default,786ddba614cca0b18e42a1f878450d559eb8ae0e389535813e5f1d8226f594e7,ff4006c,0.1.0,2026-05-26T14:42:34+00:00
2021-05-04,Mkt-RF,FF,0.995,-0.006812197490978035,0.15998688389776455,0.2899506595830843,0,0,synthetic-v1,F16_default,786ddba614cca0b18e42a1f878450d559eb8ae0e389535813e5f1d8226f594e7,ff4006c,0.1.0,2026-05-26T14:42:34+00:00
2021-05-05,Mkt-RF,FF,0.99,-0.021887651244587823,0.11622437060967852,0.21274353663370424,0,0,synthetic-v1,F16_default,786ddba614cca0b18e42a1f878450d559eb8ae0e389535813e5f1d8226f594e7,ff4006c,0.1.0,2026-05-26T14:42:34+00:00
2021-05-05,Mkt-RF,FF,0.995,-0.021887651244587823,0.1603417657172768,0.29065806364520025,0,0,synthetic-v1,F16_default,786ddba614cca0b18e42a1f878450d559eb8ae0e389535813e5f1d8226f594e7,ff4006c,0.1.0,2026-05-26T14:42:34+00:00
2021-05-06,Mkt-RF,FF,0.99,-0.01195412957825303,0.11625558345821574,0.21294715771238115,0,0,synthetic-v1,F16_default,786ddba614cca0b18e42a1f878450d559eb8ae0e389535813e5f1d8226f594e7,ff4006c,0.1.0,2026-05-26T14:42:34+00:00
2021-05-06,Mkt-RF,FF,0.995,-0.01195412957825303,0.16052572257685974,0.2908565315825916,0,0,synthetic-v1,F16_default,786ddba614cca0b18e42a1f878450d559eb8ae0e389535813e5f1d8226f594e7,ff4006c,0.1.0,2026-05-26T14:42:34+00:00
2021-05-07,Mkt-RF,FF,0.99,-0.007146666850402059,0.09928273306883742,0.1741727626535436,0,0,synthetic-v1,F16_default,786ddba614cca0b18e42a1f878450d559eb8ae0e389535813e5f1d8226f594e7,ff4006c,0.1.0,2026-05-26T14:42:34+00:00
2021-05-07,Mkt-RF,FF,0.995,-0.007146666850402059,0.1347152200569629,0.23399435697255083,0,0,synthetic-v1,F16_default,786ddba614cca0b18e42a1f878450d559eb8ae0e389535813e5f1d8226f594e7,ff4006c,0.1.0,2026-05-26T14:42:34+00:00
2021-05-10,Mkt-RF,FF,0.99,0.00828210865231875,0.0991309264085275,0.17425431044551515,0,0,synthetic-v1,F16_default,786ddba614cca0b18e42a1f878450d559eb8ae0e389535813e5f1d8226f594e7,ff4006c,0.1.0,2026-05-26T14:42:34+00:00
2021-05-10,Mkt-RF,FF,0.995,0.00828210865231875,0.13482353916873113,0.23404442638814815,0,0,synthetic-v1,F16_default,786ddba614cca0b18e42a1f878450d559eb8ae0e389535813e5f1d8226f594e7,ff4006c,0.1.0,2026-05-26T14:42:34+00:00
2021-05-11,Mkt-RF,FF,0.99,-0.021198706741027994,0.09936387682476418,0.17436994387673532,0,0,synthetic-v1,F16_default,786ddba614cca0b18e42a1f878450d559eb8ae0e389535813e5f1d8226f594e7,ff4006c,0.1.0,2026-05-26T14:42:34+00:00
2021-05-11,Mkt-RF,FF,0.995,-0.021198706741027994,0.13495914986317614,0.23427491698541714,0,0,synthetic-v1,F16_default,786ddba614cca0b18e42a1f878450d559eb8ae0e389535813e5f1d8226f594e7,ff4006c,0.1.0,2026-05-26T14:42:34+00:00
2021-05-12,Mkt-RF,FF,0.99,0.004709125940295077,0.09942648443981898,0.17456907134729333,0,0,synthetic-v1,F16_default,786ddba614cca0b18e42a1f878450d559eb8ae0e389535813e5f1d8226f594e7,ff4006c,0.1.0,2026-05-26T14:42:34+00:00
2021-05-12,Mkt-RF,FF,0.995,0.004709125940295077,0.134959793366746,0.23446962404791905,0,0,synthetic-v1,F16_default,786ddba614cca0b18e42a1f878450d559eb8ae0e389535813e5f1d8226f594e7,ff4006c,0.1.0,2026-05-26T14:42:34+00:00
2021-05-13,Mkt-RF,FF,0.99,0.006381155249057409,0.09969850947485703,0.17504280200118938,0,0,synthetic-v1,F16_default,786ddba614cca0b18e42a1f878450d559eb8ae0e389535813e5f1d8226f594e7,ff4006c,0.1.0,2026-05-26T14:42:34+00:00
2021-05-13,Mkt-RF,FF,0.995,0.006381155249057409,0.13544860444133835,0.2351478995188071,0,0,synthetic-v1,F16_default,786ddba614cca0b18e42a1f878450d559eb8ae0e389535813e5f1d8226f594e7,ff4006c,0.1.0,2026-05-26T14:42:34+00:00
2021-05-14,Mkt-RF,FF,0.99,-0.00311833831215633,0.0996878007316228,0.17483604104954564,0,0,synthetic-v1,F16_default,786ddba614cca0b18e42a1f878450d559eb8ae0e389535813e5f1d8226f594e7,ff4006c,0.1.0,2026-05-26T14:42:34+00:00
2021-05-14,Mkt-RF,FF,0.995,-0.00311833831215633,0.13530969746085608,0.2348913178850785,0,0,synthetic-v1,F16_default,786ddba614cca0b18e42a1f878450d559eb8ae0e389535813e5f1d8226f594e7,ff4006c,0.1.0,2026-05-26T14:42:34+00:00
2021-05-17,Mkt-RF,FF,0.99,-0.011816529689445163,0.09953293768485506,0.17462344722647116,0,0,synthetic-v1,F16_default,786ddba614cca0b18e42a1f878450d559eb8ae0e389535813e5f1d8226f594e7,ff4006c,0.1.0,2026-05-26T14:42:34+00:00
2021-05-17,Mkt-RF,FF,0.995,-0.011816529689445163,0.1350694860577823,0.23461099800958674,0,0,synthetic-v1,F16_default,786ddba614cca0b18e42a1f878450d559eb8ae0e389535813e5f1d8226f594e7,ff4006c,0.1.0,2026-05-26T14:42:34+00:00
2021-05-18,Mkt-RF,FF,0.99,0.001758588966009745,0.09947904312930077,0.1744324532668559,0,0,synthetic-v1,F16_default,786ddba614cca0b18e42a1f878450d559eb8ae0e389535813e5f1d8226f594e7,ff4006c,0.1.0,2026-05-26T14:42:34+00:00
2021-05-18,Mkt-RF,FF,0.995,0.001758588966009745,0.13509938579776629,0.23435653597223383,0,0,synthetic-v1,F16_default,786ddba614cca0b18e42a1f878450d559eb8ae0e389535813e5f1d8226f594e7,ff4006c,0.1.0,2026-05-26T14:42:34+00:00
2021-05-19,Mkt-RF,FF,0.99,0.000972874800903017,0.09973290036330222,0.17493591407444414,0,0,synthetic-v1,F16_default,786ddba614cca0b18e42a1f878450d559eb8ae0e389535813e5f1d8226f594e7,ff4006c,0.1.0,2026-05-26T14:42:34+00:00
2021-05-19,Mkt-RF,FF,0.995,0.000972874800903017,0.1353541567192458,0.23493843226515593,0,0,synthetic-v1,F16_default,786ddba614cca0b18e42a1f878450d559eb8ae0e389535813e5f1d8226f594e7,ff4006c,0.1.0,2026-05-26T14:42:34+00:00
2021-05-20,Mkt-RF,FF,0.99,-0.0031158672102916183,0.09896999434069306,0.17381272460867472,0,0,synthetic-v1,F16_default,786ddba614cca0b18e42a1f878450d559eb8ae0e389535813e5f1d8226f594e7,ff4006c,0.1.0,2026-05-26T14:42:34+00:00
2021-05-20,Mkt-RF,FF,0.995,-0.0031158672102916183,0.13444298167617358,0.233632788057416,0,0,synthetic-v1,F16_default,786ddba614cca0b18e42a1f878450d559eb8ae0e389535813e5f1d8226f594e7,ff4006c,0.1.0,2026-05-26T14:42:34+00:00
2021-05-21,Mkt-RF,FF,0.99,0.004501889033808344,0.09880544844770636,0.1736779013296904,0,0,synthetic-v1,F16_default,786ddba614cca0b18e42a1f878450d559eb8ae0e389535813e5f1d8226f594e7,ff4006c,0.1.0,2026-05-26T14:42:34+00:00
2021-05-21,Mkt-RF,FF,0.995,0.004501889033808344,0.13431289330094845,0.23338850797197755,0,0,synthetic-v1,F16_default,786ddba614cca0b18e42a1f878450d559eb8ae0e389535813e5f1d8226f594e7,ff4006c,0.1.0,2026-05-26T14:42:34+00:00
2021-05-24,Mkt-RF,FF,0.99,-0.0021050394053762976,0.09879304676125922,0.17391028501142008,0,0,synthetic-v1,F16_default,786ddba614cca0b18e42a1f878450d559eb8ae0e389535813e5f1d8226f594e7,ff4006c,0.1.0,2026-05-26T14:42:34+00:00
2021-05-24,Mkt-RF,FF,0.995,-0.0021050394053762976,0.1344451495976655,0.23368703543861472,0,0,synthetic-v1,F16_default,786ddba614cca0b18e42a1f878450d559eb8ae0e389535813e5f1d8226f594e7,ff4006c,0.1.0,2026-05-26T14:42:34+00:00
2021-05-25,Mkt-RF,FF,0.99,0.0011976798265420296,0.09894555893442179,0.17364977508176033,0,0,synthetic-v1,F16_default,786ddba614cca0b18e42a1f878450d559eb8ae0e389535813e5f1d8226f594e7,ff4006c,0.1.0,2026-05-26T14:42:34+00:00
2021-05-25,Mkt-RF,FF,0.995,0.0011976798265420296,0.1342706296333614,0.2332910801857245,0,0,synthetic-v1,F16_default,786ddba614cca0b18e42a1f878450d559eb8ae0e389535813e5f1d8226f594e7,ff4006c,0.1.0,2026-05-26T14:42:34+00:00
2021-05-26,Mkt-RF,FF,0.99,0.05215765613727143,0.0989257439266041,0.17386669977336316,0,0,synthetic-v1,F16_default,786ddba614cca0b18e42a1f878450d559eb8ae0e389535813e5f1d8226f594e7,ff4006c,0.1.0,2026-05-26T14:42:34+00:00
2021-05-26,Mkt-RF,FF,0.995,0.05215765613727143,0.1345161858795526,0.23370842911042178,0,0,synthetic-v1,F16_default,786ddba614cca0b18e42a1f878450d559eb8ae0e389535813e5f1d8226f594e7,ff4006c,0.1.0,2026-05-26T14:42:34+00:00
2021-05-27,Mkt-RF,FF,0.99,0.004450257322907169,0.11496264126796205,0.21056413297390134,0,0,synthetic-v1,F16_default,786ddba614cca0b18e42a1f878450d559eb8ae0e389535813e5f1d8226f594e7,ff4006c,0.1.0,2026-05-26T14:42:34+00:00
2021-05-27,Mkt-RF,FF,0.995,0.004450257322907169,0.15880011735819494,0.2876738505635656,0,0,synthetic-v1,F16_default,786ddba614cca0b18e42a1f878450d559eb8ae0e389535813e5f1d8226f594e7,ff4006c,0.1.0,2026-05-26T14:42:34+00:00
2021-05-28,Mkt-RF,FF,0.99,0.023893971842512674,0.11421901948807578,0.2088971359241796,0,0,synthetic-v1,F16_default,786ddba614cca0b18e42a1f878450d559eb8ae0e389535813e5f1d8226f594e7,ff4006c,0.1.0,2026-05-26T14:42:34+00:00
2021-05-28,Mkt-RF,FF,0.995,0.023893971842512674,0.15760860141057317,0.2852385254340335,0,0,synthetic-v1,F16_default,786ddba614cca0b18e42a1f878450d559eb8ae0e389535813e5f1d8226f594e7,ff4006c,0.1.0,2026-05-26T14:42:34+00:00
2021-05-31,Mkt-RF,FF,0.99,0.017788292109794185,0.11505586456788003,0.21002264194635872,0,0,synthetic-v1,F16_default,786ddba614cca0b18e42a1f878450d559eb8ae0e389535813e5f1d8226f594e7,ff4006c,0.1.0,2026-05-26T14:42:34+00:00
2021-05-31,Mkt-RF,FF,0.995,0.017788292109794185,0.15860102410685373,0.2865677298398528,0,0,synthetic-v1,F16_default,786ddba614cca0b18e42a1f878450d559eb8ae0e389535813e5f1d8226f594e7,ff4006c,0.1.0,2026-05-26T14:42:34+00:00
2021-06-01,Mkt-RF,FF,0.99,-0.01986493398815492,0.11544992512224986,0.21069501762621784,0,0,synthetic-v1,F16_default,786ddba614cca0b18e42a1f878450d559eb8ae0e389535813e5f1d8226f594e7,ff4006c,0.1.0,2026-05-26T14:42:34+00:00
2021-06-01,Mkt-RF,FF,0.995,-0.01986493398815492,0.1589581000829678,0.28743869166577435,0,0,synthetic-v1,F16_default,786ddba614cca0b18e42a1f878450d559eb8ae0e389535813e5f1d8226f594e7,ff4006c,0.1.0,2026-05-26T14:42:34+00:00
2021-06-02,Mkt-RF,FF,0.99,-0.018577035364623833,0.11514370105007904,0.2103564219368646,0,0,synthetic-v1,F16_default,786ddba614cca0b18e42a1f878450d559eb8ae0e389535813e5f1d8226f594e7,ff4006c,0.1.0,2026-05-26T14:42:34+00:00
2021-06-02,Mkt-RF,FF,0.995,-0.018577035364623833,0.15867972766633037,0.28701875864389403,0,0,synthetic-v1,F16_default,786ddba614cca0b18e42a1f878450d559eb8ae0e389535813e5f1d8226f594e7,ff4006c,0.1.0,2026-05-26T14:42:34+00:00
2021-06-03,Mkt-RF,FF,0.99,0.010022616404402994,0.11496281766576377,0.2097159698199137,0,0,synthetic-v1,F16_default,786ddba614cca0b18e42a1f878450d559eb8ae0e389535813e5f1d8226f594e7,ff4006c,0.1.0,2026-05-26T14:42:34+00:00
2021-06-03,Mkt-RF,FF,0.995,0.010022616404402994,0.15825548198942122,0.28609217299586986,0,0,synthetic-v1,F16_default,786ddba614cca0b18e42a1f878450d559eb8ae0e389535813e5f1d8226f594e7,ff4006c,0.1.0,2026-05-26T14:42:34+00:00
2021-06-04,Mkt-RF,FF,0.99,-0.03288135412383775,0.11462567030362784,0.2089818903677966,0,0,synthetic-v1,F16_default,786ddba614cca0b18e42a1f878450d559eb8ae0e389535813e5f1d8226f594e7,ff4006c,0.1.0,2026-05-26T14:42:34+00:00
2021-06-04,Mkt-RF,FF,0.995,-0.03288135412383775,0.15766356595135325,0.2850786017934329,0,0,synthetic-v1,F16_default,786ddba614cca0b18e42a1f878450d559eb8ae0e389535813e5f1d8226f594e7,ff4006c,0.1.0,2026-05-26T14:42:34+00:00
2021-06-07,Mkt-RF,FF,0.99,0.005590323975790893,0.11419239016063802,0.20839286119564607,0,0,synthetic-v1,F16_default,786ddba614cca0b18e42a1f878450d559eb8ae0e389535813e5f1d8226f594e7,ff4006c,0.1.0,2026-05-26T14:42:34+00:00
2021-06-07,Mkt-RF,FF,0.995,0.005590323975790893,0.15722808231603838,0.2842554831651993,0,0,synthetic-v1,F16_default,786ddba614cca0b18e42a1f878450d559eb8ae0e389535813e5f1d8226f594e7,ff4006c,0.1.0,2026-05-26T14:42:34+00:00
2021-06-08,Mkt-RF,FF,0.99,-0.027319710993105883,0.11430211002845637,0.2083306549694947,0,0,synthetic-v1,F16_default,786ddba614cca0b18e42a1f878450d559eb8ae0e389535813e5f1d8226f594e7,ff4006c,0.1.0,2026-05-26T14:42:34+00:00
2021-06-08,Mkt-RF,FF,0.995,-0.027319710993105883,0.1571887273514663,0.2841891319750657,0,0,synthetic-v1,F16_default,786ddba614cca0b18e42a1f878450d559eb8ae0e389535813e5f1d8226f594e7,ff4006c,0.1.0,2026-05-26T14:42:34+00:00
2021-06-09,Mkt-RF,FF,0.99,0.007538684806702565,0.11404652459665714,0.20798478753148472,0,0,synthetic-v1,F16_default,786ddba614cca0b18e42a1f878450d559eb8ae0e389535813e5f1d8226f594e7,ff4006c,0.1.0,2026-05-26T14:42:34+00:00
2021-06-09,Mkt-RF,FF,0.995,0.007538684806702565,0.15705567218671274,0.28386552605302695,0,0,synthetic-v1,F16_default,786ddba614cca0b18e42a1f878450d559eb8ae0e389535813e5f1d8226f594e7,ff4006c,0.1.0,2026-05-26T14:42:34+00:00
2021-06-10,Mkt-RF,FF,0.99,0.007783511439490347,0.1135714979001404,0.20710786678649962,0,0,synthetic-v1,F16_default,786ddba614cca0b18e42a1f878450d559eb8ae0e389535813e5f1d8226f594e7,ff4006c,0.1.0,2026-05-26T14:42:34+00:00
2021-06-10,Mkt-RF,FF,0.995,0.007783511439490347,0.15643141690136994,0.2825884634220527,0,0,synthetic-v1,F16_default,786ddba614cca0b18e42a1f878450d559eb8ae0e389535813e5f1d8226f594e7,ff4006c,0.1.0,2026-05-26T14:42:34+00:00
2021-06-11,Mkt-RF,FF,0.99,0.0084058531967211,0.11386675415774454,0.20760505203611768,0,0,synthetic-v1,F16_default,786ddba614cca0b18e42a1f878450d559eb8ae0e389535813e5f1d8226f594e7,ff4006c,0.1.0,2026-05-26T14:42:34+00:00
2021-06-11,Mkt-RF,FF,0.995,0.0084058531967211,0.15674566019915637,0.28322373584107735,0,0,synthetic-v1,F16_default,786ddba614cca0b18e42a1f878450d559eb8ae0e389535813e5f1d8226f594e7,ff4006c,0.1.0,2026-05-26T14:42:34+00:00
2021-06-14,Mkt-RF,FF,0.99,0.03460241077816597,0.11362850665259865,0.207446849126374,0,0,synthetic-v1,F16_default,786ddba614cca0b18e42a1f878450d559eb8ae0e389535813e5f1d8226f594e7,ff4006c,0.1.0,2026-05-26T14:42:34+00:00
2021-06-14,Mkt-RF,FF,0.995,0.03460241077816597,0.15644519226573744,0.28287546156258625,0,0,synthetic-v1,F16_default,786ddba614cca0b18e42a1f878450d559eb8ae0e389535813e5f1d8226f594e7,ff4006c,0.1.0,2026-05-26T14:42:34+00:00
2021-06-15,Mkt-RF,FF,0.99,0.0017008070616089466,0.11517446376981841,0.2092639639806475,0,0,synthetic-v1,F16_default,786ddba614cca0b18e42a1f878450d559eb8ae0e389535813e5f1d8226f594e7,ff4006c,0.1.0,2026-05-26T14:42:34+00:00
2021-06-15,Mkt-RF,FF,0.995,0.0017008070616089466,0.15806128860830246,0.28500968195218057,0,0,synthetic-v1,F16_default,786ddba614cca0b18e42a1f878450d559eb8ae0e389535813e5f1d8226f594e7,ff4006c,0.1.0,2026-05-26T14:42:34+00:00
2021-06-16,Mkt-RF,FF,0.99,-0.011916060398350898,0.11531682067083787,0.20959466099537152,0,0,synthetic-v1,F16_default,786ddba614cca0b18e42a1f878450d559eb8ae0e389535813e5f1d8226f594e7,ff4006c,0.1.0,2026-05-26T14:42:34+00:00
2021-06-16,Mkt-RF,FF,0.995,-0.011916060398350898,0.15854908508739782,0.28552919574711455,0,0,synthetic-v1,F16_default,786ddba614cca0b18e42a1f878450d559eb8ae0e389535813e5f1d8226f594e7,ff4006c,0.1.0,2026-05-26T14:42:34+00:00
2021-06-17,Mkt-RF,FF,0.99,0.017271683522221255,0.11533305188404637,0.20995339884933012,0,0,synthetic-v1,F16_default,786ddba614cca0b18e42a1f878450d559eb8ae0e389535813e5f1d8226f594e7,ff4006c,0.1.0,2026-05-26T14:42:34+00:00
2021-06-17,Mkt-RF,FF,0.995,0.017271683522221255,0.1585748145737608,0.28606459987600497,0,0,synthetic-v1,F16_default,786ddba614cca0b18e42a1f878450d559eb8ae0e389535813e5f1d8226f594e7,ff4006c,0.1.0,2026-05-26T14:42:34+00:00
2021-06-18,Mkt-RF,FF,0.99,-0.014259885604519712,0.11547975280161825,0.2098248362532354,0,0,synthetic-v1,F16_default,786ddba614cca0b18e42a1f878450d559eb8ae0e389535813e5f1d8226f594e7,ff4006c,0.1.0,2026-05-26T14:42:34+00:00
2021-06-18,Mkt-RF,FF,0.995,-0.014259885604519712,0.1587770088867104,0.28589657416853687,0,0,synthetic-v1,F16_default,786ddba614cca0b18e42a1f878450d559eb8ae0e389535813e5f1d8226f594e7,ff4006c,0.1.0,2026-05-26T14:42:34+00:00
2021-06-21,Mkt-RF,FF,0.99,0.005919555743758004,0.11517914202408369,0.20960126918036925,0,0,synthetic-v1,F16_default,786ddba614cca0b18e42a1f878450d559eb8ae0e389535813e5f1d8226f594e7,ff4006c,0.1.0,2026-05-26T14:42:34+00:00
2021-06-21,Mkt-RF,FF,0.995,0.005919555743758004,0.15828644345742443,0.28570963562817353,0,0,synthetic-v1,F16_default,786ddba614cca0b18e42a1f878450d559eb8ae0e389535813e5f1d8226f594e7,ff4006c,0.1.0,2026-05-26T14:42:34+00:00
2021-06-22,Mkt-RF,FF,0.99,0.0058498498336485225,0.11517541484703152,0.20957871034192838,0,0,synthetic-v1,F16_default,786ddba614cca0b18e42a1f878450d559eb8ae0e389535813e5f1d8226f594e7,ff4006c,0.1.0,2026-05-26T14:42:34+00:00
2021-06-22,Mkt-RF,FF,0.995,0.0058498498336485225,0.15851839374622279,0.2856769196847416,0,0,synthetic-v1,F16_default,786ddba614cca0b18e42a1f878450d559eb8ae0e389535813e5f1d8226f594e7,ff4006c,0.1.0,2026-05-26T14:42:34+00:00
2021-06-23,Mkt-RF,FF,0.99,0.00460815961573492,0.11531891560532662,0.20956670981072711,0,0,synthetic-v1,F16_default,786ddba614cca0b18e42a1f878450d559eb8ae0e389535813e5f1d8226f594e7,ff4006c,0.1.0,2026-05-26T14:42:34+00:00
2021-06-23,Mkt-RF,FF,0.995,0.00460815961573492,0.15840617422873737,0.2856954535768975,0,0,synthetic-v1,F16_default,786ddba614cca0b18e42a1f878450d559eb8ae0e389535813e5f1d8226f594e7,ff4006c,0.1.0,2026-05-26T14:42:34+00:00
2021-06-24,Mkt-RF,FF,0.99,-0.0003384155925222623,0.11550213586291846,0.20966597431198833,0,0,synthetic-v1,F16_default,786ddba614cca0b18e42a1f878450d559eb8ae0e389535813e5f1d8226f594e7,ff4006c,0.1.0,2026-05-26T14:42:34+00:00
2021-06-24,Mkt-RF,FF,0.995,-0.0003384155925222623,0.15835821997451088,0.2858529794026096,0,0,synthetic-v1,F16_default,786ddba614cca0b18e42a1f878450d559eb8ae0e389535813e5f1d8226f594e7,ff4006c,0.1.0,2026-05-26T14:42:34+00:00
2021-06-25,Mkt-RF,FF,0.99,-0.008452643537310282,0.11545903915964917,0.21024385360043388,0,0,synthetic-v1,F16_default,786ddba614cca0b18e42a1f878450d559eb8ae0e389535813e5f1d8226f594e7,ff4006c,0.1.0,2026-05-26T14:42:34+00:00
2021-06-25,Mkt-RF,FF,0.995,-0.008452643537310282,0.15882566678961765,0.28648036642338165,0,0,synthetic-v1,F16_default,786ddba614cca0b18e42a1f878450d559eb8ae0e389535813e5f1d8226f594e7,ff4006c,0.1.0,2026-05-26T14:42:34+00:00
2021-06-28,Mkt-RF,FF,0.99,0.006938439617639093,0.1156914197766773,0.21019543050924505,0,0,synthetic-v1,F16_default,786ddba614cca0b18e42a1f878450d559eb8ae0e389535813e5f1d8226f594e7,ff4006c,0.1.0,2026-05-26T14:42:34+00:00
2021-06-28,Mkt-RF,FF,0.995,0.006938439617639093,0.15895626863089435,0.28642046744907645,0,0,synthetic-v1,F16_default,786ddba614cca0b18e42a1f878450d559eb8ae0e389535813e5f1d8226f594e7,ff4006c,0.1.0,2026-05-26T14:42:34+00:00
2021-06-29,Mkt-RF,FF,0.99,-0.00965137011966944,0.10826897596225299,0.19267710197562427,0,0,synthetic-v1,F16_default,786ddba614cca0b18e42a1f878450d559eb8ae0e389535813e5f1d8226f594e7,ff4006c,0.1.0,2026-05-26T14:42:34+00:00
2021-06-29,Mkt-RF,FF,0.995,-0.00965137011966944,0.1473542916952822,0.26065730377746515,0,0,synthetic-v1,F16_default,786ddba614cca0b18e42a1f878450d559eb8ae0e389535813e5f1d8226f594e7,ff4006c,0.1.0,2026-05-26T14:42:34+00:00
2021-06-30,Mkt-RF,FF,0.99,-0.01972576246711395,0.11455228708396588,0.2084720586082227,0,0,synthetic-v1,F16_default,786ddba614cca0b18e42a1f878450d559eb8ae0e389535813e5f1d8226f594e7,ff4006c,0.1.0,2026-05-26T14:42:34+00:00
2021-06-30,Mkt-RF,FF,0.995,-0.01972576246711395,0.1575054766094899,0.28408491411277575,0,0,synthetic-v1,F16_default,786ddba614cca0b18e42a1f878450d559eb8ae0e389535813e5f1d8226f594e7,ff4006c,0.1.0,2026-05-26T14:42:34+00:00
2021-07-01,Mkt-RF,FF,0.99,0.004697525887758403,0.11478339073854929,0.20884770383211296,0,0,synthetic-v1,F16_default,786ddba614cca0b18e42a1f878450d559eb8ae0e389535813e5f1d8226f594e7,ff4006c,0.1.0,2026-05-26T14:42:34+00:00
2021-07-01,Mkt-RF,FF,0.995,0.004697525887758403,0.1579181537474377,0.2847002553910555,0,0,synthetic-v1,F16_default,786ddba614cca0b18e42a1f878450d559eb8ae0e389535813e5f1d8226f594e7,ff4006c,0.1.0,2026-05-26T14:42:34+00:00
2021-07-02,Mkt-RF,FF,0.99,-0.0018212546419751666,0.1074121579997833,0.19131860574407683,0,0,synthetic-v1,F16_default,786ddba614cca0b18e42a1f878450d559eb8ae0e389535813e5f1d8226f594e7,ff4006c,0.1.0,2026-05-26T14:42:34+00:00
2021-07-02,Mkt-RF,FF,0.995,-0.0018212546419751666,0.14623772222368417,0.25856756540848114,0,0,synthetic-v1,F16_default,786ddba614cca0b18e42a1f878450d559eb8ae0e389535813e5f1d8226f594e7,ff4006c,0.1.0,2026-05-26T14:42:34+00:00
2021-07-05,Mkt-RF,FF,0.99,-0.020070804043911462,0.10697165690483688,0.19082629012726443,0,0,synthetic-v1,F16_default,786ddba614cca0b18e42a1f878450d559eb8ae0e389535813e5f1d8226f594e7,ff4006c,0.1.0,2026-05-26T14:42:34+00:00
2021-07-05,Mkt-RF,FF,0.995,-0.020070804043911462,0.14583595944719097,0.25818002224608916,0,0,synthetic-v1,F16_default,786ddba614cca0b18e42a1f878450d559eb8ae0e389535813e5f1d8226f594e7,ff4006c,0.1.0,2026-05-26T14:42:34+00:00
2021-07-06,Mkt-RF,FF,0.99,-0.014110165264531764,0.11426936298259711,0.20830228786655072,0,0,synthetic-v1,F16_default,786ddba614cca0b18e42a1f878450d559eb8ae0e389535813e5f1d8226f594e7,ff4006c,0.1.0,2026-05-26T14:42:34+00:00
2021-07-06,Mkt-RF,FF,0.995,-0.014110165264531764,0.1574126345271729,0.28393126414638,0,0,synthetic-v1,F16_default,786ddba614cca0b18e42a1f878450d559eb8ae0e389535813e5f1d8226f594e7,ff4006c,0.1.0,2026-05-26T14:42:34+00:00
2021-07-07,Mkt-RF,FF,0.99,-0.0201441102347868,0.11432241189499032,0.20817849212077982,0,0,synthetic-v1,F16_default,786ddba614cca0b18e42a1f878450d559eb8ae0e389535813e5f1d8226f594e7,ff4006c,0.1.0,2026-05-26T14:42:34+00:00
2021-07-07,Mkt-RF,FF,0.995,-0.0201441102347868,0.15722437425807861,0.2837903020703239,0,0,synthetic-v1,F16_default,786ddba614cca0b18e42a1f878450d559eb8ae0e389535813e5f1d8226f594e7,ff4006c,0.1.0,2026-05-26T14:42:34+00:00
2021-07-08,Mkt-RF,FF,0.99,-0.0007183405955420129,0.11524060194987727,0.2100583701051661,0,0,synthetic-v1,F16_default,786ddba614cca0b18e42a1f878450d559eb8ae0e389535813e5f1d8226f594e7,ff4006c,0.1.0,2026-05-26T14:42:34+00:00
2021-07-08,Mkt-RF,FF,0.995,-0.0007183405955420129,0.15862305230283877,0.2865554169156247,0,0,synthetic-v1,F16_default,786ddba614cca0b18e42a1f878450d559eb8ae0e389535813e5f1d8226f594e7,ff4006c,0.1.0,2026-05-26T14:42:34+00:00
2021-07-09,Mkt-RF,FF,0.99,-0.0014294695703142033,0.11517505301644104,0.21014284567474123,0,0,synthetic-v1,F16_default,786ddba614cca0b18e42a1f878450d559eb8ae0e389535813e5f1d8226f594e7,ff4006c,0.1.0,2026-05-26T14:42:34+00:00
2021-07-09,Mkt-RF,FF,0.995,-0.0014294695703142033,0.15863178232417424,0.28673571423041766,0,0,synthetic-v1,F16_default,786ddba614cca0b18e42a1f878450d559eb8ae0e389535813e5f1d8226f594e7,ff4006c,0.1.0,2026-05-26T14:42:34+00:00
2021-07-12,Mkt-RF,FF,0.99,-0.007774374835879484,0.1077594018896139,0.19247443042597526,0,0,synthetic-v1,F16_default,786ddba614cca0b18e42a1f878450d559eb8ae0e389535813e5f1d8226f594e7,ff4006c,0.1.0,2026-05-26T14:42:34+00:00
2021-07-12,Mkt-RF,FF,0.995,-0.007774374835879484,0.14705672349897037,0.2604361398273732,0,0,synthetic-v1,F16_default,786ddba614cca0b18e42a1f878450d559eb8ae0e389535813e5f1d8226f594e7,ff4006c,0.1.0,2026-05-26T14:42:34+00:00
2021-07-13,Mkt-RF,FF,0.99,0.02111575480422146,0.10771781458665533,0.192623750791813,0,0,synthetic-v1,F16_default,786ddba614cca0b18e42a1f878450d559eb8ae0e389535813e5f1d8226f594e7,ff4006c,0.1.0,2026-05-26T14:42:34+00:00
2021-07-13,Mkt-RF,FF,0.995,0.02111575480422146,0.14713422916003394,0.26064112260860967,0,0,synthetic-v1,F16_default,786ddba614cca0b18e42a1f878450d559eb8ae0e389535813e5f1d8226f594e7,ff4006c,0.1.0,2026-05-26T14:42:34+00:00
2021-07-14,Mkt-RF,FF,0.99,-0.010123902486453796,0.10759490465488453,0.19251320403276048,0,0,synthetic-v1,F16_default,786ddba614cca0b18e42a1f878450d559eb8ae0e389535813e5f1d8226f594e7,ff4006c,0.1.0,2026-05-26T14:42:34+00:00
2021-07-14,Mkt-RF,FF,0.995,-0.010123902486453796,0.14695892094957294,0.26055050575813515,0,0,synthetic-v1,F16_default,786ddba614cca0b18e42a1f878450d559eb8ae0e389535813e5f1d8226f594e7,ff4006c,0.1.0,2026-05-26T14:42:34+00:00
2021-07-15,Mkt-RF,FF,0.99,0.021998734910789953,0.1075474457874633,0.19233936961472053,0,0,synthetic-v1,F16_default,786ddba614cca0b18e42a1f878450d559eb8ae0e389535813e5f1d8226f594e7,ff4006c,0.1.0,2026-05-26T14:42:34+00:00
2021-07-15,Mkt-RF,FF,0.995,0.021998734910789953,0.14711980894901558,0.260404982171793,0,0,synthetic-v1,F16_default,786ddba614cca0b18e42a1f878450d559eb8ae0e389535813e5f1d8226f594e7,ff4006c,0.1.0,2026-05-26T14:42:34+00:00
2021-07-16,Mkt-RF,FF,0.99,-0.02141570005693755,0.10744391889657834,0.1921595613212763,0,0,synthetic-v1,F16_default,786ddba614cca0b18e42a1f878450d559eb8ae0e389535813e5f1d8226f594e7,ff4006c,0.1.0,2026-05-26T14:42:34+00:00
2021-07-16,Mkt-RF,FF,0.995,-0.02141570005693755,0.14678906785255608,0.2601837436557001,0,0,synthetic-v1,F16_default,786ddba614cca0b18e42a1f878450d559eb8ae0e389535813e5f1d8226f594e7,ff4006c,0.1.0,2026-05-26T14:42:34+00:00
2021-07-19,Mkt-RF,FF,0.99,-0.011637810129041614,0.10741916601808861,0.19204488800353664,0,0,synthetic-v1,F16_default,786ddba614cca0b18e42a1f878450d559eb8ae0e389535813e5f1d8226f594e7,ff4006c,0.1.0,2026-05-26T14:42:34+00:00
2021-07-19,Mkt-RF,FF,0.995,-0.011637810129041614,0.1465931989422189,0.25990048361436535,0,0,synthetic-v1,F16_default,786ddba614cca0b18e42a1f878450d559eb8ae0e389535813e5f1d8226f594e7,ff4006c,0.1.0,2026-05-26T14:42:34+00:00
2021-07-20,Mkt-RF,FF,0.99,0.01111382970939929,0.11471650626956555,0.20921175906073458,0,0,synthetic-v1,F16_default,786ddba614cca0b18e42a1f878450d559eb8ae0e389535813e5f1d8226f594e7,ff4006c,0.1.0,2026-05-26T14:42:34+00:00
2021-07-20,Mkt-RF,FF,0.995,0.01111382970939929,0.15797085397350707,0.28526553472181204,0,0,synthetic-v1,F16_default,786ddba614cca0b18e42a1f878450d559eb8ae0e389535813e5f1d8226f594e7,ff4006c,0.1.0,2026-05-26T14:42:34+00:00
2021-07-21,Mkt-RF,FF,0.99,0.004638716169724476,0.114948852883757,0.20972726309318465,0,0,synthetic-v1,F16_default,786ddba614cca0b18e42a1f878450d559eb8ae0e389535813e5f1d8226f594e7,ff4006c,0.1.0,2026-05-26T14:42:34+00:00
2021-07-21,Mkt-RF,FF,0.995,0.004638716169724476,0.15817031744456625,0.2860242085407392,0,0,synthetic-v1,F16_default,786ddba614cca0b18e42a1f878450d559eb8ae0e389535813e5f1d8226f594e7,ff4006c,0.1.0,2026-05-26T14:42:34+00:00
2021-07-22,Mkt-RF,FF,0.99,-0.007948361284752221,0.11497102241430347,0.20976351603812027,0,0,synthetic-v1,F16_default,786ddba614cca0b18e42a1f878450d559eb8ae0e389535813e5f1d8226f594e7,ff4006c,0.1.0,2026-05-26T14:42:34+00:00
2021-07-22,Mkt-RF,FF,0.995,-0.007948361284752221,0.1585330401202166,0.2861008047667236,0,0,synthetic-v1,F16_default,786ddba614cca0b18e42a1f878450d559eb8ae0e389535813e5f1d8226f594e7,ff4006c,0.1.0,2026-05-26T14:42:34+00:00
2021-07-23,Mkt-RF,FF,0.99,0.0011448016733589781,0.11483344715935373,0.209463954223235,0,0,synthetic-v1,F16_default,786ddba614cca0b18e42a1f878450d559eb8ae0e389535813e5f1d8226f594e7,ff4006c,0.1.0,2026-05-26T14:42:34+00:00
2021-07-23,Mkt-RF,FF,0.995,0.0011448016733589781,0.15807240742372405,0.28578572964037674,0,0,synthetic-v1,F16_default,786ddba614cca0b18e42a1f878450d559eb8ae0e389535813e5f1d8226f594e7,ff4006c,0.1.0,2026-05-26T14:42:34+00:00
2021-07-26,Mkt-RF,FF,0.99,0.011355952287186827,0.1145740994353027,0.2091756572012688,0,0,synthetic-v1,F16_default,786ddba614cca0b18e42a1f878450d559eb8ae0e389535813e5f1d8226f594e7,ff4006c,0.1.0,2026-05-26T14:42:34+00:00
2021-07-26,Mkt-RF,FF,0.995,0.011355952287186827,0.15777135337252085,0.28520095402107254,0,0,synthetic-v1,F16_default,786ddba614cca0b18e42a1f878450d559eb8ae0e389535813e5f1d8226f594e7,ff4006c,0.1.0,2026-05-26T14:42:34+00:00
2021-07-27,Mkt-RF,FF,0.99,-0.01350593355630333,0.11350629431692776,0.20717181837297388,0,0,synthetic-v1,F16_default,786ddba614cca0b18e42a1f878450d559eb8ae0e389535813e5f1d8226f594e7,ff4006c,0.1.0,2026-05-26T14:42:34+00:00
2021-07-27,Mkt-RF,FF,0.995,-0.01350593355630333,0.15639903030117028,0.282335840595037,0,0,synthetic-v1,F16_default,786ddba614cca0b18e42a1f878450d559eb8ae0e389535813e5f1d8226f594e7,ff4006c,0.1.0,2026-05-26T14:42:34+00:00
2021-07-28,Mkt-RF,FF,0.99,-0.017762688928190863,0.1136653197747237,0.20696757404768917,0,0,synthetic-v1,F16_default,786ddba614cca0b18e42a1f878450d559eb8ae0e389535813e5f1d8226f594e7,ff4006c,0.1.0,2026-05-26T14:42:34+00:00
2021-07-28,Mkt-RF,FF,0.995,-0.017762688928190863,0.15620098550674696,0.28213569699978924,0,0,synthetic-v1,F16_default,786ddba614cca0b18e42a1f878450d559eb8ae0e389535813e5f1d8226f594e7,ff4006c,0.1.0,2026-05-26T14:42:34+00:00
2021-07-29,Mkt-RF,FF,0.99,-0.0001054718492831946,0.11363609130736722,0.2072108369529157,0,0,synthetic-v1,F16_default,786ddba614cca0b18e42a1f878450d559eb8ae0e389535813e5f1d8226f594e7,ff4006c,0.1.0,2026-05-26T14:42:34+00:00
2021-07-29,Mkt-RF,FF,0.995,-0.0001054718492831946,0.1565026100684447,0.2824951744841661,0,0,synthetic-v1,F16_default,786ddba614cca0b18e42a1f878450d559eb8ae0e389535813e5f1d8226f594e7,ff4006c,0.1.0,2026-05-26T14:42:34+00:00
2021-07-30,Mkt-RF,FF,0.99,-0.0008379271921823289,0.1140369100064508,0.2079000126803284,0,0,synthetic-v1,F16_default,786ddba614cca0b18e42a1f878450d559eb8ae0e389535813e5f1d8226f594e7,ff4006c,0.1.0,2026-05-26T14:42:34+00:00
2021-07-30,Mkt-RF,FF,0.995,-0.0008379271921823289,0.15696010246440104,0.2835606745891688,0,0,synthetic-v1,F16_default,786ddba614cca0b18e42a1f878450d559eb8ae0e389535813e5f1d8226f594e7,ff4006c,0.1.0,2026-05-26T14:42:34+00:00
2021-08-02,Mkt-RF,FF,0.99,0.015051644851813165,0.11364845435316817,0.2071573771862346,0,0,synthetic-v1,F16_default,786ddba614cca0b18e42a1f878450d559eb8ae0e389535813e5f1d8226f594e7,ff4006c,0.1.0,2026-05-26T14:42:34+00:00
2021-08-02,Mkt-RF,FF,0.995,0.015051644851813165,0.15642177390612377,0.28251817503535426,0,0,synthetic-v1,F16_default,786ddba614cca0b18e42a1f878450d559eb8ae0e389535813e5f1d8226f594e7,ff4006c,0.1.0,2026-05-26T14:42:34+00:00
2021-08-03,Mkt-RF,FF,0.99,-0.009372829069032444,0.11403659222460918,0.20802313829472208,0,0,synthetic-v1,F16_default,786ddba614cca0b18e42a1f878450d559eb8ae0e389535813e5f1d8226f594e7,ff4006c,0.1.0,2026-05-26T14:42:34+00:00
2021-08-03,Mkt-RF,FF,0.995,-0.009372829069032444,0.156965868740481,0.2837347617518705,0,0,synthetic-v1,F16_default,786ddba614cca0b18e42a1f878450d559eb8ae0e389535813e5f1d8226f594e7,ff4006c,0.1.0,2026-05-26T14:42:34+00:00
2021-08-04,Mkt-RF,FF,0.99,-0.015314406860575308,0.11428228002299536,0.2084958569844154,0,0,synthetic-v1,F16_default,786ddba614cca0b18e42a1f878450d559eb8ae0e389535813e5f1d8226f594e7,ff4006c,0.1.0,2026-05-26T14:42:34+00:00
2021-08-04,Mkt-RF,FF,0.995,-0.015314406860575308,0.1574500209086196,0.28432174462694393,0,0,synthetic-v1,F16_default,786ddba614cca0b18e42a1f878450d559eb8ae0e389535813e5f1d8226f594e7,ff4006c,0.1.0,2026-05-26T14:42:34+00:00
2021-08-05,Mkt-RF,FF,0.99,-0.014057881051182488,0.1139684250077748,0.2077751179736072,0,0,synthetic-v1,F16_default,786ddba614cca0b18e42a1f878450d559eb8ae0e389535813e5f1d8226f594e7,ff4006c,0.1.0,2026-05-26T14:42:34+00:00
2021-08-05,Mkt-RF,FF,0.995,-0.014057881051182488,0.1566788836476039,0.28343322204387955,0,0,synthetic-v1,F16_default,786ddba614cca0b18e42a1f878450d559eb8ae0e389535813e5f1d8226f594e7,ff4006c,0.1.0,2026-05-26T14:42:34+00:00
2021-08-06,Mkt-RF,FF,0.99,0.004997722529657483,0.1127363783710288,0.20590833021261568,0,0,synthetic-v1,F16_default,786ddba614cca0b18e42a1f878450d559eb8ae0e389535813e5f1d8226f594e7,ff4006c,0.1.0,2026-05-26T14:42:34+00:00
2021-08-06,Mkt-RF,FF,0.995,0.004997722529657483,0.15544829926772263,0.28090313014863955,0,0,synthetic-v1,F16_default,786ddba614cca0b18e42a1f878450d559eb8ae0e389535813e5f1d8226f594e7,ff4006c,0.1.0,2026-05-26T14:42:34+00:00
2021-08-09,Mkt-RF,FF,0.99,-0.006045049983276801,0.11306436879597354,0.20580050280621698,0,0,synthetic-v1,F16_default,786ddba614cca0b18e42a1f878450d559eb8ae0e389535813e5f1d8226f594e7,ff4006c,0.1.0,2026-05-26T14:42:34+00:00
2021-08-09,Mkt-RF,FF,0.995,-0.006045049983276801,0.15550495649179383,0.28078266291571186,0,0,synthetic-v1,F16_default,786ddba614cca0b18e42a1f878450d559eb8ae0e389535813e5f1d8226f594e7,ff4006c,0.1.0,2026-05-26T14:42:34+00:00
2021-08-10,Mkt-RF,FF,0.99,0.010340632341978314,0.11297057025259122,0.20573744878101835,0,0,synthetic-v1,F16_default,786ddba614cca0b18e42a1f878450d559eb8ae0e389535813e5f1d8226f594e7,ff4006c,0.1.0,2026-05-26T14:42:34+00:00
2021-08-10,Mkt-RF,FF,0.995,0.010340632341978314,0.15542948665181702,0.28063115482347156,0,0,synthetic-v1,F16_default,786ddba614cca0b18e42a1f878450d559eb8ae0e389535813e5f1d8226f594e7,ff4006c,0.1.0,2026-05-26T14:42:34+00:00
2021-08-11,Mkt-RF,FF,0.99,-0.02014676097663743,0.11323477630263641,0.20667213767763626,0,0,synthetic-v1,F16_default,786ddba614cca0b18e42a1f878450d559eb8ae0e389535813e5f1d8226f594e7,ff4006c,0.1.0,2026-05-26T14:42:34+00:00
2021-08-11,Mkt-RF,FF,0.995,-0.02014676097663743,0.15608621572809284,0.2820345124792113,0,0,synthetic-v1,F16_default,786ddba614cca0b18e42a1f878450d559eb8ae0e389535813e5f1d8226f594e7,ff4006c,0.1.0,2026-05-26T14:42:34+00:00
2021-08-12,Mkt-RF,FF,0.99,0.01954194519357758,0.10925060798588203,0.19767602003675303,0,0,synthetic-v1,F16_default,786ddba614cca0b18e42a1f878450d559eb8ae0e389535813e5f1d8226f594e7,ff4006c,0.1.0,2026-05-26T14:42:34+00:00
2021-08-12,Mkt-RF,FF,0.995,0.01954194519357758,0.15006371334785534,0.2688901484849623,0,0,synthetic-v1,F16_default,786ddba614cca0b18e42a1f878450d559eb8ae0e389535813e5f1d8226f594e7,ff4006c,0.1.0,2026-05-26T14:42:34+00:00
2021-08-13,Mkt-RF,FF,0.99,-0.033927004055873046,0.1087018985929521,0.19704671448362632,0,0,synthetic-v1,F16_default,786ddba614cca0b18e42a1f878450d559eb8ae0e389535813e5f1d8226f594e7,ff4006c,0.1.0,2026-05-26T14:42:34+00:00
2021-08-13,Mkt-RF,FF,0.995,-0.033927004055873046,0.14947289555586038,0.26807275357546867,0,0,synthetic-v1,F16_default,786ddba614cca0b18e42a1f878450d559eb8ae0e389535813e5f1d8226f594e7,ff4006c,0.1.0,2026-05-26T14:42:34+00:00
2021-08-16,Mkt-RF,FF,0.99,0.015194198816068212,0.10854331296311295,0.19633923469441433,0,0,synthetic-v1,F16_default,786ddba614cca0b18e42a1f878450d559eb8ae0e389535813e5f1d8226f594e7,ff4006c,0.1.0,2026-05-26T14:42:34+00:00
2021-08-16,Mkt-RF,FF,0.995,0.015194198816068212,0.14906918874953107,0.2670084167642832,0,0,synthetic-v1,F16_default,786ddba614cca0b18e42a1f878450d559eb8ae0e389535813e5f1d8226f594e7,ff4006c,0.1.0,2026-05-26T14:42:34+00:00
2021-08-17,Mkt-RF,FF,0.99,-0.0121066529044728,0.10603122133148254,0.19076884343633374,0,0,synthetic-v1,F16_default,786ddba614cca0b18e42a1f878450d559eb8ae0e389535813e5f1d8226f594e7,ff4006c,0.1.0,2026-05-26T14:42:34+00:00
2021-08-17,Mkt-RF,FF,0.995,-0.0121066529044728,0.14544675560242706,0.2586955124510898,0,0,synthetic-v1,F16_default,786ddba614cca0b18e42a1f878450d559eb8ae0e389535813e5f1d8226f594e7,ff4006c,0.1.0,2026-05-26T14:42:34+00:00
2021-08-18,Mkt-RF,FF,0.99,0.01883681547589249,0.10690416867492374,0.19190275601057655,0,0,synthetic-v1,F16_default,786ddba614cca0b18e42a1f878450d559eb8ae0e389535813e5f1d8226f594e7,ff4006c,0.1.0,2026-05-26T14:42:34+00:00
2021-08-18,Mkt-RF,FF,0.995,0.01883681547589249,0.14626680317247784,0.2601229223675275,0,0,synthetic-v1,F16_default,786ddba614cca0b18e42a1f878450d559eb8ae0e389535813e5f1d8226f594e7,ff4006c,0.1.0,2026-05-26T14:42:34+00:00
2021-08-19,Mkt-RF,FF,0.99,0.010622429192855002,0.10227719379509442,0.18106567718787503,0,0,synthetic-v1,F16_default,786ddba614cca0b18e42a1f878450d559eb8ae0e389535813e5f1d8226f594e7,ff4006c,0.1.0,2026-05-26T14:42:34+00:00
2021-08-19,Mkt-RF,FF,0.995,0.010622429192855002,0.13904113606492183,0.2443028798003598,0,0,synthetic-v1,F16_default,786ddba614cca0b18e42a1f878450d559eb8ae0e389535813e5f1d8226f594e7,ff4006c,0.1.0,2026-05-26T14:42:34+00:00
2021-08-20,Mkt-RF,FF,0.99,0.007145215787991273,0.10219768597228901,0.18129626717663241,0,0,synthetic-v1,F16_default,786ddba614cca0b18e42a1f878450d559eb8ae0e389535813e5f1d8226f594e7,ff4006c,0.1.0,2026-05-26T14:42:34+00:00
2021-08-20,Mkt-RF,FF,0.995,0.007145215787991273,0.13922496009515925,0.24462784032404572,0,0,synthetic-v1,F16_default,786ddba614cca0b18e42a1f878450d559eb8ae0e389535813e5f1d8226f594e7,ff4006c,0.1.0,2026-05-26T14:42:34+00:00
2021-08-23,Mkt-RF,FF,0.99,-0.002308083859003041,0.10229856199854039,0.18126254392288194,0,0,synthetic-v1,F16_default,786ddba614cca0b18e42a1f878450d559eb8ae0e389535813e5f1d8226f594e7,ff4006c,0.1.0,2026-05-26T14:42:34+00:00
2021-08-23,Mkt-RF,FF,0.995,-0.002308083859003041,0.1391587595954086,0.24454579513924718,0,0,synthetic-v1,F16_default,786ddba614cca0b18e42a1f878450d559eb8ae0e389535813e5f1d8226f594e7,ff4006c,0.1.0,2026-05-26T14:42:34+00:00
2021-08-24,Mkt-RF,FF,0.99,0.003006459773064886,0.10233900169914839,0.18091692559181288,0,0,synthetic-v1,F16_default,786ddba614cca0b18e42a1f878450d559eb8ae0e389535813e5f1d8226f594e7,ff4006c,0.1.0,2026-05-26T14:42:34+00:00
2021-08-24,Mkt-RF,FF,0.995,0.003006459773064886,0.1389513019641653,0.2440339058747008,0,0,synthetic-v1,F16_default,786ddba614cca0b18e42a1f878450d559eb8ae0e389535813e5f1d8226f594e7,ff4006c,0.1.0,2026-05-26T14:42:34+00:00
2021-08-25,Mkt-RF,FF,0.99,-0.0005226695206542596,0.10183622373377688,0.18046491959947628,0,0,synthetic-v1,F16_default,786ddba614cca0b18e42a1f878450d559eb8ae0e389535813e5f1d8226f594e7,ff4006c,0.1.0,2026-05-26T14:42:34+00:00
2021-08-25,Mkt-RF,FF,0.995,-0.0005226695206542596,0.13869098941650837,0.24338732990468445,0,0,synthetic-v1,F16_default,786ddba614cca0b18e42a1f878450d559eb8ae0e389535813e5f1d8226f594e7,ff4006c,0.1.0,2026-05-26T14:42:34+00:00
2021-08-26,Mkt-RF,FF,0.99,0.0026623807484543404,0.10194055008677029,0.18044191400996734,0,0,synthetic-v1,F16_default,786ddba614cca0b18e42a1f878450d559eb8ae0e389535813e5f1d8226f594e7,ff4006c,0.1.0,2026-05-26T14:42:34+00:00
2021-08-26,Mkt-RF,FF,0.995,0.0026623807484543404,0.13855237207003795,0.24341283918680803,0,0,synthetic-v1,F16_default,786ddba614cca0b18e42a1f878450d559eb8ae0e389535813e5f1d8226f594e7,ff4006c,0.1.0,2026-05-26T14:42:34+00:00
2021-08-27,Mkt-RF,FF,0.99,0.008568873196417984,0.09878066702014304,0.17398867274958307,0,0,synthetic-v1,F16_default,786ddba614cca0b18e42a1f878450d559eb8ae0e389535813e5f1d8226f594e7,ff4006c,0.1.0,2026-05-26T14:42:34+00:00
2021-08-27,Mkt-RF,FF,0.995,0.008568873196417984,0.13405744561896596,0.2341929031447599,0,0,synthetic-v1,F16_default,786ddba614cca0b18e42a1f878450d559eb8ae0e389535813e5f1d8226f594e7,ff4006c,0.1.0,2026-05-26T14:42:34+00:00
2021-08-30,Mkt-RF,FF,0.99,-0.022040483540631362,0.09873923458270516,0.17398682131053556,0,0,synthetic-v1,F16_default,786ddba614cca0b18e42a1f878450d559eb8ae0e389535813e5f1d8226f594e7,ff4006c,0.1.0,2026-05-26T14:42:34+00:00
2021-08-30,Mkt-RF,FF,0.995,-0.022040483540631362,0.1340495159373045,0.23420504042615803,0,0,synthetic-v1,F16_default,786ddba614cca0b18e42a1f878450d559eb8ae0e389535813e5f1d8226f594e7,ff4006c,0.1.0,2026-05-26T14:42:34+00:00
2021-08-31,Mkt-RF,FF,0.99,0.014194781711989703,0.09876608499308076,0.1740849541798581,0,0,synthetic-v1,F16_default,786ddba614cca0b18e42a1f878450d559eb8ae0e389535813e5f1d8226f594e7,ff4006c,0.1.0,2026-05-26T14:42:34+00:00
2021-08-31,Mkt-RF,FF,0.995,0.014194781711989703,0.13412163580686146,0.23421226282544017,0,0,synthetic-v1,F16_default,786ddba614cca0b18e42a1f878450d559eb8ae0e389535813e5f1d8226f594e7,ff4006c,0.1.0,2026-05-26T14:42:34+00:00
2021-09-01,Mkt-RF,FF,0.99,0.02496666895516282,0.09855801560115447,0.17396418667708302,0,0,synthetic-v1,F16_default,786ddba614cca0b18e42a1f878450d559eb8ae0e389535813e5f1d8226f594e7,ff4006c,0.1.0,2026-05-26T14:42:34+00:00
2021-09-01,Mkt-RF,FF,0.995,0.02496666895516282,0.13402067867047557,0.2342479506822217,0,0,synthetic-v1,F16_default,786ddba614cca0b18e42a1f878450d559eb8ae0e389535813e5f1d8226f594e7,ff4006c,0.1.0,2026-05-26T14:42:34+00:00
2021-09-02,Mkt-RF,FF,0.99,0.02068059370715657,0.09335973283823866,0.16123881747449204,0,0,synthetic-v1,F16_default,786ddba614cca0b18e42a1f878450d559eb8ae0e389535813e5f1d8226f594e7,ff4006c,0.1.0,2026-05-26T14:42:34+00:00
2021-09-02,Mkt-RF,FF,0.995,0.02068059370715657,0.12582213854806984,0.21521205195019763,0,0,synthetic-v1,F16_default,786ddba614cca0b18e42a1f878450d559eb8ae0e389535813e5f1d8226f594e7,ff4006c,0.1.0,2026-05-26T14:42:34+00:00
2021-09-03,Mkt-RF,FF,0.99,0.014214431927541175,0.09282399500560091,0.160721066211704,0,0,synthetic-v1,F16_default,786ddba614cca0b18e42a1f878450d559eb8ae0e389535813e5f1d8226f594e7,ff4006c,0.1.0,2026-05-26T14:42:34+00:00
2021-09-03,Mkt-RF,FF,0.995,0.014214431927541175,0.12534874683687486,0.21463318259792752,0,0,synthetic-v1,F16_default,786ddba614cca0b18e42a1f878450d559eb8ae0e389535813e5f1d8226f594e7,ff4006c,0.1.0,2026-05-26T14:42:34+00:00
2021-09-06,Mkt-RF,FF,0.99,-0.04153186909481447,0.09342264886995737,0.1608553041506966,0,0,synthetic-v1,F16_default,786ddba614cca0b18e42a1f878450d559eb8ae0e389535813e5f1d8226f594e7,ff4006c,0.1.0,2026-05-26T14:42:34+00:00
2021-09-06,Mkt-RF,FF,0.995,-0.04153186909481447,0.1256287737380316,0.2146232383482328,0,0,synthetic-v1,F16_default,786ddba614cca0b18e42a1f878450d559eb8ae0e389535813e5f1d8226f594e7,ff4006c,0.1.0,2026-05-26T14:42:34+00:00
2021-09-07,Mkt-RF,FF,0.99,-0.023785653354680216,0.0948066339681217,0.16306433008248344,0,0,synthetic-v1,F16_default,786ddba614cca0b18e42a1f878450d559eb8ae0e389535813e5f1d8226f594e7,ff4006c,0.1.0,2026-05-26T14:42:34+00:00
2021-09-07,Mkt-RF,FF,0.995,-0.023785653354680216,0.1274996397748017,0.21745111054308575,0,0,synthetic-v1,F16_default,786ddba614cca0b18e42a1f878450d559eb8ae0e389535813e5f1d8226f594e7,ff4006c,0.1.0,2026-05-26T14:42:34+00:00
2021-09-08,Mkt-RF,FF,0.99,-0.011715054833085133,0.09464388886247115,0.1625838102134956,0,0,synthetic-v1,F16_default,786ddba614cca0b18e42a1f878450d559eb8ae0e389535813e5f1d8226f594e7,ff4006c,0.1.0,2026-05-26T14:42:34+00:00
2021-09-08,Mkt-RF,FF,0.995,-0.011715054833085133,0.12678962726736673,0.21676576744109569,0,0,synthetic-v1,F16_default,786ddba614cca0b18e42a1f878450d559eb8ae0e389535813e5f1d8226f594e7,ff4006c,0.1.0,2026-05-26T14:42:34+00:00
2021-09-09,Mkt-RF,FF,0.99,-0.01156084216307302,0.10234479157317886,0.18101975782471696,0,0,synthetic-v1,F16_default,786ddba614cca0b18e42a1f878450d559eb8ae0e389535813e5f1d8226f594e7,ff4006c,0.1.0,2026-05-26T14:42:34+00:00
2021-09-09,Mkt-RF,FF,0.995,-0.01156084216307302,0.13938935168604322,0.24412705000975818,0,0,synthetic-v1,F16_default,786ddba614cca0b18e42a1f878450d559eb8ae0e389535813e5f1d8226f594e7,ff4006c,0.1.0,2026-05-26T14:42:34+00:00
2021-09-10,Mkt-RF,FF,0.99,-0.0025948584313702206,0.10246342474051856,0.18118159460026456,0,0,synthetic-v1,F16_default,786ddba614cca0b18e42a1f878450d559eb8ae0e389535813e5f1d8226f594e7,ff4006c,0.1.0,2026-05-26T14:42:34+00:00
2021-09-10,Mkt-RF,FF,0.995,-0.0025948584313702206,0.13928806004234506,0.2441472342882191,0,0,synthetic-v1,F16_default,786ddba614cca0b18e42a1f878450d559eb8ae0e389535813e5f1d8226f594e7,ff4006c,0.1.0,2026-05-26T14:42:34+00:00
2021-09-13,Mkt-RF,FF,0.99,0.006609751308972191,0.10259124368563025,0.18112348079253748,0,0,synthetic-v1,F16_default,786ddba614cca0b18e42a1f878450d559eb8ae0e389535813e5f1d8226f594e7,ff4006c,0.1.0,2026-05-26T14:42:34+00:00
2021-09-13,Mkt-RF,FF,0.995,0.006609751308972191,0.13915428592710893,0.24409260556886359,0,0,synthetic-v1,F16_default,786ddba614cca0b18e42a1f878450d559eb8ae0e389535813e5f1d8226f594e7,ff4006c,0.1.0,2026-05-26T14:42:34+00:00
2021-09-14,Mkt-RF,FF,0.99,-0.021714344101951194,0.1024636048088559,0.18084718364849806,0,0,synthetic-v1,F16_default,786ddba614cca0b18e42a1f878450d559eb8ae0e389535813e5f1d8226f594e7,ff4006c,0.1.0,2026-05-26T14:42:34+00:00
2021-09-14,Mkt-RF,FF,0.995,-0.021714344101951194,0.13932801112299414,0.24373845210913925,0,0,synthetic-v1,F16_default,786ddba614cca0b18e42a1f878450d559eb8ae0e389535813e5f1d8226f594e7,ff4006c,0.1.0,2026-05-26T14:42:34+00:00
2021-09-15,Mkt-RF,FF,0.99,0.01127525008328411,0.10288257134123337,0.18163365506038875,0,0,synthetic-v1,F16_default,786ddba614cca0b18e42a1f878450d559eb8ae0e389535813e5f1d8226f594e7,ff4006c,0.1.0,2026-05-26T14:42:34+00:00
2021-09-15,Mkt-RF,FF,0.995,0.01127525008328411,0.1397144384101295,0.2447699126396865,0,0,synthetic-v1,F16_default,786ddba614cca0b18e42a1f878450d559eb8ae0e389535813e5f1d8226f594e7,ff4006c,0.1.0,2026-05-26T14:42:34+00:00
2021-09-16,Mkt-RF,FF,0.99,-0.01575520140983418,0.08683975230302307,0.14440129624970519,0,0,synthetic-v1,F16_default,786ddba614cca0b18e42a1f878450d559eb8ae0e389535813e5f1d8226f594e7,ff4006c,0.1.0,2026-05-26T14:42:34+00:00
2021-09-16,Mkt-RF,FF,0.995,-0.01575520140983418,0.11490282852804111,0.18991551964606407,0,0,synthetic-v1,F16_default,786ddba614cca0b18e42a1f878450d559eb8ae0e389535813e5f1d8226f594e7,ff4006c,0.1.0,2026-05-26T14:42:34+00:00
2021-09-17,Mkt-RF,FF,0.99,-0.04496465673831719,0.08693016751062876,0.1444757530221834,0,0,synthetic-v1,F16_default,786ddba614cca0b18e42a1f878450d559eb8ae0e389535813e5f1d8226f594e7,ff4006c,0.1.0,2026-05-26T14:42:34+00:00
2021-09-17,Mkt-RF,FF,0.995,-0.04496465673831719,0.11510650629714347,0.18991334623730421,0,0,synthetic-v1,F16_default,786ddba614cca0b18e42a1f878450d559eb8ae0e389535813e5f1d8226f594e7,ff4006c,0.1.0,2026-05-26T14:42:34+00:00
2021-09-20,Mkt-RF,FF,0.99,4.483546376585473e-06,0.08653184372472081,0.1440585121619624,0,0,synthetic-v1,F16_default,786ddba614cca0b18e42a1f878450d559eb8ae0e389535813e5f1d8226f594e7,ff4006c,0.1.0,2026-05-26T14:42:34+00:00
2021-09-20,Mkt-RF,FF,0.995,4.483546376585473e-06,0.11474591850684755,0.18951459584070615,0,0,synthetic-v1,F16_default,786ddba614cca0b18e42a1f878450d559eb8ae0e389535813e5f1d8226f594e7,ff4006c,0.1.0,2026-05-26T14:42:34+00:00
2021-09-21,Mkt-RF,FF,0.99,0.005753257466785516,0.08655354385964553,0.14393083732775575,0,0,synthetic-v1,F16_default,786ddba614cca0b18e42a1f878450d559eb8ae0e389535813e5f1d8226f594e7,ff4006c,0.1.0,2026-05-26T14:42:34+00:00
2021-09-21,Mkt-RF,FF,0.995,0.005753257466785516,0.1146577669952944,0.18937583344559214,0,0,synthetic-v1,F16_default,786ddba614cca0b18e42a1f878450d559eb8ae0e389535813e5f1d8226f594e7,ff4006c,0.1.0,2026-05-26T14:42:34+00:00
2021-09-22,Mkt-RF,FF,0.99,-0.004608680461266798,0.08638913219238444,0.14397196638832796,0,0,synthetic-v1,F16_default,786ddba614cca0b18e42a1f878450d559eb8ae0e389535813e5f1d8226f594e7,ff4006c,0.1.0,2026-05-26T14:42:34+00:00
2021-09-22,Mkt-RF,FF,0.995,-0.004608680461266798,0.11487446557355256,0.1893206351092502,0,0,synthetic-v1,F16_default,786ddba614cca0b18e42a1f878450d559eb8ae0e389535813e5f1d8226f594e7,ff4006c,0.1.0,2026-05-26T14:42:34+00:00
2021-09-23,Mkt-RF,FF,0.99,-0.0005307229754143702,0.08679344783546135,0.14452413508312292,0,0,synthetic-v1,F16_default,786ddba614cca0b18e42a1f878450d559eb8ae0e389535813e5f1d8226f594e7,ff4006c,0.1.0,2026-05-26T14:42:34+00:00
2021-09-23,Mkt-RF,FF,0.995,-0.0005307229754143702,0.1152192469946907,0.19006165374620232,0,0,synthetic-v1,F16_default,786ddba614cca0b18e42a1f878450d559eb8ae0e389535813e5f1d8226f594e7,ff4006c,0.1.0,2026-05-26T14:42:34+00:00
2021-09-24,Mkt-RF,FF,0.99,-0.00044341806263923365,0.08686150679591273,0.14463050056626814,0,0,synthetic-v1,F16_default,786ddba614cca0b18e42a1f878450d559eb8ae0e389535813e5f1d8226f594e7,ff4006c,0.1.0,2026-05-26T14:42:34+00:00
2021-09-24,Mkt-RF,FF,0.995,-0.00044341806263923365,0.11524392339827981,0.1902711798544493,0,0,synthetic-v1,F16_default,786ddba614cca0b18e42a1f878450d559eb8ae0e389535813e5f1d8226f594e7,ff4006c,0.1.0,2026-05-26T14:42:34+00:00
2021-09-27,Mkt-RF,FF,0.99,0.008644588132106354,0.08648493400043782,0.14410312894460683,0,0,synthetic-v1,F16_default,786ddba614cca0b18e42a1f878450d559eb8ae0e389535813e5f1d8226f594e7,ff4006c,0.1.0,2026-05-26T14:42:34+00:00
2021-09-27,Mkt-RF,FF,0.995,0.008644588132106354,0.11472619194217142,0.18950110127457376,0,0,synthetic-v1,F16_default,786ddba614cca0b18e42a1f878450d559eb8ae0e389535813e5f1d8226f594e7,ff4006c,0.1.0,2026-05-26T14:42:34+00:00
2021-09-28,Mkt-RF,FF,0.99,-0.0006144831460929809,0.08693817040162424,0.14421317450411514,0,0,synthetic-v1,F16_default,786ddba614cca0b18e42a1f878450d559eb8ae0e389535813e5f1d8226f594e7,ff4006c,0.1.0,2026-05-26T14:42:34+00:00
2021-09-28,Mkt-RF,FF,0.995,-0.0006144831460929809,0.11497786728192583,0.18943390345517108,0,0,synthetic-v1,F16_default,786ddba614cca0b18e42a1f878450d559eb8ae0e389535813e5f1d8226f594e7,ff4006c,0.1.0,2026-05-26T14:42:34+00:00
2021-09-29,Mkt-RF,FF,0.99,0.017823874769455822,0.08669145864693208,0.14382748914493826,0,0,synthetic-v1,F16_default,786ddba614cca0b18e42a1f878450d559eb8ae0e389535813e5f1d8226f594e7,ff4006c,0.1.0,2026-05-26T14:42:34+00:00
2021-09-29,Mkt-RF,FF,0.995,0.017823874769455822,0.11471309760595914,0.18903121335885414,0,0,synthetic-v1,F16_default,786ddba614cca0b18e42a1f878450d559eb8ae0e389535813e5f1d8226f594e7,ff4006c,0.1.0,2026-05-26T14:42:34+00:00
2021-09-30,Mkt-RF,FF,0.99,-0.003406012053880255,0.08607976166120193,0.14294687745449736,0,0,synthetic-v1,F16_default,786ddba614cca0b18e42a1f878450d559eb8ae0e389535813e5f1d8226f594e7,ff4006c,0.1.0,2026-05-26T14:42:34+00:00
2021-09-30,Mkt-RF,FF,0.995,-0.003406012053880255,0.11389257992101531,0.1877996582833163,0,0,synthetic-v1,F16_default,786ddba614cca0b18e42a1f878450d559eb8ae0e389535813e5f1d8226f594e7,ff4006c,0.1.0,2026-05-26T14:42:34+00:00
2021-10-01,Mkt-RF,FF,0.99,-0.01165333178864961,0.08584222772149605,0.14269468653671277,0,0,synthetic-v1,F16_default,786ddba614cca0b18e42a1f878450d559eb8ae0e389535813e5f1d8226f594e7,ff4006c,0.1.0,2026-05-26T14:42:34+00:00
2021-10-01,Mkt-RF,FF,0.995,-0.01165333178864961,0.11379210956049582,0.18764889289674827,0,0,synthetic-v1,F16_default,786ddba614cca0b18e42a1f878450d559eb8ae0e389535813e5f1d8226f594e7,ff4006c,0.1.0,2026-05-26T14:42:34+00:00
2021-10-04,Mkt-RF,FF,0.99,-0.0084591118638679,0.08586840768217849,0.14272751452100627,0,0,synthetic-v1,F16_default,786ddba614cca0b18e42a1f878450d559eb8ae0e389535813e5f1d8226f594e7,ff4006c,0.1.0,2026-05-26T14:42:34+00:00
2021-10-04,Mkt-RF,FF,0.995,-0.0084591118638679,0.11358701637223813,0.1874798072144664,0,0,synthetic-v1,F16_default,786ddba614cca0b18e42a1f878450d559eb8ae0e389535813e5f1d8226f594e7,ff4006c,0.1.0,2026-05-26T14:42:34+00:00
2021-10-05,Mkt-RF,FF,0.99,-0.0010740179663742064,0.08603137736370559,0.14284985709823556,0,0,synthetic-v1,F16_default,786ddba614cca0b18e42a1f878450d559eb8ae0e389535813e5f1d8226f594e7,ff4006c,0.1.0,2026-05-26T14:42:34+00:00
2021-10-05,Mkt-RF,FF,0.995,-0.0010740179663742064,0.1138999863233792,0.18762877014707674,0,0,synthetic-v1,F16_default,786ddba614cca0b18e42a1f878450d559eb8ae0e389535813e5f1d8226f594e7,ff4006c,0.1.0,2026-05-26T14:42:34+00:00
2021-10-06,Mkt-RF,FF,0.99,-0.004343894843314497,0.0859015413235584,0.142927900321895,0,0,synthetic-v1,F16_default,786ddba614cca0b18e42a1f878450d559eb8ae0e389535813e5f1d8226f594e7,ff4006c,0.1.0,2026-05-26T14:42:34+00:00
2021-10-06,Mkt-RF,FF,0.995,-0.004343894843314497,0.11386416580035587,0.18771594833786223,0,0,synthetic-v1,F16_default,786ddba614cca0b18e42a1f878450d559eb8ae0e389535813e5f1d8226f594e7,ff4006c,0.1.0,2026-05-26T14:42:34+00:00
2021-10-07,Mkt-RF,FF,0.99,0.009957009422478525,0.08580314461399749,0.14274832753548958,0,0,synthetic-v1,F16_default,786ddba614cca0b18e42a1f878450d559eb8ae0e389535813e5f1d8226f594e7,ff4006c,0.1.0,2026-05-26T14:42:34+00:00
2021-10-07,Mkt-RF,FF,0.995,0.009957009422478525,0.1138193945275752,0.18766621986843562,0,0,synthetic-v1,F16_default,786ddba614cca0b18e42a1f878450d559eb8ae0e389535813e5f1d8226f594e7,ff4006c,0.1.0,2026-05-26T14:42:34+00:00
2021-10-08,Mkt-RF,FF,0.99,-0.006868645710125305,0.08600493940222777,0.14281620146880109,0,0,synthetic-v1,F16_default,786ddba614cca0b18e42a1f878450d559eb8ae0e389535813e5f1d8226f594e7,ff4006c,0.1.0,2026-05-26T14:42:34+00:00
2021-10-08,Mkt-RF,FF,0.995,-0.006868645710125305,0.11382756746577241,0.18767375138429593,0,0,synthetic-v1,F16_default,786ddba614cca0b18e42a1f878450d559eb8ae0e389535813e5f1d8226f594e7,ff4006c,0.1.0,2026-05-26T14:42:34+00:00
2021-10-11,Mkt-RF,FF,0.99,-0.004478354737056337,0.08591117922887193,0.14258399288339377,0,0,synthetic-v1,F16_default,786ddba614cca0b18e42a1f878450d559eb8ae0e389535813e5f1d8226f594e7,ff4006c,0.1.0,2026-05-26T14:42:34+00:00
2021-10-11,Mkt-RF,FF,0.995,-0.004478354737056337,0.11382713427386504,0.1873968374325795,0,0,synthetic-v1,F16_default,786ddba614cca0b18e42a1f878450d559eb8ae0e389535813e5f1d8226f594e7,ff4006c,0.1.0,2026-05-26T14:42:34+00:00
2021-10-12,Mkt-RF,FF,0.99,-0.00016460695002502206,0.08589728725480601,0.1427129889397236,0,0,synthetic-v1,F16_default,786ddba614cca0b18e42a1f878450d559eb8ae0e389535813e5f1d8226f594e7,ff4006c,0.1.0,2026-05-26T14:42:34+00:00
2021-10-12,Mkt-RF,FF,0.995,-0.00016460695002502206,0.11376288891637898,0.1874522133639487,0,0,synthetic-v1,F16_default,786ddba614cca0b18e42a1f878450d559eb8ae0e389535813e5f1d8226f594e7,ff4006c,0.1.0,2026-05-26T14:42:34+00:00
2021-10-13,Mkt-RF,FF,0.99,0.01637679103958496,0.08583082413059036,0.1426197701874922,0,0,synthetic-v1,F16_default,786ddba614cca0b18e42a1f878450d559eb8ae0e389535813e5f1d8226f594e7,ff4006c,0.1.0,2026-05-26T14:42:34+00:00
2021-10-13,Mkt-RF,FF,0.995,0.01637679103958496,0.11380295568682032,0.1873272551974659,0,0,synthetic-v1,F16_default,786ddba614cca0b18e42a1f878450d559eb8ae0e389535813e5f1d8226f594e7,ff4006c,0.1.0,2026-05-26T14:42:34+00:00
2021-10-14,Mkt-RF,FF,0.99,-0.019425560356530317,0.08540858047127442,0.1421700929016469,0,0,synthetic-v1,F16_default,786ddba614cca0b18e42a1f878450d559eb8ae0e389535813e5f1d8226f594e7,ff4006c,0.1.0,2026-05-26T14:42:34+00:00
2021-10-14,Mkt-RF,FF,0.995,-0.019425560356530317,0.11316525509164876,0.18702361280233204,0,0,synthetic-v1,F16_default,786ddba614cca0b18e42a1f878450d559eb8ae0e389535813e5f1d8226f594e7,ff4006c,0.1.0,2026-05-26T14:42:34+00:00
2021-10-15,Mkt-RF,FF,0.99,0.01646412500198715,0.08602425116322149,0.1428471401209981,0,0,synthetic-v1,F16_default,786ddba614cca0b18e42a1f878450d559eb8ae0e389535813e5f1d8226f594e7,ff4006c,0.1.0,2026-05-26T14:42:34+00:00
2021-10-15,Mkt-RF,FF,0.995,0.01646412500198715,0.11375194363444102,0.18771147838447444,0,0,synthetic-v1,F16_default,786ddba614cca0b18e42a1f878450d559eb8ae0e389535813e5f1d8226f594e7,ff4006c,0.1.0,2026-05-26T14:42:34+00:00
2021-10-18,Mkt-RF,FF,0.99,-0.005111803253278187,0.08620897589811712,0.1431565093513092,0,0,synthetic-v1,F16_default,786ddba614cca0b18e42a1f878450d559eb8ae0e389535813e5f1d8226f594e7,ff4006c,0.1.0,2026-05-26T14:42:34+00:00
2021-10-18,Mkt-RF,FF,0.995,-0.005111803253278187,0.11398921966148652,0.18818831305009165,0,0,synthetic-v1,F16_default,786ddba614cca0b18e42a1f878450d559eb8ae0e389535813e5f1d8226f594e7,ff4006c,0.1.0,2026-05-26T14:42:34+00:00
2021-10-19,Mkt-RF,FF,0.99,0.011316092135101555,0.08623732307134022,0.14335133405004552,0,0,synthetic-v1,F16_default,786ddba614cca0b18e42a1f878450d559eb8ae0e389535813e5f1d8226f594e7,ff4006c,0.1.0,2026-05-26T14:42:34+00:00
2021-10-19,Mkt-RF,FF,0.995,0.011316092135101555,0.1143230204549577,0.18829646802568717,0,0,synthetic-v1,F16_default,786ddba614cca0b18e42a1f878450d559eb8ae0e389535813e5f1d8226f594e7,ff4006c,0.1.0,2026-05-26T14:42:34+00:00
2021-10-20,Mkt-RF,FF,0.99,-0.027854349200764853,0.08623046849528085,0.14320629729771445,0,0,synthetic-v1,F16_default,786ddba614cca0b18e42a1f878450d559eb8ae0e389535813e5f1d8226f594e7,ff4006c,0.1.0,2026-05-26T14:42:34+00:00
2021-10-20,Mkt-RF,FF,0.995,-0.027854349200764853,0.11410938227058068,0.1881465731416186,0,0,synthetic-v1,F16_default,786ddba614cca0b18e42a1f878450d559eb8ae0e389535813e5f1d8226f594e7,ff4006c,0.1.0,2026-05-26T14:42:34+00:00
2021-10-21,Mkt-RF,FF,0.99,-0.005628514448070663,0.08629258991755585,0.1430422143190915,0,0,synthetic-v1,F16_default,786ddba614cca0b18e42a1f878450d559eb8ae0e389535813e5f1d8226f594e7,ff4006c,0.1.0,2026-05-26T14:42:34+00:00
2021-10-21,Mkt-RF,FF,0.995,-0.005628514448070663,0.11399659749137069,0.18788999904157183,0,0,synthetic-v1,F16_default,786ddba614cca0b18e42a1f878450d559eb8ae0e389535813e5f1d8226f594e7,ff4006c,0.1.0,2026-05-26T14:42:34+00:00
2021-10-22,Mkt-RF,FF,0.99,0.005188077935201237,0.08593859222244517,0.14268108608791308,0,0,synthetic-v1,F16_default,786ddba614cca0b18e42a1f878450d559eb8ae0e389535813e5f1d8226f594e7,ff4006c,0.1.0,2026-05-26T14:42:34+00:00
2021-10-22,Mkt-RF,FF,0.995,0.005188077935201237,0.11376145634644862,0.18740259796717434,0,0,synthetic-v1,F16_default,786ddba614cca0b18e42a1f878450d559eb8ae0e389535813e5f1d8226f594e7,ff4006c,0.1.0,2026-05-26T14:42:34+00:00
2021-10-25,Mkt-RF,FF,0.99,0.002496439640051913,0.08593533939272609,0.14253595708839584,0,0,synthetic-v1,F16_default,786ddba614cca0b18e42a1f878450d559eb8ae0e389535813e5f1d8226f594e7,ff4006c,0.1.0,2026-05-26T14:42:34+00:00
2021-10-25,Mkt-RF,FF,0.995,0.002496439640051913,0.11362330201544832,0.18723164438255063,0,0,synthetic-v1,F16_default,786ddba614cca0b18e42a1f878450d559eb8ae0e389535813e5f1d8226f594e7,ff4006c,0.1.0,2026-05-26T14:42:34+00:00
2021-10-26,Mkt-RF,FF,0.99,-0.032900385835580845,0.08576409347929669,0.1423660276832943,0,0,synthetic-v1,F16_default,786ddba614cca0b18e42a1f878450d559eb8ae0e389535813e5f1d8226f594e7,ff4006c,0.1.0,2026-05-26T14:42:34+00:00
2021-10-26,Mkt-RF,FF,0.995,-0.032900385835580845,0.11371196802397805,0.18711414286123879,0,0,synthetic-v1,F16_default,786ddba614cca0b18e42a1f878450d559eb8ae0e389535813e5f1d8226f594e7,ff4006c,0.1.0,2026-05-26T14:42:34+00:00
2021-10-27,Mkt-RF,FF,0.99,-0.004591680901074082,0.08544019825116816,0.14162081369063273,0,0,synthetic-v1,F16_default,786ddba614cca0b18e42a1f878450d559eb8ae0e389535813e5f1d8226f594e7,ff4006c,0.1.0,2026-05-26T14:42:34+00:00
2021-10-27,Mkt-RF,FF,0.995,-0.004591680901074082,0.11294083723955059,0.18589487145899392,0,0,synthetic-v1,F16_default,786ddba614cca0b18e42a1f878450d559eb8ae0e389535813e5f1d8226f594e7,ff4006c,0.1.0,2026-05-26T14:42:34+00:00
2021-10-28,Mkt-RF,FF,0.99,0.013783741715439822,0.08529744415795329,0.1412075575312962,0,0,synthetic-v1,F16_default,786ddba614cca0b18e42a1f878450d559eb8ae0e389535813e5f1d8226f594e7,ff4006c,0.1.0,2026-05-26T14:42:34+00:00
2021-10-28,Mkt-RF,FF,0.995,0.013783741715439822,0.11261377132703697,0.18544593532753195,0,0,synthetic-v1,F16_default,786ddba614cca0b18e42a1f878450d559eb8ae0e389535813e5f1d8226f594e7,ff4006c,0.1.0,2026-05-26T14:42:34+00:00
2021-10-29,Mkt-RF,FF,0.99,0.014525992048264944,0.08552842887359734,0.1412676925210535,0,0,synthetic-v1,F16_default,786ddba614cca0b18e42a1f878450d559eb8ae0e389535813e5f1d8226f594e7,ff4006c,0.1.0,2026-05-26T14:42:34+00:00
2021-10-29,Mkt-RF,FF,0.995,0.014525992048264944,0.112740114071546,0.1852608690564081,0,0,synthetic-v1,F16_default,786ddba614cca0b18e42a1f878450d559eb8ae0e389535813e5f1d8226f594e7,ff4006c,0.1.0,2026-05-26T14:42:34+00:00
2021-11-01,Mkt-RF,FF,0.99,0.005399623223165396,0.08558938290952806,0.14154093521918593,0,0,synthetic-v1,F16_default,786ddba614cca0b18e42a1f878450d559eb8ae0e389535813e5f1d8226f594e7,ff4006c,0.1.0,2026-05-26T14:42:34+00:00
2021-11-01,Mkt-RF,FF,0.995,0.005399623223165396,0.11308795627426177,0.18565292704140096,0,0,synthetic-v1,F16_default,786ddba614cca0b18e42a1f878450d559eb8ae0e389535813e5f1d8226f594e7,ff4006c,0.1.0,2026-05-26T14:42:34+00:00
2021-11-02,Mkt-RF,FF,0.99,0.00786634276037016,0.0855884599869007,0.14189201888776992,0,0,synthetic-v1,F16_default,786ddba614cca0b18e42a1f878450d559eb8ae0e389535813e5f1d8226f594e7,ff4006c,0.1.0,2026-05-26T14:42:34+00:00
2021-11-02,Mkt-RF,FF,0.995,0.00786634276037016,0.11311820780132079,0.18611024633197054,0,0,synthetic-v1,F16_default,786ddba614cca0b18e42a1f878450d559eb8ae0e389535813e5f1d8226f594e7,ff4006c,0.1.0,2026-05-26T14:42:34+00:00
2021-11-03,Mkt-RF,FF,0.99,-0.008359204636216285,0.08586267596037697,0.14193807244206263,0,0,synthetic-v1,F16_default,786ddba614cca0b18e42a1f878450d559eb8ae0e389535813e5f1d8226f594e7,ff4006c,0.1.0,2026-05-26T14:42:34+00:00
2021-11-03,Mkt-RF,FF,0.995,-0.008359204636216285,0.11333269526285455,0.18598311712507593,0,0,synthetic-v1,F16_default,786ddba614cca0b18e42a1f878450d559eb8ae0e389535813e5f1d8226f594e7,ff4006c,0.1.0,2026-05-26T14:42:34+00:00
2021-11-04,Mkt-RF,FF,0.99,-0.025732425605672148,0.08570471376821469,0.14163976070007384,0,0,synthetic-v1,F16_default,786ddba614cca0b18e42a1f878450d559eb8ae0e389535813e5f1d8226f594e7,ff4006c,0.1.0,2026-05-26T14:42:34+00:00
2021-11-04,Mkt-RF,FF,0.995,-0.025732425605672148,0.1132125693137335,0.18568046491606865,0,0,synthetic-v1,F16_default,786ddba614cca0b18e42a1f878450d559eb8ae0e389535813e5f1d8226f594e7,ff4006c,0.1.0,2026-05-26T14:42:34+00:00
2021-11-05,Mkt-RF,FF,0.99,0.015221421247597679,0.08587721806008773,0.1417336013405655,0,0,synthetic-v1,F16_default,786ddba614cca0b18e42a1f878450d559eb8ae0e389535813e5f1d8226f594e7,ff4006c,0.1.0,2026-05-26T14:42:34+00:00
2021-11-05,Mkt-RF,FF,0.995,0.015221421247597679,0.11335008402495639,0.1857214668962908,0,0,synthetic-v1,F16_default,786ddba614cca0b18e42a1f878450d559eb8ae0e389535813e5f1d8226f594e7,ff4006c,0.1.0,2026-05-26T14:42:34+00:00
2021-11-08,Mkt-RF,FF,0.99,-0.00997454574585139,0.08596969936432806,0.14159396923898945,0,0,synthetic-v1,F16_default,786ddba614cca0b18e42a1f878450d559eb8ae0e389535813e5f1d8226f594e7,ff4006c,0.1.0,2026-05-26T14:42:34+00:00
2021-11-08,Mkt-RF,FF,0.995,-0.00997454574585139,0.11306815197098141,0.18549656238298318,0,0,synthetic-v1,F16_default,786ddba614cca0b18e42a1f878450d559eb8ae0e389535813e5f1d8226f594e7,ff4006c,0.1.0,2026-05-26T14:42:34+00:00
2021-11-09,Mkt-RF,FF,0.99,-0.008691775901308117,0.08577072142544946,0.14147876111016133,0,0,synthetic-v1,F16_default,786ddba614cca0b18e42a1f878450d559eb8ae0e389535813e5f1d8226f594e7,ff4006c,0.1.0,2026-05-26T14:42:34+00:00
2021-11-09,Mkt-RF,FF,0.995,-0.008691775901308117,0.11300890628820648,0.1852163434451013,0,0,synthetic-v1,F16_default,786ddba614cca0b18e42a1f878450d559eb8ae0e389535813e5f1d8226f594e7,ff4006c,0.1.0,2026-05-26T14:42:34+00:00
2021-11-10,Mkt-RF,FF,0.99,0.013509077884022645,0.08575121349072413,0.14167252919644988,0,0,synthetic-v1,F16_default,786ddba614cca0b18e42a1f878450d559eb8ae0e389535813e5f1d8226f594e7,ff4006c,0.1.0,2026-05-26T14:42:34+00:00
2021-11-10,Mkt-RF,FF,0.995,0.013509077884022645,0.1132927967178717,0.1858715423855173,0,0,synthetic-v1,F16_default,786ddba614cca0b18e42a1f878450d559eb8ae0e389535813e5f1d8226f594e7,ff4006c,0.1.0,2026-05-26T14:42:34+00:00
2021-11-11,Mkt-RF,FF,0.99,-0.003680374625386713,0.0858080310957355,0.14146681494654711,0,0,synthetic-v1,F16_default,786ddba614cca0b18e42a1f878450d559eb8ae0e389535813e5f1d8226f594e7,ff4006c,0.1.0,2026-05-26T14:42:34+00:00
2021-11-11,Mkt-RF,FF,0.995,-0.003680374625386713,0.11314201130030128,0.18544150953637212,0,0,synthetic-v1,F16_default,786ddba614cca0b18e42a1f878450d559eb8ae0e389535813e5f1d8226f594e7,ff4006c,0.1.0,2026-05-26T14:42:34+00:00
2021-11-12,Mkt-RF,FF,0.99,0.0077874371199114665,0.08558652390262929,0.14156900408376122,0,0,synthetic-v1,F16_default,786ddba614cca0b18e42a1f878450d559eb8ae0e389535813e5f1d8226f594e7,ff4006c,0.1.0,2026-05-26T14:42:34+00:00
2021-11-12,Mkt-RF,FF,0.995,0.0077874371199114665,0.11303779699691895,0.185564908738144,0,0,synthetic-v1,F16_default,786ddba614cca0b18e42a1f878450d559eb8ae0e389535813e5f1d8226f594e7,ff4006c,0.1.0,2026-05-26T14:42:34+00:00
2021-11-15,Mkt-RF,FF,0.99,0.008099763919379563,0.08596454700325667,0.14150812225563963,0,0,synthetic-v1,F16_default,786ddba614cca0b18e42a1f878450d559eb8ae0e389535813e5f1d8226f594e7,ff4006c,0.1.0,2026-05-26T14:42:34+00:00
2021-11-15,Mkt-RF,FF,0.995,0.008099763919379563,0.11307392763417602,0.18552364549573588,0,0,synthetic-v1,F16_default,786ddba614cca0b18e42a1f878450d559eb8ae0e389535813e5f1d8226f594e7,ff4006c,0.1.0,2026-05-26T14:42:34+00:00
2021-11-16,Mkt-RF,FF,0.99,-0.002094962232535085,0.08567340517542184,0.1414206816531981,0,0,synthetic-v1,F16_default,786ddba614cca0b18e42a1f878450d559eb8ae0e389535813e5f1d8226f594e7,ff4006c,0.1.0,2026-05-26T14:42:34+00:00
2021-11-16,Mkt-RF,FF,0.995,-0.002094962232535085,0.11296172365172986,0.18548815230590782,0,0,synthetic-v1,F16_default,786ddba614cca0b18e42a1f878450d559eb8ae0e389535813e5f1d8226f594e7,ff4006c,0.1.0,2026-05-26T14:42:34+00:00
2021-11-17,Mkt-RF,FF,0.99,-0.035020157573079164,0.08569380095668491,0.14171221187972405,0,0,synthetic-v1,F16_default,786ddba614cca0b18e42a1f878450d559eb8ae0e389535813e5f1d8226f594e7,ff4006c,0.1.0,2026-05-26T14:42:34+00:00
2021-11-17,Mkt-RF,FF,0.995,-0.035020157573079164,0.11318359351499516,0.1857617312168548,0,0,synthetic-v1,F16_default,786ddba614cca0b18e42a1f878450d559eb8ae0e389535813e5f1d8226f594e7,ff4006c,0.1.0,2026-05-26T14:42:34+00:00
2021-11-18,Mkt-RF,FF,0.99,0.014284001383411897,0.08613785067461477,0.14200659139351726,0,0,synthetic-v1,F16_default,786ddba614cca0b18e42a1f878450d559eb8ae0e389535813e5f1d8226f594e7,ff4006c,0.1.0,2026-05-26T14:42:34+00:00
2021-11-18,Mkt-RF,FF,0.995,0.014284001383411897,0.11333366398026978,0.18637928589273534,0,0,synthetic-v1,F16_default,786ddba614cca0b18e42a1f878450d559eb8ae0e389535813e5f1d8226f594e7,ff4006c,0.1.0,2026-05-26T14:42:34+00:00
2021-11-19,Mkt-RF,FF,0.99,0.00890678136290883,0.08648252256116988,0.1425288002998517,0,0,synthetic-v1,F16_default,786ddba614cca0b18e42a1f878450d559eb8ae0e389535813e5f1d8226f594e7,ff4006c,0.1.0,2026-05-26T14:42:34+00:00
2021-11-19,Mkt-RF,FF,0.995,0.00890678136290883,0.11390913958152632,0.18679538657180272,0,0,synthetic-v1,F16_default,786ddba614cca0b18e42a1f878450d559eb8ae0e389535813e5f1d8226f594e7,ff4006c,0.1.0,2026-05-26T14:42:34+00:00
2021-11-22,Mkt-RF,FF,0.99,-0.0010494128088991259,0.0866206718107898,0.14267221208137643,0,0,synthetic-v1,F16_default,786ddba614cca0b18e42a1f878450d559eb8ae0e389535813e5f1d8226f594e7,ff4006c,0.1.0,2026-05-26T14:42:34+00:00
2021-11-22,Mkt-RF,FF,0.995,-0.0010494128088991259,0.114106265099623,0.18704478204650588,0,0,synthetic-v1,F16_default,786ddba614cca0b18e42a1f878450d559eb8ae0e389535813e5f1d8226f594e7,ff4006c,0.1.0,2026-05-26T14:42:34+00:00
2021-11-23,Mkt-RF,FF,0.99,0.0021342421136950666,0.08645898467823385,0.14247578796277593,0,0,synthetic-v1,F16_default,786ddba614cca0b18e42a1f878450d559eb8ae0e389535813e5f1d8226f594e7,ff4006c,0.1.0,2026-05-26T14:42:34+00:00
2021-11-23,Mkt-RF,FF,0.995,0.0021342421136950666,0.1138109874351752,0.18676437855641442,0,0,synthetic-v1,F16_default,786ddba614cca0b18e42a1f878450d559eb8ae0e389535813e5f1d8226f594e7,ff4006c,0.1.0,2026-05-26T14:42:34+00:00
2021-11-24,Mkt-RF,FF,0.99,0.03212287836878026,0.07796423211845019,0.12597331607158654,0,0,synthetic-v1,F16_default,786ddba614cca0b18e42a1f878450d559eb8ae0e389535813e5f1d8226f594e7,ff4006c,0.1.0,2026-05-26T14:42:34+00:00
2021-11-24,Mkt-RF,FF,0.995,0.03212287836878026,0.10188516931715388,0.1636546463196717,0,0,synthetic-v1,F16_default,786ddba614cca0b18e42a1f878450d559eb8ae0e389535813e5f1d8226f594e7,ff4006c,0.1.0,2026-05-26T14:42:34+00:00
2021-11-25,Mkt-RF,FF,0.99,0.001265976057155126,0.08295609917673345,0.13638796212787277,0,0,synthetic-v1,F16_default,786ddba614cca0b18e42a1f878450d559eb8ae0e389535813e5f1d8226f594e7,ff4006c,0.1.0,2026-05-26T14:42:34+00:00
2021-11-25,Mkt-RF,FF,0.995,0.001265976057155126,0.1093815452260318,0.17839616374837472,0,0,synthetic-v1,F16_default,786ddba614cca0b18e42a1f878450d559eb8ae0e389535813e5f1d8226f594e7,ff4006c,0.1.0,2026-05-26T14:42:34+00:00
2021-11-26,Mkt-RF,FF,0.99,0.029933519872936108,0.08317536398239435,0.13656361733661437,0,0,synthetic-v1,F16_default,786ddba614cca0b18e42a1f878450d559eb8ae0e389535813e5f1d8226f594e7,ff4006c,0.1.0,2026-05-26T14:42:34+00:00
2021-11-26,Mkt-RF,FF,0.995,0.029933519872936108,0.10949567480414527,0.17868221077617663,0,0,synthetic-v1,F16_default,786ddba614cca0b18e42a1f878450d559eb8ae0e389535813e5f1d8226f594e7,ff4006c,0.1.0,2026-05-26T14:42:34+00:00
2021-11-29,Mkt-RF,FF,0.99,-0.06330180510742606,0.0861880981780782,0.14334521559068397,0,0,synthetic-v1,F16_default,786ddba614cca0b18e42a1f878450d559eb8ae0e389535813e5f1d8226f594e7,ff4006c,0.1.0,2026-05-26T14:42:34+00:00
2021-11-29,Mkt-RF,FF,0.995,-0.06330180510742606,0.11401804933452385,0.18851915825159749,0,0,synthetic-v1,F16_default,786ddba614cca0b18e42a1f878450d559eb8ae0e389535813e5f1d8226f594e7,ff4006c,0.1.0,2026-05-26T14:42:34+00:00
2021-11-30,Mkt-RF,FF,0.99,-0.017588134601242957,0.08212687678911638,0.13501759955417872,0,0,synthetic-v1,F16_default,786ddba614cca0b18e42a1f878450d559eb8ae0e389535813e5f1d8226f594e7,ff4006c,0.1.0,2026-05-26T14:42:34+00:00
2021-11-30,Mkt-RF,FF,0.995,-0.017588134601242957,0.10818742479676467,0.1765653260972863,0,0,synthetic-v1,F16_default,786ddba614cca0b18e42a1f878450d559eb8ae0e389535813e5f1d8226f594e7,ff4006c,0.1.0,2026-05-26T14:42:34+00:00
2021-12-01,Mkt-RF,FF,0.99,0.01563011512518778,0.08206054137623207,0.1348791481526601,0,0,synthetic-v1,F16_default,786ddba614cca0b18e42a1f878450d559eb8ae0e389535813e5f1d8226f594e7,ff4006c,0.1.0,2026-05-26T14:42:34+00:00
2021-12-01,Mkt-RF,FF,0.995,0.01563011512518778,0.10813290068456013,0.17654995328939438,0,0,synthetic-v1,F16_default,786ddba614cca0b18e42a1f878450d559eb8ae0e389535813e5f1d8226f594e7,ff4006c,0.1.0,2026-05-26T14:42:34+00:00
2021-12-02,Mkt-RF,FF,0.99,0.008249611151563523,0.08202858248070177,0.13497414209677294,0,0,synthetic-v1,F16_default,786ddba614cca0b18e42a1f878450d559eb8ae0e389535813e5f1d8226f594e7,ff4006c,0.1.0,2026-05-26T14:42:34+00:00
2021-12-02,Mkt-RF,FF,0.995,0.008249611151563523,0.10846136232494678,0.17668588170191135,0,0,synthetic-v1,F16_default,786ddba614cca0b18e42a1f878450d559eb8ae0e389535813e5f1d8226f594e7,ff4006c,0.1.0,2026-05-26T14:42:34+00:00
2021-12-03,Mkt-RF,FF,0.99,0.023313998927027173,0.08183728290443973,0.1345535819062787,0,0,synthetic-v1,F16_default,786ddba614cca0b18e42a1f878450d559eb8ae0e389535813e5f1d8226f594e7,ff4006c,0.1.0,2026-05-26T14:42:34+00:00
2021-12-03,Mkt-RF,FF,0.995,0.023313998927027173,0.1080253129977983,0.17604887524226104,0,0,synthetic-v1,F16_default,786ddba614cca0b18e42a1f878450d559eb8ae0e389535813e5f1d8226f594e7,ff4006c,0.1.0,2026-05-26T14:42:34+00:00
2021-12-06,Mkt-RF,FF,0.99,-0.01677067272320317,0.08133134666039464,0.13343609631502915,0,0,synthetic-v1,F16_default,786ddba614cca0b18e42a1f878450d559eb8ae0e389535813e5f1d8226f594e7,ff4006c,0.1.0,2026-05-26T14:42:34+00:00
2021-12-06,Mkt-RF,FF,0.995,-0.01677067272320317,0.10706321107907593,0.17434279904717093,0,0,synthetic-v1,F16_default,786ddba614cca0b18e42a1f878450d559eb8ae0e389535813e5f1d8226f594e7,ff4006c,0.1.0,2026-05-26T14:42:34+00:00
2021-12-07,Mkt-RF,FF,0.99,-0.013981790869940197,0.08143481065520229,0.13347244949254003,0,0,synthetic-v1,F16_default,786ddba614cca0b18e42a1f878450d559eb8ae0e389535813e5f1d8226f594e7,ff4006c,0.1.0,2026-05-26T14:42:34+00:00
2021-12-07,Mkt-RF,FF,0.995,-0.013981790869940197,0.1071888516549939,0.17452889852221531,0,0,synthetic-v1,F16_default,786ddba614cca0b18e42a1f878450d559eb8ae0e389535813e5f1d8226f594e7,ff4006c,0.1.0,2026-05-26T14:42:34+00:00
2021-12-08,Mkt-RF,FF,0.99,-0.004850639898430535,0.08142903468974187,0.13364100187584846,0,0,synthetic-v1,F16_default,786ddba614cca0b18e42a1f878450d559eb8ae0e389535813e5f1d8226f594e7,ff4006c,0.1.0,2026-05-26T14:42:34+00:00
2021-12-08,Mkt-RF,FF,0.995,-0.004850639898430535,0.10713364102961578,0.17461728018894182,0,0,synthetic-v1,F16_default,786ddba614cca0b18e42a1f878450d559eb8ae0e389535813e5f1d8226f594e7,ff4006c,0.1.0,2026-05-26T14:42:34+00:00
2021-12-09,Mkt-RF,FF,0.99,-0.010554149813176402,0.08178171440211862,0.13392149551067714,0,0,synthetic-v1,F16_default,786ddba614cca0b18e42a1f878450d559eb8ae0e389535813e5f1d8226f594e7,ff4006c,0.1.0,2026-05-26T14:42:34+00:00
2021-12-09,Mkt-RF,FF,0.995,-0.010554149813176402,0.1076941772055242,0.17490927326350297,0,0,synthetic-v1,F16_default,786ddba614cca0b18e42a1f878450d559eb8ae0e389535813e5f1d8226f594e7,ff4006c,0.1.0,2026-05-26T14:42:34+00:00
2021-12-10,Mkt-RF,FF,0.99,-0.0065333616623201056,0.08144425455437393,0.13340682652112795,0,0,synthetic-v1,F16_default,786ddba614cca0b18e42a1f878450d559eb8ae0e389535813e5f1d8226f594e7,ff4006c,0.1.0,2026-05-26T14:42:34+00:00
2021-12-10,Mkt-RF,FF,0.995,-0.0065333616623201056,0.10725436659114326,0.17431333400377963,0,0,synthetic-v1,F16_default,786ddba614cca0b18e42a1f878450d559eb8ae0e389535813e5f1d8226f594e7,ff4006c,0.1.0,2026-05-26T14:42:34+00:00
2021-12-13,Mkt-RF,FF,0.99,-0.0011912129383507282,0.08176465409717674,0.1339001380669582,0,0,synthetic-v1,F16_default,786ddba614cca0b18e42a1f878450d559eb8ae0e389535813e5f1d8226f594e7,ff4006c,0.1.0,2026-05-26T14:42:34+00:00
2021-12-13,Mkt-RF,FF,0.995,-0.0011912129383507282,0.10749170203206819,0.17485773340546706,0,0,synthetic-v1,F16_default,786ddba614cca0b18e42a1f878450d559eb8ae0e389535813e5f1d8226f594e7,ff4006c,0.1.0,2026-05-26T14:42:34+00:00
2021-12-14,Mkt-RF,FF,0.99,-0.0037055393800334343,0.08173005725651329,0.133793509683526,0,0,synthetic-v1,F16_default,786ddba614cca0b18e42a1f878450d559eb8ae0e389535813e5f1d8226f594e7,ff4006c,0.1.0,2026-05-26T14:42:34+00:00
2021-12-14,Mkt-RF,FF,0.995,-0.0037055393800334343,0.10756651399085529,0.17479634771502617,0,0,synthetic-v1,F16_default,786ddba614cca0b18e42a1f878450d559eb8ae0e389535813e5f1d8226f594e7,ff4006c,0.1.0,2026-05-26T14:42:34+00:00
2021-12-15,Mkt-RF,FF,0.99,0.002398398646542116,0.08160542426330186,0.13383635123258314,0,0,synthetic-v1,F16_default,786ddba614cca0b18e42a1f878450d559eb8ae0e389535813e5f1d8226f594e7,ff4006c,0.1.0,2026-05-26T14:42:34+00:00
2021-12-15,Mkt-RF,FF,0.995,0.002398398646542116,0.10755143189580578,0.17480362927589105,0,0,synthetic-v1,F16_default,786ddba614cca0b18e42a1f878450d559eb8ae0e389535813e5f1d8226f594e7,ff4006c,0.1.0,2026-05-26T14:42:34+00:00
2021-12-16,Mkt-RF,FF,0.99,-0.005318241682474634,0.08162916181648795,0.13394180787018806,0,0,synthetic-v1,F16_default,786ddba614cca0b18e42a1f878450d559eb8ae0e389535813e5f1d8226f594e7,ff4006c,0.1.0,2026-05-26T14:42:34+00:00
2021-12-16,Mkt-RF,FF,0.995,-0.005318241682474634,0.10754863233301734,0.1748761976500095,0,0,synthetic-v1,F16_default,786ddba614cca0b18e42a1f878450d559eb8ae0e389535813e5f1d8226f594e7,ff4006c,0.1.0,2026-05-26T14:42:34+00:00
2021-12-17,Mkt-RF,FF,0.99,-0.0015234781911999391,0.08196410547827428,0.13401570629405726,0,0,synthetic-v1,F16_default,786ddba614cca0b18e42a1f878450d559eb8ae0e389535813e5f1d8226f594e7,ff4006c,0.1.0,2026-05-26T14:42:34+00:00
2021-12-17,Mkt-RF,FF,0.995,-0.0015234781911999391,0.10776978911348895,0.17504917177749338,0,0,synthetic-v1,F16_default,786ddba614cca0b18e42a1f878450d559eb8ae0e389535813e5f1d8226f594e7,ff4006c,0.1.0,2026-05-26T14:42:34+00:00
2021-12-20,Mkt-RF,FF,0.99,0.025258749169718146,0.08160846838917704,0.13353607407609097,0,0,synthetic-v1,F16_default,786ddba614cca0b18e42a1f878450d559eb8ae0e389535813e5f1d8226f594e7,ff4006c,0.1.0,2026-05-26T14:42:34+00:00
2021-12-20,Mkt-RF,FF,0.995,0.025258749169718146,0.10725003740953627,0.1745248815273221,0,0,synthetic-v1,F16_default,786ddba614cca0b18e42a1f878450d559eb8ae0e389535813e5f1d8226f594e7,ff4006c,0.1.0,2026-05-26T14:42:34+00:00
2021-12-21,Mkt-RF,FF,0.99,0.005570563046699164,0.08153992858248844,0.13360149064544977,0,0,synthetic-v1,F16_default,786ddba614cca0b18e42a1f878450d559eb8ae0e389535813e5f1d8226f594e7,ff4006c,0.1.0,2026-05-26T14:42:34+00:00
2021-12-21,Mkt-RF,FF,0.995,0.005570563046699164,0.10734419333129806,0.17439818526451456,0,0,synthetic-v1,F16_default,786ddba614cca0b18e42a1f878450d559eb8ae0e389535813e5f1d8226f594e7,ff4006c,0.1.0,2026-05-26T14:42:34+00:00
2021-12-22,Mkt-RF,FF,0.99,-0.027382030321093518,0.08151702597516505,0.1334870436946594,0,0,synthetic-v1,F16_default,786ddba614cca0b18e42a1f878450d559eb8ae0e389535813e5f1d8226f594e7,ff4006c,0.1.0,2026-05-26T14:42:34+00:00
2021-12-22,Mkt-RF,FF,0.995,-0.027382030321093518,0.10724209572207241,0.17421793255127277,0,0,synthetic-v1,F16_default,786ddba614cca0b18e42a1f878450d559eb8ae0e389535813e5f1d8226f594e7,ff4006c,0.1.0,2026-05-26T14:42:34+00:00
2021-12-23,Mkt-RF,FF,0.99,0.015022298656019496,0.08153170701271215,0.13368574970108754,0,0,synthetic-v1,F16_default,786ddba614cca0b18e42a1f878450d559eb8ae0e389535813e5f1d8226f594e7,ff4006c,0.1.0,2026-05-26T14:42:34+00:00
2021-12-23,Mkt-RF,FF,0.995,0.015022298656019496,0.10730713723847579,0.17458994323550198,0,0,synthetic-v1,F16_default,786ddba614cca0b18e42a1f878450d559eb8ae0e389535813e5f1d8226f594e7,ff4006c,0.1.0,2026-05-26T14:42:34+00:00
2021-12-24,Mkt-RF,FF,0.99,0.03108510803254372,0.08148905675567797,0.13341258955582863,0,0,synthetic-v1,F16_default,786ddba614cca0b18e42a1f878450d559eb8ae0e389535813e5f1d8226f594e7,ff4006c,0.1.0,2026-05-26T14:42:34+00:00
2021-12-24,Mkt-RF,FF,0.995,0.03108510803254372,0.10723987593105203,0.17430128876137174,0,0,synthetic-v1,F16_default,786ddba614cca0b18e42a1f878450d559eb8ae0e389535813e5f1d8226f594e7,ff4006c,0.1.0,2026-05-26T14:42:34+00:00
2021-12-27,Mkt-RF,FF,0.99,0.00567638955171985,0.08242908392345574,0.13419894139125443,0,0,synthetic-v1,F16_default,786ddba614cca0b18e42a1f878450d559eb8ae0e389535813e5f1d8226f594e7,ff4006c,0.1.0,2026-05-26T14:42:34+00:00
2021-12-27,Mkt-RF,FF,0.995,0.00567638955171985,0.10794254027362571,0.17495789463366357,0,0,synthetic-v1,F16_default,786ddba614cca0b18e42a1f878450d559eb8ae0e389535813e5f1d8226f594e7,ff4006c,0.1.0,2026-05-26T14:42:34+00:00
2021-12-28,Mkt-RF,FF,0.99,0.016779215949073178,0.08253273388025881,0.1340924696300561,0,0,synthetic-v1,F16_default,786ddba614cca0b18e42a1f878450d559eb8ae0e389535813e5f1d8226f594e7,ff4006c,0.1.0,2026-05-26T14:42:34+00:00
2021-12-28,Mkt-RF,FF,0.995,0.016779215949073178,0.10806194650422082,0.17478234704765572,0,0,synthetic-v1,F16_default,786ddba614cca0b18e42a1f878450d559eb8ae0e389535813e5f1d8226f594e7,ff4006c,0.1.0,2026-05-26T14:42:34+00:00
2021-12-29,Mkt-RF,FF,0.99,-0.002341894883964482,0.08239207124329945,0.13394250822015757,0,0,synthetic-v1,F16_default,786ddba614cca0b18e42a1f878450d559eb8ae0e389535813e5f1d8226f594e7,ff4006c,0.1.0,2026-05-26T14:42:34+00:00
2021-12-29,Mkt-RF,FF,0.995,-0.002341894883964482,0.1078875690247871,0.1744741546879809,0,0,synthetic-v1,F16_default,786ddba614cca0b18e42a1f878450d559eb8ae0e389535813e5f1d8226f594e7,ff4006c,0.1.0,2026-05-26T14:42:34+00:00
2021-12-30,Mkt-RF,FF,0.99,-0.03573138288138286,0.08236370036572903,0.13404201239509766,0,0,synthetic-v1,F16_default,786ddba614cca0b18e42a1f878450d559eb8ae0e389535813e5f1d8226f594e7,ff4006c,0.1.0,2026-05-26T14:42:34+00:00
2021-12-30,Mkt-RF,FF,0.995,-0.03573138288138286,0.10802375214054405,0.17457891615778148,0,0,synthetic-v1,F16_default,786ddba614cca0b18e42a1f878450d559eb8ae0e389535813e5f1d8226f594e7,ff4006c,0.1.0,2026-05-26T14:42:34+00:00
2021-12-31,Mkt-RF,FF,0.99,-0.008776455923201353,0.08294758703157527,0.13439284340960325,0,0,synthetic-v1,F16_default,786ddba614cca0b18e42a1f878450d559eb8ae0e389535813e5f1d8226f594e7,ff4006c,0.1.0,2026-05-26T14:42:34+00:00
2021-12-31,Mkt-RF,FF,0.995,-0.008776455923201353,0.10836797588167868,0.1751645782961873,0,0,synthetic-v1,F16_default,786ddba614cca0b18e42a1f878450d559eb8ae0e389535813e5f1d8226f594e7,ff4006c,0.1.0,2026-05-26T14:42:34+00:00
2022-01-03,Mkt-RF,FF,0.99,0.013546267277787448,0.08266301009039895,0.13454219652545713,0,0,synthetic-v1,F16_default,786ddba614cca0b18e42a1f878450d559eb8ae0e389535813e5f1d8226f594e7,ff4006c,0.1.0,2026-05-26T14:42:34+00:00
2022-01-03,Mkt-RF,FF,0.995,0.013546267277787448,0.10837841955139463,0.17513855979570842,0,0,synthetic-v1,F16_default,786ddba614cca0b18e42a1f878450d559eb8ae0e389535813e5f1d8226f594e7,ff4006c,0.1.0,2026-05-26T14:42:34+00:00
2022-01-04,Mkt-RF,FF,0.99,0.00038122079150234385,0.08286102704870642,0.13459656752906748,0,0,synthetic-v1,F16_default,786ddba614cca0b18e42a1f878450d559eb8ae0e389535813e5f1d8226f594e7,ff4006c,0.1.0,2026-05-26T14:42:34+00:00
2022-01-04,Mkt-RF,FF,0.995,0.00038122079150234385,0.10847720839754202,0.17530734151911745,0,0,synthetic-v1,F16_default,786ddba614cca0b18e42a1f878450d559eb8ae0e389535813e5f1d8226f594e7,ff4006c,0.1.0,2026-05-26T14:42:34+00:00
2022-01-05,Mkt-RF,FF,0.99,0.029397262152340325,0.08275943148386491,0.13448197082481786,0,0,synthetic-v1,F16_default,786ddba614cca0b18e42a1f878450d559eb8ae0e389535813e5f1d8226f594e7,ff4006c,0.1.0,2026-05-26T14:42:34+00:00
2022-01-05,Mkt-RF,FF,0.995,0.029397262152340325,0.10838292480670528,0.17531850161913276,0,0,synthetic-v1,F16_default,786ddba614cca0b18e42a1f878450d559eb8ae0e389535813e5f1d8226f594e7,ff4006c,0.1.0,2026-05-26T14:42:34+00:00
2022-01-06,Mkt-RF,FF,0.99,-0.0012163482762062557,0.08616558805059187,0.14150449316708133,0,0,synthetic-v1,F16_default,786ddba614cca0b18e42a1f878450d559eb8ae0e389535813e5f1d8226f594e7,ff4006c,0.1.0,2026-05-26T14:42:34+00:00
2022-01-06,Mkt-RF,FF,0.995,-0.0012163482762062557,0.11329200640131451,0.18521786016464453,0,0,synthetic-v1,F16_default,786ddba614cca0b18e42a1f878450d559eb8ae0e389535813e5f1d8226f594e7,ff4006c,0.1.0,2026-05-26T14:42:34+00:00
2022-01-07,Mkt-RF,FF,0.99,0.0025815069535649127,0.08581641302270625,0.14112848991697935,0,0,synthetic-v1,F16_default,786ddba614cca0b18e42a1f878450d559eb8ae0e389535813e5f1d8226f594e7,ff4006c,0.1.0,2026-05-26T14:42:34+00:00
2022-01-07,Mkt-RF,FF,0.995,0.0025815069535649127,0.11295397774685638,0.1848397438891343,0,0,synthetic-v1,F16_default,786ddba614cca0b18e42a1f878450d559eb8ae0e389535813e5f1d8226f594e7,ff4006c,0.1.0,2026-05-26T14:42:34+00:00
2022-01-10,Mkt-RF,FF,0.99,-0.018493224564972578,0.08594501224479145,0.14121189311576018,0,0,synthetic-v1,F16_default,786ddba614cca0b18e42a1f878450d559eb8ae0e389535813e5f1d8226f594e7,ff4006c,0.1.0,2026-05-26T14:42:34+00:00
2022-01-10,Mkt-RF,FF,0.995,-0.018493224564972578,0.11312417340844759,0.1847287817572012,0,0,synthetic-v1,F16_default,786ddba614cca0b18e42a1f878450d559eb8ae0e389535813e5f1d8226f594e7,ff4006c,0.1.0,2026-05-26T14:42:34+00:00
2022-01-11,Mkt-RF,FF,0.99,-0.02330142528037613,0.0855643104248729,0.14028281458029937,0,0,synthetic-v1,F16_default,786ddba614cca0b18e42a1f878450d559eb8ae0e389535813e5f1d8226f594e7,ff4006c,0.1.0,2026-05-26T14:42:34+00:00
2022-01-11,Mkt-RF,FF,0.995,-0.02330142528037613,0.11251287494891356,0.18351934204553563,0,0,synthetic-v1,F16_default,786ddba614cca0b18e42a1f878450d559eb8ae0e389535813e5f1d8226f594e7,ff4006c,0.1.0,2026-05-26T14:42:34+00:00
2022-01-12,Mkt-RF,FF,0.99,-0.0030578614758877804,0.07710682402876648,0.12237081748172236,0,0,synthetic-v1,F16_default,786ddba614cca0b18e42a1f878450d559eb8ae0e389535813e5f1d8226f594e7,ff4006c,0.1.0,2026-05-26T14:42:34+00:00
2022-01-12,Mkt-RF,FF,0.995,-0.0030578614758877804,0.09974888714570425,0.15781997654629862,0,0,synthetic-v1,F16_default,786ddba614cca0b18e42a1f878450d559eb8ae0e389535813e5f1d8226f594e7,ff4006c,0.1.0,2026-05-26T14:42:34+00:00
2022-01-13,Mkt-RF,FF,0.99,-0.009941502569750576,0.07750415768927564,0.12294370342517552,0,0,synthetic-v1,F16_default,786ddba614cca0b18e42a1f878450d559eb8ae0e389535813e5f1d8226f594e7,ff4006c,0.1.0,2026-05-26T14:42:34+00:00
2022-01-13,Mkt-RF,FF,0.995,-0.009941502569750576,0.10051963249433739,0.15852075426488055,0,0,synthetic-v1,F16_default,786ddba614cca0b18e42a1f878450d559eb8ae0e389535813e5f1d8226f594e7,ff4006c,0.1.0,2026-05-26T14:42:34+00:00
2022-01-14,Mkt-RF,FF,0.99,-0.013902216361360945,0.07766535815602264,0.12317028088306017,0,0,synthetic-v1,F16_default,786ddba614cca0b18e42a1f878450d559eb8ae0e389535813e5f1d8226f594e7,ff4006c,0.1.0,2026-05-26T14:42:34+00:00
2022-01-14,Mkt-RF,FF,0.995,-0.013902216361360945,0.10052676147004977,0.1587584049536267,0,0,synthetic-v1,F16_default,786ddba614cca0b18e42a1f878450d559eb8ae0e389535813e5f1d8226f594e7,ff4006c,0.1.0,2026-05-26T14:42:34+00:00
2022-01-17,Mkt-RF,FF,0.99,-0.00815232388612938,0.07774553920499643,0.12332081151167894,0,0,synthetic-v1,F16_default,786ddba614cca0b18e42a1f878450d559eb8ae0e389535813e5f1d8226f594e7,ff4006c,0.1.0,2026-05-26T14:42:34+00:00
2022-01-17,Mkt-RF,FF,0.995,-0.00815232388612938,0.10056804640734254,0.15869586811696335,0,0,synthetic-v1,F16_default,786ddba614cca0b18e42a1f878450d559eb8ae0e389535813e5f1d8226f594e7,ff4006c,0.1.0,2026-05-26T14:42:34+00:00
2022-01-18,Mkt-RF,FF,0.99,-0.013680413712387828,0.07763530850963221,0.12328607823576412,0,0,synthetic-v1,F16_default,786ddba614cca0b18e42a1f878450d559eb8ae0e389535813e5f1d8226f594e7,ff4006c,0.1.0,2026-05-26T14:42:34+00:00
2022-01-18,Mkt-RF,FF,0.995,-0.013680413712387828,0.10070961498612283,0.15888373019854632,0,0,synthetic-v1,F16_default,786ddba614cca0b18e42a1f878450d559eb8ae0e389535813e5f1d8226f594e7,ff4006c,0.1.0,2026-05-26T14:42:34+00:00
2022-01-19,Mkt-RF,FF,0.99,-0.006693317289140552,0.07764723526894854,0.1230389379504392,0,0,synthetic-v1,F16_default,786ddba614cca0b18e42a1f878450d559eb8ae0e389535813e5f1d8226f594e7,ff4006c,0.1.0,2026-05-26T14:42:34+00:00
2022-01-19,Mkt-RF,FF,0.995,-0.006693317289140552,0.10051551754317149,0.15847730959418765,0,0,synthetic-v1,F16_default,786ddba614cca0b18e42a1f878450d559eb8ae0e389535813e5f1d8226f594e7,ff4006c,0.1.0,2026-05-26T14:42:34+00:00
2022-01-20,Mkt-RF,FF,0.99,-0.00519001671845142,0.07757136294224873,0.12325541425356988,0,0,synthetic-v1,F16_default,786ddba614cca0b18e42a1f878450d559eb8ae0e389535813e5f1d8226f594e7,ff4006c,0.1.0,2026-05-26T14:42:34+00:00
2022-01-20,Mkt-RF,FF,0.995,-0.00519001671845142,0.1007557651075968,0.1589907829936363,0,0,synthetic-v1,F16_default,786ddba614cca0b18e42a1f878450d559eb8ae0e389535813e5f1d8226f594e7,ff4006c,0.1.0,2026-05-26T14:42:34+00:00
2022-01-21,Mkt-RF,FF,0.99,-0.0059255344423301305,0.07758286070196685,0.12321992699289955,0,0,synthetic-v1,F16_default,786ddba614cca0b18e42a1f878450d559eb8ae0e389535813e5f1d8226f594e7,ff4006c,0.1.0,2026-05-26T14:42:34+00:00
2022-01-21,Mkt-RF,FF,0.995,-0.0059255344423301305,0.10046438957476193,0.15903227469226972,0,0,synthetic-v1,F16_default,786ddba614cca0b18e42a1f878450d559eb8ae0e389535813e5f1d8226f594e7,ff4006c,0.1.0,2026-05-26T14:42:34+00:00
2022-01-24,Mkt-RF,FF,0.99,-0.006396806124166208,0.07863884966700621,0.12415306447116015,0,0,synthetic-v1,F16_default,786ddba614cca0b18e42a1f878450d559eb8ae0e389535813e5f1d8226f594e7,ff4006c,0.1.0,2026-05-26T14:42:34+00:00
2022-01-24,Mkt-RF,FF,0.995,-0.006396806124166208,0.10141808390768803,0.15977224279243457,0,0,synthetic-v1,F16_default,786ddba614cca0b18e42a1f878450d559eb8ae0e389535813e5f1d8226f594e7,ff4006c,0.1.0,2026-05-26T14:42:34+00:00
2022-01-25,Mkt-RF,FF,0.99,0.032352723094490214,0.07257863641858825,0.11060475029955827,0,0,synthetic-v1,F16_default,786ddba614cca0b18e42a1f878450d559eb8ae0e389535813e5f1d8226f594e7,ff4006c,0.1.0,2026-05-26T14:42:34+00:00
2022-01-25,Mkt-RF,FF,0.995,0.032352723094490214,0.09225774296974201,0.14001576001949234,0,0,synthetic-v1,F16_default,786ddba614cca0b18e42a1f878450d559eb8ae0e389535813e5f1d8226f594e7,ff4006c,0.1.0,2026-05-26T14:42:34+00:00
2022-01-26,Mkt-RF,FF,0.99,-0.006715349153725328,0.07159674694030438,0.10767225508228867,0,0,synthetic-v1,F16_default,786ddba614cca0b18e42a1f878450d559eb8ae0e389535813e5f1d8226f594e7,ff4006c,0.1.0,2026-05-26T14:42:34+00:00
2022-01-26,Mkt-RF,FF,0.995,-0.006715349153725328,0.0903098875488274,0.13553045219661983,0,0,synthetic-v1,F16_default,786ddba614cca0b18e42a1f878450d559eb8ae0e389535813e5f1d8226f594e7,ff4006c,0.1.0,2026-05-26T14:42:34+00:00
2022-01-27,Mkt-RF,FF,0.99,0.012698701740903519,0.07179915777695428,0.10818836875876811,0,0,synthetic-v1,F16_default,786ddba614cca0b18e42a1f878450d559eb8ae0e389535813e5f1d8226f594e7,ff4006c,0.1.0,2026-05-26T14:42:34+00:00
2022-01-27,Mkt-RF,FF,0.995,0.012698701740903519,0.09090587347525854,0.13624799759460587,0,0,synthetic-v1,F16_default,786ddba614cca0b18e42a1f878450d559eb8ae0e389535813e5f1d8226f594e7,ff4006c,0.1.0,2026-05-26T14:42:34+00:00
2022-01-28,Mkt-RF,FF,0.99,-0.014894572034732257,0.07149216011891432,0.10764026680198831,0,0,synthetic-v1,F16_default,786ddba614cca0b18e42a1f878450d559eb8ae0e389535813e5f1d8226f594e7,ff4006c,0.1.0,2026-05-26T14:42:34+00:00
2022-01-28,Mkt-RF,FF,0.995,-0.014894572034732257,0.09011213702172234,0.13557137433095642,0,0,synthetic-v1,F16_default,786ddba614cca0b18e42a1f878450d559eb8ae0e389535813e5f1d8226f594e7,ff4006c,0.1.0,2026-05-26T14:42:34+00:00
2022-01-31,Mkt-RF,FF,0.99,-0.009263583734191956,0.07129378306559574,0.10759332968323865,0,0,synthetic-v1,F16_default,786ddba614cca0b18e42a1f878450d559eb8ae0e389535813e5f1d8226f594e7,ff4006c,0.1.0,2026-05-26T14:42:34+00:00
2022-01-31,Mkt-RF,FF,0.995,-0.009263583734191956,0.09002565407133069,0.13570618683732566,0,0,synthetic-v1,F16_default,786ddba614cca0b18e42a1f878450d559eb8ae0e389535813e5f1d8226f594e7,ff4006c,0.1.0,2026-05-26T14:42:34+00:00
2022-02-01,Mkt-RF,FF,0.99,0.0058840800341424795,0.07083104100239475,0.1070597397112654,0,0,synthetic-v1,F16_default,786ddba614cca0b18e42a1f878450d559eb8ae0e389535813e5f1d8226f594e7,ff4006c,0.1.0,2026-05-26T14:42:34+00:00
2022-02-01,Mkt-RF,FF,0.995,0.0058840800341424795,0.08970769141066885,0.13503845851226984,0,0,synthetic-v1,F16_default,786ddba614cca0b18e42a1f878450d559eb8ae0e389535813e5f1d8226f594e7,ff4006c,0.1.0,2026-05-26T14:42:34+00:00
2022-02-02,Mkt-RF,FF,0.99,0.0071236913024254455,0.07097187184186984,0.10732292760300909,0,0,synthetic-v1,F16_default,786ddba614cca0b18e42a1f878450d559eb8ae0e389535813e5f1d8226f594e7,ff4006c,0.1.0,2026-05-26T14:42:34+00:00
2022-02-02,Mkt-RF,FF,0.995,0.0071236913024254455,0.08991810290976446,0.13528466892207108,0,0,synthetic-v1,F16_default,786ddba614cca0b18e42a1f878450d559eb8ae0e389535813e5f1d8226f594e7,ff4006c,0.1.0,2026-05-26T14:42:34+00:00
2022-02-03,Mkt-RF,FF,0.99,0.002019156658089084,0.07072841353254708,0.10706417360822915,0,0,synthetic-v1,F16_default,786ddba614cca0b18e42a1f878450d559eb8ae0e389535813e5f1d8226f594e7,ff4006c,0.1.0,2026-05-26T14:42:34+00:00
2022-02-03,Mkt-RF,FF,0.995,0.002019156658089084,0.08975369086393087,0.13493530135863324,0,0,synthetic-v1,F16_default,786ddba614cca0b18e42a1f878450d559eb8ae0e389535813e5f1d8226f594e7,ff4006c,0.1.0,2026-05-26T14:42:34+00:00
2022-02-04,Mkt-RF,FF,0.99,-0.012765343753028442,0.07093626313292196,0.10716963451302955,0,0,synthetic-v1,F16_default,786ddba614cca0b18e42a1f878450d559eb8ae0e389535813e5f1d8226f594e7,ff4006c,0.1.0,2026-05-26T14:42:34+00:00
2022-02-04,Mkt-RF,FF,0.995,-0.012765343753028442,0.08982240701424445,0.1350775779065406,0,0,synthetic-v1,F16_default,786ddba614cca0b18e42a1f878450d559eb8ae0e389535813e5f1d8226f594e7,ff4006c,0.1.0,2026-05-26T14:42:34+00:00
2022-02-07,Mkt-RF,FF,0.99,-0.007995318524762228,0.07102432572739434,0.10715441044621962,0,0,synthetic-v1,F16_default,786ddba614cca0b18e42a1f878450d559eb8ae0e389535813e5f1d8226f594e7,ff4006c,0.1.0,2026-05-26T14:42:34+00:00
2022-02-07,Mkt-RF,FF,0.995,-0.007995318524762228,0.08988729203422427,0.13527794588238823,0,0,synthetic-v1,F16_default,786ddba614cca0b18e42a1f878450d559eb8ae0e389535813e5f1d8226f594e7,ff4006c,0.1.0,2026-05-26T14:42:34+00:00
2022-02-08,Mkt-RF,FF,0.99,0.0019893266745386116,0.07100892818317908,0.10707053117933402,0,0,synthetic-v1,F16_default,786ddba614cca0b18e42a1f878450d559eb8ae0e389535813e5f1d8226f594e7,ff4006c,0.1.0,2026-05-26T14:42:34+00:00
2022-02-08,Mkt-RF,FF,0.995,0.0019893266745386116,0.08978923000638493,0.13513207727453394,0,0,synthetic-v1,F16_default,786ddba614cca0b18e42a1f878450d559eb8ae0e389535813e5f1d8226f594e7,ff4006c,0.1.0,2026-05-26T14:42:34+00:00
2022-02-09,Mkt-RF,FF,0.99,-0.006793369945875171,0.07074463249134963,0.10709336407148963,0,0,synthetic-v1,F16_default,786ddba614cca0b18e42a1f878450d559eb8ae0e389535813e5f1d8226f594e7,ff4006c,0.1.0,2026-05-26T14:42:34+00:00
2022-02-09,Mkt-RF,FF,0.995,-0.006793369945875171,0.08964334099681685,0.13501157371148084,0,0,synthetic-v1,F16_default,786ddba614cca0b18e42a1f878450d559eb8ae0e389535813e5f1d8226f594e7,ff4006c,0.1.0,2026-05-26T14:42:34+00:00
2022-02-10,Mkt-RF,FF,0.99,-0.006610848934636267,0.07106197915335165,0.1072591522748602,0,0,synthetic-v1,F16_default,786ddba614cca0b18e42a1f878450d559eb8ae0e389535813e5f1d8226f594e7,ff4006c,0.1.0,2026-05-26T14:42:34+00:00
2022-02-10,Mkt-RF,FF,0.995,-0.006610848934636267,0.08988850442178775,0.13558631676374874,0,0,synthetic-v1,F16_default,786ddba614cca0b18e42a1f878450d559eb8ae0e389535813e5f1d8226f594e7,ff4006c,0.1.0,2026-05-26T14:42:34+00:00
2022-02-11,Mkt-RF,FF,0.99,-0.0008670591034544333,0.06902412950624666,0.10374551674397553,0,0,synthetic-v1,F16_default,786ddba614cca0b18e42a1f878450d559eb8ae0e389535813e5f1d8226f594e7,ff4006c,0.1.0,2026-05-26T14:42:34+00:00
2022-02-11,Mkt-RF,FF,0.995,-0.0008670591034544333,0.08708666143089938,0.13054539074107693,0,0,synthetic-v1,F16_default,786ddba614cca0b18e42a1f878450d559eb8ae0e389535813e5f1d8226f594e7,ff4006c,0.1.0,2026-05-26T14:42:34+00:00
2022-02-14,Mkt-RF,FF,0.99,0.009375106126965852,0.0694477033861889,0.1039379299352565,0,0,synthetic-v1,F16_default,786ddba614cca0b18e42a1f878450d559eb8ae0e389535813e5f1d8226f594e7,ff4006c,0.1.0,2026-05-26T14:42:34+00:00
2022-02-14,Mkt-RF,FF,0.995,0.009375106126965852,0.08746380841214699,0.13099280600937044,0,0,synthetic-v1,F16_default,786ddba614cca0b18e42a1f878450d559eb8ae0e389535813e5f1d8226f594e7,ff4006c,0.1.0,2026-05-26T14:42:34+00:00
2022-02-15,Mkt-RF,FF,0.99,0.04368944303255097,0.06888057241797323,0.10350598460338323,0,0,synthetic-v1,F16_default,786ddba614cca0b18e42a1f878450d559eb8ae0e389535813e5f1d8226f594e7,ff4006c,0.1.0,2026-05-26T14:42:34+00:00
2022-02-15,Mkt-RF,FF,0.995,0.04368944303255097,0.08703826419466952,0.1304238337409706,0,0,synthetic-v1,F16_default,786ddba614cca0b18e42a1f878450d559eb8ae0e389535813e5f1d8226f594e7,ff4006c,0.1.0,2026-05-26T14:42:34+00:00
2022-02-16,Mkt-RF,FF,0.99,0.007456119306452803,0.07661635555354454,0.11840905277541258,0,0,synthetic-v1,F16_default,786ddba614cca0b18e42a1f878450d559eb8ae0e389535813e5f1d8226f594e7,ff4006c,0.1.0,2026-05-26T14:42:34+00:00
2022-02-16,Mkt-RF,FF,0.995,0.007456119306452803,0.09794535665110712,0.15108702266187674,0,0,synthetic-v1,F16_default,786ddba614cca0b18e42a1f878450d559eb8ae0e389535813e5f1d8226f594e7,ff4006c,0.1.0,2026-05-26T14:42:34+00:00
2022-02-17,Mkt-RF,FF,0.99,0.007313295517827365,0.07680468608990142,0.1187632913542472,0,0,synthetic-v1,F16_default,786ddba614cca0b18e42a1f878450d559eb8ae0e389535813e5f1d8226f594e7,ff4006c,0.1.0,2026-05-26T14:42:34+00:00
2022-02-17,Mkt-RF,FF,0.995,0.007313295517827365,0.0982210374770413,0.15150056829097314,0,0,synthetic-v1,F16_default,786ddba614cca0b18e42a1f878450d559eb8ae0e389535813e5f1d8226f594e7,ff4006c,0.1.0,2026-05-26T14:42:34+00:00
2022-02-18,Mkt-RF,FF,0.99,0.029652568898962083,0.07466961256044327,0.1166763499198579,0,0,synthetic-v1,F16_default,786ddba614cca0b18e42a1f878450d559eb8ae0e389535813e5f1d8226f594e7,ff4006c,0.1.0,2026-05-26T14:42:34+00:00
2022-02-18,Mkt-RF,FF,0.995,0.029652568898962083,0.09586317537179902,0.14953077191587394,0,0,synthetic-v1,F16_default,786ddba614cca0b18e42a1f878450d559eb8ae0e389535813e5f1d8226f594e7,ff4006c,0.1.0,2026-05-26T14:42:34+00:00
2022-02-21,Mkt-RF,FF,0.99,0.021535527121029546,0.08186099613128073,0.13158910951648906,0,0,synthetic-v1,F16_default,786ddba614cca0b18e42a1f878450d559eb8ae0e389535813e5f1d8226f594e7,ff4006c,0.1.0,2026-05-26T14:42:34+00:00
2022-02-21,Mkt-RF,FF,0.995,0.021535527121029546,0.10658225756187469,0.17057120908308215,0,0,synthetic-v1,F16_default,786ddba614cca0b18e42a1f878450d559eb8ae0e389535813e5f1d8226f594e7,ff4006c,0.1.0,2026-05-26T14:42:34+00:00
2022-02-22,Mkt-RF,FF,0.99,-0.009820037646157565,0.08001368931874783,0.1268465540197084,0,0,synthetic-v1,F16_default,786ddba614cca0b18e42a1f878450d559eb8ae0e389535813e5f1d8226f594e7,ff4006c,0.1.0,2026-05-26T14:42:34+00:00
2022-02-22,Mkt-RF,FF,0.995,-0.009820037646157565,0.10379020010805715,0.16363276891331702,0,0,synthetic-v1,F16_default,786ddba614cca0b18e42a1f878450d559eb8ae0e389535813e5f1d8226f594e7,ff4006c,0.1.0,2026-05-26T14:42:34+00:00
2022-02-23,Mkt-RF,FF,0.99,-0.02344224685539187,0.07991515063461284,0.12687788877762876,0,0,synthetic-v1,F16_default,786ddba614cca0b18e42a1f878450d559eb8ae0e389535813e5f1d8226f594e7,ff4006c,0.1.0,2026-05-26T14:42:34+00:00
2022-02-23,Mkt-RF,FF,0.995,-0.02344224685539187,0.10367500994345655,0.16364022418783458,0,0,synthetic-v1,F16_default,786ddba614cca0b18e42a1f878450d559eb8ae0e389535813e5f1d8226f594e7,ff4006c,0.1.0,2026-05-26T14:42:34+00:00
2022-02-24,Mkt-RF,FF,0.99,-0.010510069184623268,0.07863371120700445,0.12566953537655717,0,0,synthetic-v1,F16_default,786ddba614cca0b18e42a1f878450d559eb8ae0e389535813e5f1d8226f594e7,ff4006c,0.1.0,2026-05-26T14:42:34+00:00
2022-02-24,Mkt-RF,FF,0.995,-0.010510069184623268,0.10217751588227389,0.1622572734542316,0,0,synthetic-v1,F16_default,786ddba614cca0b18e42a1f878450d559eb8ae0e389535813e5f1d8226f594e7,ff4006c,0.1.0,2026-05-26T14:42:34+00:00
2022-02-25,Mkt-RF,FF,0.99,-0.03256464463076339,0.08021182414869919,0.1292075207283811,0,0,synthetic-v1,F16_default,786ddba614cca0b18e42a1f878450d559eb8ae0e389535813e5f1d8226f594e7,ff4006c,0.1.0,2026-05-26T14:42:34+00:00
2022-02-25,Mkt-RF,FF,0.995,-0.03256464463076339,0.10470553977090746,0.16762726730249194,0,0,synthetic-v1,F16_default,786ddba614cca0b18e42a1f878450d559eb8ae0e389535813e5f1d8226f594e7,ff4006c,0.1.0,2026-05-26T14:42:34+00:00
2022-02-28,Mkt-RF,FF,0.99,0.0318219537600232,0.08035284553076125,0.12940035148531284,0,0,synthetic-v1,F16_default,786ddba614cca0b18e42a1f878450d559eb8ae0e389535813e5f1d8226f594e7,ff4006c,0.1.0,2026-05-26T14:42:34+00:00
2022-02-28,Mkt-RF,FF,0.995,0.0318219537600232,0.10491426292033877,0.16785697609763822,0,0,synthetic-v1,F16_default,786ddba614cca0b18e42a1f878450d559eb8ae0e389535813e5f1d8226f594e7,ff4006c,0.1.0,2026-05-26T14:42:34+00:00
2022-03-01,Mkt-RF,FF,0.99,0.0038209415453040255,0.07892522012671041,0.12564697894182741,0,0,synthetic-v1,F16_default,786ddba614cca0b18e42a1f878450d559eb8ae0e389535813e5f1d8226f594e7,ff4006c,0.1.0,2026-05-26T14:42:34+00:00
2022-03-01,Mkt-RF,FF,0.995,0.0038209415453040255,0.10259720873205805,0.16226898760326325,0,0,synthetic-v1,F16_default,786ddba614cca0b18e42a1f878450d559eb8ae0e389535813e5f1d8226f594e7,ff4006c,0.1.0,2026-05-26T14:42:34+00:00
2022-03-02,Mkt-RF,FF,0.99,0.016923674618004852,0.0790351129496871,0.12572672169076587,0,0,synthetic-v1,F16_default,786ddba614cca0b18e42a1f878450d559eb8ae0e389535813e5f1d8226f594e7,ff4006c,0.1.0,2026-05-26T14:42:34+00:00
2022-03-02,Mkt-RF,FF,0.995,0.016923674618004852,0.10227711709147612,0.16231144856325636,0,0,synthetic-v1,F16_default,786ddba614cca0b18e42a1f878450d559eb8ae0e389535813e5f1d8226f594e7,ff4006c,0.1.0,2026-05-26T14:42:34+00:00
2022-03-03,Mkt-RF,FF,0.99,-0.0018738367039166082,0.07853367568851662,0.12493929416453639,0,0,synthetic-v1,F16_default,786ddba614cca0b18e42a1f878450d559eb8ae0e389535813e5f1d8226f594e7,ff4006c,0.1.0,2026-05-26T14:42:34+00:00
2022-03-03,Mkt-RF,FF,0.995,-0.0018738367039166082,0.10199027407361828,0.16107450913760157,0,0,synthetic-v1,F16_default,786ddba614cca0b18e42a1f878450d559eb8ae0e389535813e5f1d8226f594e7,ff4006c,0.1.0,2026-05-26T14:42:34+00:00
2022-03-04,Mkt-RF,FF,0.99,0.018186158454937193,0.06235384654028985,0.09349540994013819,0,0,synthetic-v1,F16_default,786ddba614cca0b18e42a1f878450d559eb8ae0e389535813e5f1d8226f594e7,ff4006c,0.1.0,2026-05-26T14:42:34+00:00
2022-03-04,Mkt-RF,FF,0.995,0.018186158454937193,0.07864195547389378,0.11758505438603387,0,0,synthetic-v1,F16_default,786ddba614cca0b18e42a1f878450d559eb8ae0e389535813e5f1d8226f594e7,ff4006c,0.1.0,2026-05-26T14:42:34+00:00
2022-03-07,Mkt-RF,FF,0.99,0.01234850485296289,0.04864287164255027,0.06831132910286032,0,0,synthetic-v1,F16_default,786ddba614cca0b18e42a1f878450d559eb8ae0e389535813e5f1d8226f594e7,ff4006c,0.1.0,2026-05-26T14:42:34+00:00
2022-03-07,Mkt-RF,FF,0.995,0.01234850485296289,0.059465254697366916,0.0831978860002518,0,0,synthetic-v1,F16_default,786ddba614cca0b18e42a1f878450d559eb8ae0e389535813e5f1d8226f594e7,ff4006c,0.1.0,2026-05-26T14:42:34+00:00
2022-03-08,Mkt-RF,FF,0.99,0.0019493002513770031,0.048560199263838026,0.06836172575082175,0,0,synthetic-v1,F16_default,786ddba614cca0b18e42a1f878450d559eb8ae0e389535813e5f1d8226f594e7,ff4006c,0.1.0,2026-05-26T14:42:34+00:00
2022-03-08,Mkt-RF,FF,0.995,0.0019493002513770031,0.0596091445009815,0.0831558189195232,0,0,synthetic-v1,F16_default,786ddba614cca0b18e42a1f878450d559eb8ae0e389535813e5f1d8226f594e7,ff4006c,0.1.0,2026-05-26T14:42:34+00:00
2022-03-09,Mkt-RF,FF,0.99,0.0019707911268080427,0.0486950825457859,0.06835000716741223,0,0,synthetic-v1,F16_default,786ddba614cca0b18e42a1f878450d559eb8ae0e389535813e5f1d8226f594e7,ff4006c,0.1.0,2026-05-26T14:42:34+00:00
2022-03-09,Mkt-RF,FF,0.995,0.0019707911268080427,0.05960730139080343,0.08333565164771069,0,0,synthetic-v1,F16_default,786ddba614cca0b18e42a1f878450d559eb8ae0e389535813e5f1d8226f594e7,ff4006c,0.1.0,2026-05-26T14:42:34+00:00
2022-03-10,Mkt-RF,FF,0.99,0.0002625975198484274,0.04852652202443974,0.06820501867046772,0,0,synthetic-v1,F16_default,786ddba614cca0b18e42a1f878450d559eb8ae0e389535813e5f1d8226f594e7,ff4006c,0.1.0,2026-05-26T14:42:34+00:00
2022-03-10,Mkt-RF,FF,0.995,0.0002625975198484274,0.05947597643881783,0.08316548893867143,0,0,synthetic-v1,F16_default,786ddba614cca0b18e42a1f878450d559eb8ae0e389535813e5f1d8226f594e7,ff4006c,0.1.0,2026-05-26T14:42:34+00:00
2022-03-11,Mkt-RF,FF,0.99,-0.004423131550936242,0.05468806150604911,0.08004426969340488,0,0,synthetic-v1,F16_default,786ddba614cca0b18e42a1f878450d559eb8ae0e389535813e5f1d8226f594e7,ff4006c,0.1.0,2026-05-26T14:42:34+00:00
2022-03-11,Mkt-RF,FF,0.995,-0.004423131550936242,0.06830003437523383,0.09941961213602633,0,0,synthetic-v1,F16_default,786ddba614cca0b18e42a1f878450d559eb8ae0e389535813e5f1d8226f594e7,ff4006c,0.1.0,2026-05-26T14:42:34+00:00
2022-03-14,Mkt-RF,FF,0.99,0.002903222119327879,0.0550329434487022,0.08049446244048901,0,0,synthetic-v1,F16_default,786ddba614cca0b18e42a1f878450d559eb8ae0e389535813e5f1d8226f594e7,ff4006c,0.1.0,2026-05-26T14:42:34+00:00
2022-03-14,Mkt-RF,FF,0.995,0.002903222119327879,0.06866001039923789,0.09999582859641329,0,0,synthetic-v1,F16_default,786ddba614cca0b18e42a1f878450d559eb8ae0e389535813e5f1d8226f594e7,ff4006c,0.1.0,2026-05-26T14:42:34+00:00
2022-03-15,Mkt-RF,FF,0.99,-0.010496064919985748,0.05495045109499167,0.08057145312022214,0,0,synthetic-v1,F16_default,786ddba614cca0b18e42a1f878450d559eb8ae0e389535813e5f1d8226f594e7,ff4006c,0.1.0,2026-05-26T14:42:34+00:00
2022-03-15,Mkt-RF,FF,0.995,-0.010496064919985748,0.06872839786420896,0.10009234709640963,0,0,synthetic-v1,F16_default,786ddba614cca0b18e42a1f878450d559eb8ae0e389535813e5f1d8226f594e7,ff4006c,0.1.0,2026-05-26T14:42:34+00:00
2022-03-16,Mkt-RF,FF,0.99,-0.008496013403512625,0.05500210941925787,0.08057085053154948,0,0,synthetic-v1,F16_default,786ddba614cca0b18e42a1f878450d559eb8ae0e389535813e5f1d8226f594e7,ff4006c,0.1.0,2026-05-26T14:42:34+00:00
2022-03-16,Mkt-RF,FF,0.995,-0.008496013403512625,0.06874663939183173,0.10014127973704849,0,0,synthetic-v1,F16_default,786ddba614cca0b18e42a1f878450d559eb8ae0e389535813e5f1d8226f594e7,ff4006c,0.1.0,2026-05-26T14:42:34+00:00
2022-03-17,Mkt-RF,FF,0.99,-0.003594600572291868,0.056211198040976594,0.08282584883062206,0,0,synthetic-v1,F16_default,786ddba614cca0b18e42a1f878450d559eb8ae0e389535813e5f1d8226f594e7,ff4006c,0.1.0,2026-05-26T14:42:34+00:00
2022-03-17,Mkt-RF,FF,0.995,-0.003594600572291868,0.07034239306860218,0.10327350261438084,0,0,synthetic-v1,F16_default,786ddba614cca0b18e42a1f878450d559eb8ae0e389535813e5f1d8226f594e7,ff4006c,0.1.0,2026-05-26T14:42:34+00:00
2022-03-18,Mkt-RF,FF,0.99,-0.0034813761253005564,0.05624815551159892,0.08279605090598822,0,0,synthetic-v1,F16_default,786ddba614cca0b18e42a1f878450d559eb8ae0e389535813e5f1d8226f594e7,ff4006c,0.1.0,2026-05-26T14:42:34+00:00
2022-03-18,Mkt-RF,FF,0.995,-0.0034813761253005564,0.07043768953038346,0.10340601829363025,0,0,synthetic-v1,F16_default,786ddba614cca0b18e42a1f878450d559eb8ae0e389535813e5f1d8226f594e7,ff4006c,0.1.0,2026-05-26T14:42:34+00:00
2022-03-21,Mkt-RF,FF,0.99,-0.0050285071269168926,0.055977103227142916,0.08248486244319074,0,0,synthetic-v1,F16_default,786ddba614cca0b18e42a1f878450d559eb8ae0e389535813e5f1d8226f594e7,ff4006c,0.1.0,2026-05-26T14:42:34+00:00
2022-03-21,Mkt-RF,FF,0.995,-0.0050285071269168926,0.07001568496572118,0.10295868842338982,0,0,synthetic-v1,F16_default,786ddba614cca0b18e42a1f878450d559eb8ae0e389535813e5f1d8226f594e7,ff4006c,0.1.0,2026-05-26T14:42:34+00:00
2022-03-22,Mkt-RF,FF,0.99,-0.006717078059255612,0.055799218514657266,0.08244047349598466,0,0,synthetic-v1,F16_default,786ddba614cca0b18e42a1f878450d559eb8ae0e389535813e5f1d8226f594e7,ff4006c,0.1.0,2026-05-26T14:42:34+00:00
2022-03-22,Mkt-RF,FF,0.995,-0.006717078059255612,0.07019704083783918,0.1028599130751838,0,0,synthetic-v1,F16_default,786ddba614cca0b18e42a1f878450d559eb8ae0e389535813e5f1d8226f594e7,ff4006c,0.1.0,2026-05-26T14:42:34+00:00
2022-03-23,Mkt-RF,FF,0.99,-0.008285738075241297,0.0557239249303128,0.08246155105663766,0,0,synthetic-v1,F16_default,786ddba614cca0b18e42a1f878450d559eb8ae0e389535813e5f1d8226f594e7,ff4006c,0.1.0,2026-05-26T14:42:34+00:00
2022-03-23,Mkt-RF,FF,0.995,-0.008285738075241297,0.07017556973465053,0.1029973064748331,0,0,synthetic-v1,F16_default,786ddba614cca0b18e42a1f878450d559eb8ae0e389535813e5f1d8226f594e7,ff4006c,0.1.0,2026-05-26T14:42:34+00:00
2022-03-24,Mkt-RF,FF,0.99,-0.008862817418217732,0.05525991486036647,0.08185219734287565,0,0,synthetic-v1,F16_default,786ddba614cca0b18e42a1f878450d559eb8ae0e389535813e5f1d8226f594e7,ff4006c,0.1.0,2026-05-26T14:42:34+00:00
2022-03-24,Mkt-RF,FF,0.995,-0.008862817418217732,0.06955075437893404,0.10222968644887587,0,0,synthetic-v1,F16_default,786ddba614cca0b18e42a1f878450d559eb8ae0e389535813e5f1d8226f594e7,ff4006c,0.1.0,2026-05-26T14:42:34+00:00
2022-03-25,Mkt-RF,FF,0.99,-0.003614470070712362,0.05579398970292515,0.08240402261439282,0,0,synthetic-v1,F16_default,786ddba614cca0b18e42a1f878450d559eb8ae0e389535813e5f1d8226f594e7,ff4006c,0.1.0,2026-05-26T14:42:34+00:00
2022-03-25,Mkt-RF,FF,0.995,-0.003614470070712362,0.06990948714490362,0.10280180917200718,0,0,synthetic-v1,F16_default,786ddba614cca0b18e42a1f878450d559eb8ae0e389535813e5f1d8226f594e7,ff4006c,0.1.0,2026-05-26T14:42:34+00:00
2022-03-28,Mkt-RF,FF,0.99,-0.02776376367465713,0.055909956014471365,0.08256055975775774,0,0,synthetic-v1,F16_default,786ddba614cca0b18e42a1f878450d559eb8ae0e389535813e5f1d8226f594e7,ff4006c,0.1.0,2026-05-26T14:42:34+00:00
2022-03-28,Mkt-RF,FF,0.995,-0.02776376367465713,0.07017152653122974,0.10299682181429601,0,0,synthetic-v1,F16_default,786ddba614cca0b18e42a1f878450d559eb8ae0e389535813e5f1d8226f594e7,ff4006c,0.1.0,2026-05-26T14:42:34+00:00
2022-03-29,Mkt-RF,FF,0.99,-0.003512733958139099,0.055558085210927664,0.08239275863807635,0,0,synthetic-v1,F16_default,786ddba614cca0b18e42a1f878450d559eb8ae0e389535813e5f1d8226f594e7,ff4006c,0.1.0,2026-05-26T14:42:34+00:00
2022-03-29,Mkt-RF,FF,0.995,-0.003512733958139099,0.06990473343539245,0.10293137104126307,0,0,synthetic-v1,F16_default,786ddba614cca0b18e42a1f878450d559eb8ae0e389535813e5f1d8226f594e7,ff4006c,0.1.0,2026-05-26T14:42:34+00:00
2022-03-30,Mkt-RF,FF,0.99,-0.007960336801625318,0.05541602205302179,0.08204858748246696,0,0,synthetic-v1,F16_default,786ddba614cca0b18e42a1f878450d559eb8ae0e389535813e5f1d8226f594e7,ff4006c,0.1.0,2026-05-26T14:42:34+00:00
2022-03-30,Mkt-RF,FF,0.995,-0.007960336801625318,0.06959454113345245,0.10241735939549111,0,0,synthetic-v1,F16_default,786ddba614cca0b18e42a1f878450d559eb8ae0e389535813e5f1d8226f594e7,ff4006c,0.1.0,2026-05-26T14:42:34+00:00
2022-03-31,Mkt-RF,FF,0.99,-0.00013501666554613937,0.05523789711781367,0.0818168846617558,0,0,synthetic-v1,F16_default,786ddba614cca0b18e42a1f878450d559eb8ae0e389535813e5f1d8226f594e7,ff4006c,0.1.0,2026-05-26T14:42:34+00:00
2022-03-31,Mkt-RF,FF,0.995,-0.00013501666554613937,0.06946233972688408,0.10219185794858648,0,0,synthetic-v1,F16_default,786ddba614cca0b18e42a1f878450d559eb8ae0e389535813e5f1d8226f594e7,ff4006c,0.1.0,2026-05-26T14:42:34+00:00
2022-04-01,Mkt-RF,FF,0.99,0.0002977607482638061,0.05530473621799735,0.08181887260385785,0,0,synthetic-v1,F16_default,786ddba614cca0b18e42a1f878450d559eb8ae0e389535813e5f1d8226f594e7,ff4006c,0.1.0,2026-05-26T14:42:34+00:00
2022-04-01,Mkt-RF,FF,0.995,0.0002977607482638061,0.06940156174373614,0.10222329384711198,0,0,synthetic-v1,F16_default,786ddba614cca0b18e42a1f878450d559eb8ae0e389535813e5f1d8226f594e7,ff4006c,0.1.0,2026-05-26T14:42:34+00:00
2022-04-04,Mkt-RF,FF,0.99,0.014775666371896541,0.05524618029255686,0.0819102261057468,0,0,synthetic-v1,F16_default,786ddba614cca0b18e42a1f878450d559eb8ae0e389535813e5f1d8226f594e7,ff4006c,0.1.0,2026-05-26T14:42:34+00:00
2022-04-04,Mkt-RF,FF,0.995,0.014775666371896541,0.06946199956543561,0.10230611367888903,0,0,synthetic-v1,F16_default,786ddba614cca0b18e42a1f878450d559eb8ae0e389535813e5f1d8226f594e7,ff4006c,0.1.0,2026-05-26T14:42:34+00:00
2022-04-05,Mkt-RF,FF,0.99,-0.017515208213662238,0.054933084284658755,0.08149372228604451,0,0,synthetic-v1,F16_default,786ddba614cca0b18e42a1f878450d559eb8ae0e389535813e5f1d8226f594e7,ff4006c,0.1.0,2026-05-26T14:42:34+00:00
2022-04-05,Mkt-RF,FF,0.995,-0.017515208213662238,0.06903817462771061,0.10182896628976057,0,0,synthetic-v1,F16_default,786ddba614cca0b18e42a1f878450d559eb8ae0e389535813e5f1d8226f594e7,ff4006c,0.1.0,2026-05-26T14:42:34+00:00
2022-04-06,Mkt-RF,FF,0.99,-0.012449624754610358,0.05501802652623363,0.08171796950716811,0,0,synthetic-v1,F16_default,786ddba614cca0b18e42a1f878450d559eb8ae0e389535813e5f1d8226f594e7,ff4006c,0.1.0,2026-05-26T14:42:34+00:00
2022-04-06,Mkt-RF,FF,0.995,-0.012449624754610358,0.06947324820373589,0.10204565171309944,0,0,synthetic-v1,F16_default,786ddba614cca0b18e42a1f878450d559eb8ae0e389535813e5f1d8226f594e7,ff4006c,0.1.0,2026-05-26T14:42:34+00:00
2022-04-07,Mkt-RF,FF,0.99,0.00026402035185475796,0.05514371370068598,0.08166026065131671,0,0,synthetic-v1,F16_default,786ddba614cca0b18e42a1f878450d559eb8ae0e389535813e5f1d8226f594e7,ff4006c,0.1.0,2026-05-26T14:42:34+00:00
2022-04-07,Mkt-RF,FF,0.995,0.00026402035185475796,0.06905631184632027,0.10206959827774206,0,0,synthetic-v1,F16_default,786ddba614cca0b18e42a1f878450d559eb8ae0e389535813e5f1d8226f594e7,ff4006c,0.1.0,2026-05-26T14:42:34+00:00
2022-04-08,Mkt-RF,FF,0.99,-0.010769197135938092,0.05502935396405253,0.08149629435824571,0,0,synthetic-v1,F16_default,786ddba614cca0b18e42a1f878450d559eb8ae0e389535813e5f1d8226f594e7,ff4006c,0.1.0,2026-05-26T14:42:34+00:00
2022-04-08,Mkt-RF,FF,0.995,-0.010769197135938092,0.06927487925345618,0.1018700666538285,0,0,synthetic-v1,F16_default,786ddba614cca0b18e42a1f878450d559eb8ae0e389535813e5f1d8226f594e7,ff4006c,0.1.0,2026-05-26T14:42:34+00:00
2022-04-11,Mkt-RF,FF,0.99,0.009367980866851588,0.05524975434711929,0.0820382298322249,0,0,synthetic-v1,F16_default,786ddba614cca0b18e42a1f878450d559eb8ae0e389535813e5f1d8226f594e7,ff4006c,0.1.0,2026-05-26T14:42:34+00:00
2022-04-11,Mkt-RF,FF,0.995,0.009367980866851588,0.06959180151497862,0.10262601208001908,0,0,synthetic-v1,F16_default,786ddba614cca0b18e42a1f878450d559eb8ae0e389535813e5f1d8226f594e7,ff4006c,0.1.0,2026-05-26T14:42:34+00:00
2022-04-12,Mkt-RF,FF,0.99,-0.02084707959321233,0.05517454699528211,0.08191427611282275,0,0,synthetic-v1,F16_default,786ddba614cca0b18e42a1f878450d559eb8ae0e389535813e5f1d8226f594e7,ff4006c,0.1.0,2026-05-26T14:42:34+00:00
2022-04-12,Mkt-RF,FF,0.995,-0.02084707959321233,0.06946324421956691,0.10227097729806194,0,0,synthetic-v1,F16_default,786ddba614cca0b18e42a1f878450d559eb8ae0e389535813e5f1d8226f594e7,ff4006c,0.1.0,2026-05-26T14:42:34+00:00
2022-04-13,Mkt-RF,FF,0.99,-0.0176518991153581,0.05566450205298365,0.08228655546096134,0,0,synthetic-v1,F16_default,786ddba614cca0b18e42a1f878450d559eb8ae0e389535813e5f1d8226f594e7,ff4006c,0.1.0,2026-05-26T14:42:34+00:00
2022-04-13,Mkt-RF,FF,0.995,-0.0176518991153581,0.06997112185727286,0.10277326976737886,0,0,synthetic-v1,F16_default,786ddba614cca0b18e42a1f878450d559eb8ae0e389535813e5f1d8226f594e7,ff4006c,0.1.0,2026-05-26T14:42:34+00:00
2022-04-14,Mkt-RF,FF,0.99,-0.010145682137117399,0.055796877992171305,0.0823752094032206,0,0,synthetic-v1,F16_default,786ddba614cca0b18e42a1f878450d559eb8ae0e389535813e5f1d8226f594e7,ff4006c,0.1.0,2026-05-26T14:42:34+00:00
2022-04-14,Mkt-RF,FF,0.995,-0.010145682137117399,0.06999690859303598,0.10275339751009137,0,0,synthetic-v1,F16_default,786ddba614cca0b18e42a1f878450d559eb8ae0e389535813e5f1d8226f594e7,ff4006c,0.1.0,2026-05-26T14:42:34+00:00
2022-04-15,Mkt-RF,FF,0.99,-0.0026068212745455547,0.055922605981640824,0.08269928074393469,0,0,synthetic-v1,F16_default,786ddba614cca0b18e42a1f878450d559eb8ae0e389535813e5f1d8226f594e7,ff4006c,0.1.0,2026-05-26T14:42:34+00:00
2022-04-15,Mkt-RF,FF,0.995,-0.0026068212745455547,0.0702545323119294,0.10316955479272884,0,0,synthetic-v1,F16_default,786ddba614cca0b18e42a1f878450d559eb8ae0e389535813e5f1d8226f594e7,ff4006c,0.1.0,2026-05-26T14:42:34+00:00
2022-04-18,Mkt-RF,FF,0.99,-0.016659732409537973,0.055718168085098954,0.08238161057718345,0,0,synthetic-v1,F16_default,786ddba614cca0b18e42a1f878450d559eb8ae0e389535813e5f1d8226f594e7,ff4006c,0.1.0,2026-05-26T14:42:34+00:00
2022-04-18,Mkt-RF,FF,0.995,-0.016659732409537973,0.06987316891460263,0.10298888459774815,0,0,synthetic-v1,F16_default,786ddba614cca0b18e42a1f878450d559eb8ae0e389535813e5f1d8226f594e7,ff4006c,0.1.0,2026-05-26T14:42:34+00:00
2022-04-19,Mkt-RF,FF,0.99,-0.018136438817740835,0.05541857176739681,0.08214887567853592,0,0,synthetic-v1,F16_default,786ddba614cca0b18e42a1f878450d559eb8ae0e389535813e5f1d8226f594e7,ff4006c,0.1.0,2026-05-26T14:42:34+00:00
2022-04-19,Mkt-RF,FF,0.995,-0.018136438817740835,0.06965286901012997,0.10271787241987111,0,0,synthetic-v1,F16_default,786ddba614cca0b18e42a1f878450d559eb8ae0e389535813e5f1d8226f594e7,ff4006c,0.1.0,2026-05-26T14:42:34+00:00
2022-04-20,Mkt-RF,FF,0.99,-0.0026462674869105907,0.05560253557587597,0.08235881607589482,0,0,synthetic-v1,F16_default,786ddba614cca0b18e42a1f878450d559eb8ae0e389535813e5f1d8226f594e7,ff4006c,0.1.0,2026-05-26T14:42:34+00:00
2022-04-20,Mkt-RF,FF,0.995,-0.0026462674869105907,0.06990337500083227,0.10291574630518222,0,0,synthetic-v1,F16_default,786ddba614cca0b18e42a1f878450d559eb8ae0e389535813e5f1d8226f594e7,ff4006c,0.1.0,2026-05-26T14:42:34+00:00
2022-04-21,Mkt-RF,FF,0.99,-0.006602364393133782,0.05563098640575006,0.08238739610956358,0,0,synthetic-v1,F16_default,786ddba614cca0b18e42a1f878450d559eb8ae0e389535813e5f1d8226f594e7,ff4006c,0.1.0,2026-05-26T14:42:34+00:00
2022-04-21,Mkt-RF,FF,0.995,-0.006602364393133782,0.06989618757486622,0.10302161103469282,0,0,synthetic-v1,F16_default,786ddba614cca0b18e42a1f878450d559eb8ae0e389535813e5f1d8226f594e7,ff4006c,0.1.0,2026-05-26T14:42:34+00:00
2022-04-22,Mkt-RF,FF,0.99,0.016344705690003927,0.055445929730326006,0.08234198120401,0,0,synthetic-v1,F16_default,786ddba614cca0b18e42a1f878450d559eb8ae0e389535813e5f1d8226f594e7,ff4006c,0.1.0,2026-05-26T14:42:34+00:00
2022-04-22,Mkt-RF,FF,0.995,0.016344705690003927,0.06979827991533324,0.10286061274488491,0,0,synthetic-v1,F16_default,786ddba614cca0b18e42a1f878450d559eb8ae0e389535813e5f1d8226f594e7,ff4006c,0.1.0,2026-05-26T14:42:34+00:00
2022-04-25,Mkt-RF,FF,0.99,-0.012142613745322248,0.05216818025904159,0.0755863404932928,0,0,synthetic-v1,F16_default,786ddba614cca0b18e42a1f878450d559eb8ae0e389535813e5f1d8226f594e7,ff4006c,0.1.0,2026-05-26T14:42:34+00:00
2022-04-25,Mkt-RF,FF,0.995,-0.012142613745322248,0.06483209292811089,0.09354158903222659,0,0,synthetic-v1,F16_default,786ddba614cca0b18e42a1f878450d559eb8ae0e389535813e5f1d8226f594e7,ff4006c,0.1.0,2026-05-26T14:42:34+00:00
2022-04-26,Mkt-RF,FF,0.99,0.05110804145408752,0.05199744016358398,0.07563666272309116,0,0,synthetic-v1,F16_default,786ddba614cca0b18e42a1f878450d559eb8ae0e389535813e5f1d8226f594e7,ff4006c,0.1.0,2026-05-26T14:42:34+00:00
2022-04-26,Mkt-RF,FF,0.995,0.05110804145408752,0.0647661421139753,0.09359083102932211,0,0,synthetic-v1,F16_default,786ddba614cca0b18e42a1f878450d559eb8ae0e389535813e5f1d8226f594e7,ff4006c,0.1.0,2026-05-26T14:42:34+00:00
2022-04-27,Mkt-RF,FF,0.99,-0.02350503932295746,0.056638005153948866,0.08327050427868213,0,0,synthetic-v1,F16_default,786ddba614cca0b18e42a1f878450d559eb8ae0e389535813e5f1d8226f594e7,ff4006c,0.1.0,2026-05-26T14:42:34+00:00
2022-04-27,Mkt-RF,FF,0.995,-0.02350503932295746,0.07086401842848931,0.10392892459278308,0,0,synthetic-v1,F16_default,786ddba614cca0b18e42a1f878450d559eb8ae0e389535813e5f1d8226f594e7,ff4006c,0.1.0,2026-05-26T14:42:34+00:00
2022-04-28,Mkt-RF,FF,0.99,-0.014876955951022537,0.05646105091773171,0.0833762692906589,0,0,synthetic-v1,F16_default,786ddba614cca0b18e42a1f878450d559eb8ae0e389535813e5f1d8226f594e7,ff4006c,0.1.0,2026-05-26T14:42:34+00:00
2022-04-28,Mkt-RF,FF,0.995,-0.014876955951022537,0.07086477717722728,0.10386429210025552,0,0,synthetic-v1,F16_default,786ddba614cca0b18e42a1f878450d559eb8ae0e389535813e5f1d8226f594e7,ff4006c,0.1.0,2026-05-26T14:42:34+00:00
2022-04-29,Mkt-RF,FF,0.99,-0.004112725404330241,0.056498229043287884,0.08323889493736157,0,0,synthetic-v1,F16_default,786ddba614cca0b18e42a1f878450d559eb8ae0e389535813e5f1d8226f594e7,ff4006c,0.1.0,2026-05-26T14:42:34+00:00
2022-04-29,Mkt-RF,FF,0.995,-0.004112725404330241,0.07069922901978734,0.10372935291564125,0,0,synthetic-v1,F16_default,786ddba614cca0b18e42a1f878450d559eb8ae0e389535813e5f1d8226f594e7,ff4006c,0.1.0,2026-05-26T14:42:34+00:00
2022-05-02,Mkt-RF,FF,0.99,0.004562471216978885,0.05645436020426885,0.0831796357211243,0,0,synthetic-v1,F16_default,786ddba614cca0b18e42a1f878450d559eb8ae0e389535813e5f1d8226f594e7,ff4006c,0.1.0,2026-05-26T14:42:34+00:00
2022-05-02,Mkt-RF,FF,0.995,0.004562471216978885,0.07082497737571078,0.10366796434451529,0,0,synthetic-v1,F16_default,786ddba614cca0b18e42a1f878450d559eb8ae0e389535813e5f1d8226f594e7,ff4006c,0.1.0,2026-05-26T14:42:34+00:00
2022-05-03,Mkt-RF,FF,0.99,-0.013313243272315381,0.056509761573667716,0.0831789112292905,0,0,synthetic-v1,F16_default,786ddba614cca0b18e42a1f878450d559eb8ae0e389535813e5f1d8226f594e7,ff4006c,0.1.0,2026-05-26T14:42:34+00:00
2022-05-03,Mkt-RF,FF,0.995,-0.013313243272315381,0.0706711983112027,0.10361467099867644,0,0,synthetic-v1,F16_default,786ddba614cca0b18e42a1f878450d559eb8ae0e389535813e5f1d8226f594e7,ff4006c,0.1.0,2026-05-26T14:42:34+00:00
2022-05-04,Mkt-RF,FF,0.99,-0.00991594680111574,0.056745489728557516,0.08353187994998792,0,0,synthetic-v1,F16_default,786ddba614cca0b18e42a1f878450d559eb8ae0e389535813e5f1d8226f594e7,ff4006c,0.1.0,2026-05-26T14:42:34+00:00
2022-05-04,Mkt-RF,FF,0.995,-0.00991594680111574,0.07121174197909746,0.10412551523680114,0,0,synthetic-v1,F16_default,786ddba614cca0b18e42a1f878450d559eb8ae0e389535813e5f1d8226f594e7,ff4006c,0.1.0,2026-05-26T14:42:34+00:00
2022-05-05,Mkt-RF,FF,0.99,-0.0025960055882193094,0.05679887370249912,0.08382593346076034,0,0,synthetic-v1,F16_default,786ddba614cca0b18e42a1f878450d559eb8ae0e389535813e5f1d8226f594e7,ff4006c,0.1.0,2026-05-26T14:42:34+00:00
2022-05-05,Mkt-RF,FF,0.995,-0.0025960055882193094,0.07115345917433843,0.10436038555783081,0,0,synthetic-v1,F16_default,786ddba614cca0b18e42a1f878450d559eb8ae0e389535813e5f1d8226f594e7,ff4006c,0.1.0,2026-05-26T14:42:34+00:00
2022-05-06,Mkt-RF,FF,0.99,0.01710668251326358,0.05688037078367141,0.08384739200818411,0,0,synthetic-v1,F16_default,786ddba614cca0b18e42a1f878450d559eb8ae0e389535813e5f1d8226f594e7,ff4006c,0.1.0,2026-05-26T14:42:34+00:00
2022-05-06,Mkt-RF,FF,0.995,0.01710668251326358,0.07142072365039247,0.10439992160697599,0,0,synthetic-v1,F16_default,786ddba614cca0b18e42a1f878450d559eb8ae0e389535813e5f1d8226f594e7,ff4006c,0.1.0,2026-05-26T14:42:34+00:00
2022-05-09,Mkt-RF,FF,0.99,0.017273439035960167,0.056939915774294116,0.08383486833408599,0,0,synthetic-v1,F16_default,786ddba614cca0b18e42a1f878450d559eb8ae0e389535813e5f1d8226f594e7,ff4006c,0.1.0,2026-05-26T14:42:34+00:00
2022-05-09,Mkt-RF,FF,0.995,0.017273439035960167,0.07129486643170824,0.10447653891508378,0,0,synthetic-v1,F16_default,786ddba614cca0b18e42a1f878450d559eb8ae0e389535813e5f1d8226f594e7,ff4006c,0.1.0,2026-05-26T14:42:34+00:00
2022-05-10,Mkt-RF,FF,0.99,-0.0038483543145285464,0.05738462947923958,0.0843506431653104,0,0,synthetic-v1,F16_default,786ddba614cca0b18e42a1f878450d559eb8ae0e389535813e5f1d8226f594e7,ff4006c,0.1.0,2026-05-26T14:42:34+00:00
2022-05-10,Mkt-RF,FF,0.995,-0.0038483543145285464,0.07180501617434026,0.10510975142788426,0,0,synthetic-v1,F16_default,786ddba614cca0b18e42a1f878450d559eb8ae0e389535813e5f1d8226f594e7,ff4006c,0.1.0,2026-05-26T14:42:34+00:00
2022-05-11,Mkt-RF,FF,0.99,-0.013586486880254873,0.057328969476170555,0.08441196115546365,0,0,synthetic-v1,F16_default,786ddba614cca0b18e42a1f878450d559eb8ae0e389535813e5f1d8226f594e7,ff4006c,0.1.0,2026-05-26T14:42:34+00:00
2022-05-11,Mkt-RF,FF,0.995,-0.013586486880254873,0.07180084087281967,0.10510823653714908,0,0,synthetic-v1,F16_default,786ddba614cca0b18e42a1f878450d559eb8ae0e389535813e5f1d8226f594e7,ff4006c,0.1.0,2026-05-26T14:42:34+00:00
2022-05-12,Mkt-RF,FF,0.99,-0.004697772249855379,0.0578071930427425,0.08497492127141285,0,0,synthetic-v1,F16_default,786ddba614cca0b18e42a1f878450d559eb8ae0e389535813e5f1d8226f594e7,ff4006c,0.1.0,2026-05-26T14:42:34+00:00
2022-05-12,Mkt-RF,FF,0.995,-0.004697772249855379,0.07230377036484552,0.10575048665338904,0,0,synthetic-v1,F16_default,786ddba614cca0b18e42a1f878450d559eb8ae0e389535813e5f1d8226f594e7,ff4006c,0.1.0,2026-05-26T14:42:34+00:00
2022-05-13,Mkt-RF,FF,0.99,0.0014947415631328988,0.05775364242627544,0.08503775628914889,0,0,synthetic-v1,F16_default,786ddba614cca0b18e42a1f878450d559eb8ae0e389535813e5f1d8226f594e7,ff4006c,0.1.0,2026-05-26T14:42:34+00:00
2022-05-13,Mkt-RF,FF,0.995,0.0014947415631328988,0.07252925030310535,0.10602653236677684,0,0,synthetic-v1,F16_default,786ddba614cca0b18e42a1f878450d559eb8ae0e389535813e5f1d8226f594e7,ff4006c,0.1.0,2026-05-26T14:42:34+00:00
2022-05-16,Mkt-RF,FF,0.99,0.010706659186008056,0.06571670626146855,0.10110961005431446,0,0,synthetic-v1,F16_default,786ddba614cca0b18e42a1f878450d559eb8ae0e389535813e5f1d8226f594e7,ff4006c,0.1.0,2026-05-26T14:42:34+00:00
2022-05-16,Mkt-RF,FF,0.995,0.010706659186008056,0.0841564702862872,0.12849755394005552,0,0,synthetic-v1,F16_default,786ddba614cca0b18e42a1f878450d559eb8ae0e389535813e5f1d8226f594e7,ff4006c,0.1.0,2026-05-26T14:42:34+00:00
2022-05-17,Mkt-RF,FF,0.99,-0.011850317503473007,0.06623080692276423,0.10171032747197209,0,0,synthetic-v1,F16_default,786ddba614cca0b18e42a1f878450d559eb8ae0e389535813e5f1d8226f594e7,ff4006c,0.1.0,2026-05-26T14:42:34+00:00
2022-05-17,Mkt-RF,FF,0.995,-0.011850317503473007,0.0847583602700969,0.12919375083260762,0,0,synthetic-v1,F16_default,786ddba614cca0b18e42a1f878450d559eb8ae0e389535813e5f1d8226f594e7,ff4006c,0.1.0,2026-05-26T14:42:34+00:00
2022-05-18,Mkt-RF,FF,0.99,-0.004539181133340358,0.0662990302374573,0.10180191841335184,0,0,synthetic-v1,F16_default,786ddba614cca0b18e42a1f878450d559eb8ae0e389535813e5f1d8226f594e7,ff4006c,0.1.0,2026-05-26T14:42:34+00:00
2022-05-18,Mkt-RF,FF,0.995,-0.004539181133340358,0.08468361666444121,0.12939793512469713,0,0,synthetic-v1,F16_default,786ddba614cca0b18e42a1f878450d559eb8ae0e389535813e5f1d8226f594e7,ff4006c,0.1.0,2026-05-26T14:42:34+00:00
2022-05-19,Mkt-RF,FF,0.99,-0.0015315344727870113,0.06597885316765326,0.10137153767154564,0,0,synthetic-v1,F16_default,786ddba614cca0b18e42a1f878450d559eb8ae0e389535813e5f1d8226f594e7,ff4006c,0.1.0,2026-05-26T14:42:34+00:00
2022-05-19,Mkt-RF,FF,0.995,-0.0015315344727870113,0.08445021387959106,0.1288086621302948,0,0,synthetic-v1,F16_default,786ddba614cca0b18e42a1f878450d559eb8ae0e389535813e5f1d8226f594e7,ff4006c,0.1.0,2026-05-26T14:42:34+00:00
2022-05-20,Mkt-RF,FF,0.99,0.014328868772283964,0.06584413543296572,0.10123938792994794,0,0,synthetic-v1,F16_default,786ddba614cca0b18e42a1f878450d559eb8ae0e389535813e5f1d8226f594e7,ff4006c,0.1.0,2026-05-26T14:42:34+00:00
2022-05-20,Mkt-RF,FF,0.995,0.014328868772283964,0.08421317866574023,0.1285343329376961,0,0,synthetic-v1,F16_default,786ddba614cca0b18e42a1f878450d559eb8ae0e389535813e5f1d8226f594e7,ff4006c,0.1.0,2026-05-26T14:42:34+00:00
2022-05-23,Mkt-RF,FF,0.99,0.01559739406434391,0.06680370125063574,0.10207147627597259,0,0,synthetic-v1,F16_default,786ddba614cca0b18e42a1f878450d559eb8ae0e389535813e5f1d8226f594e7,ff4006c,0.1.0,2026-05-26T14:42:34+00:00
2022-05-23,Mkt-RF,FF,0.995,0.01559739406434391,0.08525252202866145,0.12953084564333678,0,0,synthetic-v1,F16_default,786ddba614cca0b18e42a1f878450d559eb8ae0e389535813e5f1d8226f594e7,ff4006c,0.1.0,2026-05-26T14:42:34+00:00
2022-05-24,Mkt-RF,FF,0.99,-0.004464976034954154,0.0661055284198799,0.10115823247361716,0,0,synthetic-v1,F16_default,786ddba614cca0b18e42a1f878450d559eb8ae0e389535813e5f1d8226f594e7,ff4006c,0.1.0,2026-05-26T14:42:34+00:00
2022-05-24,Mkt-RF,FF,0.995,-0.004464976034954154,0.08434975052230793,0.12821038548416486,0,0,synthetic-v1,F16_default,786ddba614cca0b18e42a1f878450d559eb8ae0e389535813e5f1d8226f594e7,ff4006c,0.1.0,2026-05-26T14:42:34+00:00
2022-05-25,Mkt-RF,FF,0.99,0.021412805266951343,0.06582663254874133,0.10078570368604348,0,0,synthetic-v1,F16_default,786ddba614cca0b18e42a1f878450d559eb8ae0e389535813e5f1d8226f594e7,ff4006c,0.1.0,2026-05-26T14:42:34+00:00
2022-05-25,Mkt-RF,FF,0.995,0.021412805266951343,0.0839780375123408,0.12784013249012285,0,0,synthetic-v1,F16_default,786ddba614cca0b18e42a1f878450d559eb8ae0e389535813e5f1d8226f594e7,ff4006c,0.1.0,2026-05-26T14:42:34+00:00
2022-05-26,Mkt-RF,FF,0.99,-0.03347587911928676,0.0587034835004903,0.08601114687443541,0,0,synthetic-v1,F16_default,786ddba614cca0b18e42a1f878450d559eb8ae0e389535813e5f1d8226f594e7,ff4006c,0.1.0,2026-05-26T14:42:34+00:00
2022-05-26,Mkt-RF,FF,0.995,-0.03347587911928676,0.07356819163659879,0.10679483936525744,0,0,synthetic-v1,F16_default,786ddba614cca0b18e42a1f878450d559eb8ae0e389535813e5f1d8226f594e7,ff4006c,0.1.0,2026-05-26T14:42:34+00:00
2022-05-27,Mkt-RF,FF,0.99,0.0026356893210680568,0.0590027704489764,0.08619251896790171,0,0,synthetic-v1,F16_default,786ddba614cca0b18e42a1f878450d559eb8ae0e389535813e5f1d8226f594e7,ff4006c,0.1.0,2026-05-26T14:42:34+00:00
2022-05-27,Mkt-RF,FF,0.995,0.0026356893210680568,0.07352245009488803,0.10694545442390482,0,0,synthetic-v1,F16_default,786ddba614cca0b18e42a1f878450d559eb8ae0e389535813e5f1d8226f594e7,ff4006c,0.1.0,2026-05-26T14:42:34+00:00
2022-05-30,Mkt-RF,FF,0.99,-0.015134346663719786,0.058815366647842385,0.08604057855134474,0,0,synthetic-v1,F16_default,786ddba614cca0b18e42a1f878450d559eb8ae0e389535813e5f1d8226f594e7,ff4006c,0.1.0,2026-05-26T14:42:34+00:00
2022-05-30,Mkt-RF,FF,0.995,-0.015134346663719786,0.07357573969993719,0.1068160037761407,0,0,synthetic-v1,F16_default,786ddba614cca0b18e42a1f878450d559eb8ae0e389535813e5f1d8226f594e7,ff4006c,0.1.0,2026-05-26T14:42:34+00:00
2022-05-31,Mkt-RF,FF,0.99,-0.014822299564830563,0.05880206259794833,0.08604686012626671,0,0,synthetic-v1,F16_default,786ddba614cca0b18e42a1f878450d559eb8ae0e389535813e5f1d8226f594e7,ff4006c,0.1.0,2026-05-26T14:42:34+00:00
2022-05-31,Mkt-RF,FF,0.995,-0.014822299564830563,0.07357740541085259,0.10686457606390726,0,0,synthetic-v1,F16_default,786ddba614cca0b18e42a1f878450d559eb8ae0e389535813e5f1d8226f594e7,ff4006c,0.1.0,2026-05-26T14:42:34+00:00
2022-06-01,Mkt-RF,FF,0.99,0.024728987773974937,0.05969379903514119,0.08717477202013633,0,0,synthetic-v1,F16_default,786ddba614cca0b18e42a1f878450d559eb8ae0e389535813e5f1d8226f594e7,ff4006c,0.1.0,2026-05-26T14:42:34+00:00
2022-06-01,Mkt-RF,FF,0.995,0.024728987773974937,0.07452729433328721,0.10837736668238178,0,0,synthetic-v1,F16_default,786ddba614cca0b18e42a1f878450d559eb8ae0e389535813e5f1d8226f594e7,ff4006c,0.1.0,2026-05-26T14:42:34+00:00
2022-06-02,Mkt-RF,FF,0.99,-0.004587325007932433,0.056053071838566046,0.0811531321087548,0,0,synthetic-v1,F16_default,786ddba614cca0b18e42a1f878450d559eb8ae0e389535813e5f1d8226f594e7,ff4006c,0.1.0,2026-05-26T14:42:34+00:00
2022-06-02,Mkt-RF,FF,0.995,-0.004587325007932433,0.06980161450372367,0.10010828870764013,0,0,synthetic-v1,F16_default,786ddba614cca0b18e42a1f878450d559eb8ae0e389535813e5f1d8226f594e7,ff4006c,0.1.0,2026-05-26T14:42:34+00:00
2022-06-03,Mkt-RF,FF,0.99,-0.029649730475354012,0.05553503319963156,0.08056697406650057,0,0,synthetic-v1,F16_default,786ddba614cca0b18e42a1f878450d559eb8ae0e389535813e5f1d8226f594e7,ff4006c,0.1.0,2026-05-26T14:42:34+00:00
2022-06-03,Mkt-RF,FF,0.995,-0.029649730475354012,0.06909243158693225,0.09934442207150426,0,0,synthetic-v1,F16_default,786ddba614cca0b18e42a1f878450d559eb8ae0e389535813e5f1d8226f594e7,ff4006c,0.1.0,2026-05-26T14:42:34+00:00
2022-06-06,Mkt-RF,FF,0.99,-0.02247610417044211,0.05558964493932436,0.08046502846878648,0,0,synthetic-v1,F16_default,786ddba614cca0b18e42a1f878450d559eb8ae0e389535813e5f1d8226f594e7,ff4006c,0.1.0,2026-05-26T14:42:34+00:00
2022-06-06,Mkt-RF,FF,0.995,-0.02247610417044211,0.06909894467830187,0.09941922360739625,0,0,synthetic-v1,F16_default,786ddba614cca0b18e42a1f878450d559eb8ae0e389535813e5f1d8226f594e7,ff4006c,0.1.0,2026-05-26T14:42:34+00:00
2022-06-07,Mkt-RF,FF,0.99,0.01501378396047285,0.05540342437753713,0.08017449893338822,0,0,synthetic-v1,F16_default,786ddba614cca0b18e42a1f878450d559eb8ae0e389535813e5f1d8226f594e7,ff4006c,0.1.0,2026-05-26T14:42:34+00:00
2022-06-07,Mkt-RF,FF,0.995,0.01501378396047285,0.068849997665371,0.09900777178147602,0,0,synthetic-v1,F16_default,786ddba614cca0b18e42a1f878450d559eb8ae0e389535813e5f1d8226f594e7,ff4006c,0.1.0,2026-05-26T14:42:34+00:00
2022-06-08,Mkt-RF,FF,0.99,-0.005269716510234651,0.054977126034559495,0.07968587932117613,0,0,synthetic-v1,F16_default,786ddba614cca0b18e42a1f878450d559eb8ae0e389535813e5f1d8226f594e7,ff4006c,0.1.0,2026-05-26T14:42:34+00:00
2022-06-08,Mkt-RF,FF,0.995,-0.005269716510234651,0.06831751011640719,0.09833991741966643,0,0,synthetic-v1,F16_default,786ddba614cca0b18e42a1f878450d559eb8ae0e389535813e5f1d8226f594e7,ff4006c,0.1.0,2026-05-26T14:42:34+00:00
2022-06-09,Mkt-RF,FF,0.99,-0.008045428698850348,0.054546012079905566,0.07935789342913463,0,0,synthetic-v1,F16_default,786ddba614cca0b18e42a1f878450d559eb8ae0e389535813e5f1d8226f594e7,ff4006c,0.1.0,2026-05-26T14:42:34+00:00
2022-06-09,Mkt-RF,FF,0.995,-0.008045428698850348,0.06797447338980228,0.0981549629615375,0,0,synthetic-v1,F16_default,786ddba614cca0b18e42a1f878450d559eb8ae0e389535813e5f1d8226f594e7,ff4006c,0.1.0,2026-05-26T14:42:34+00:00
2022-06-10,Mkt-RF,FF,0.99,-0.004062748369859753,0.05475532415322332,0.07925265642089319,0,0,synthetic-v1,F16_default,786ddba614cca0b18e42a1f878450d559eb8ae0e389535813e5f1d8226f594e7,ff4006c,0.1.0,2026-05-26T14:42:34+00:00
2022-06-10,Mkt-RF,FF,0.995,-0.004062748369859753,0.06811778091911759,0.0982267902787461,0,0,synthetic-v1,F16_default,786ddba614cca0b18e42a1f878450d559eb8ae0e389535813e5f1d8226f594e7,ff4006c,0.1.0,2026-05-26T14:42:34+00:00
2022-06-13,Mkt-RF,FF,0.99,0.0015944675680439188,0.05460941504659634,0.07933803963494825,0,0,synthetic-v1,F16_default,786ddba614cca0b18e42a1f878450d559eb8ae0e389535813e5f1d8226f594e7,ff4006c,0.1.0,2026-05-26T14:42:34+00:00
2022-06-13,Mkt-RF,FF,0.995,0.0015944675680439188,0.06803032188864142,0.0981680631534668,0,0,synthetic-v1,F16_default,786ddba614cca0b18e42a1f878450d559eb8ae0e389535813e5f1d8226f594e7,ff4006c,0.1.0,2026-05-26T14:42:34+00:00
2022-06-14,Mkt-RF,FF,0.99,-0.005863598864505547,0.05467886640729103,0.07962039704306925,0,0,synthetic-v1,F16_default,786ddba614cca0b18e42a1f878450d559eb8ae0e389535813e5f1d8226f594e7,ff4006c,0.1.0,2026-05-26T14:42:34+00:00
2022-06-14,Mkt-RF,FF,0.995,-0.005863598864505547,0.06827881446768773,0.0984882304192253,0,0,synthetic-v1,F16_default,786ddba614cca0b18e42a1f878450d559eb8ae0e389535813e5f1d8226f594e7,ff4006c,0.1.0,2026-05-26T14:42:34+00:00
2022-06-15,Mkt-RF,FF,0.99,0.017242746542707355,0.05490209408407225,0.07960067882330285,0,0,synthetic-v1,F16_default,786ddba614cca0b18e42a1f878450d559eb8ae0e389535813e5f1d8226f594e7,ff4006c,0.1.0,2026-05-26T14:42:34+00:00
2022-06-15,Mkt-RF,FF,0.995,0.017242746542707355,0.06820853177570596,0.0985418503564176,0,0,synthetic-v1,F16_default,786ddba614cca0b18e42a1f878450d559eb8ae0e389535813e5f1d8226f594e7,ff4006c,0.1.0,2026-05-26T14:42:34+00:00
2022-06-16,Mkt-RF,FF,0.99,-0.01786882389621963,0.05447386117195509,0.07905534201520445,0,0,synthetic-v1,F16_default,786ddba614cca0b18e42a1f878450d559eb8ae0e389535813e5f1d8226f594e7,ff4006c,0.1.0,2026-05-26T14:42:34+00:00
2022-06-16,Mkt-RF,FF,0.995,-0.01786882389621963,0.06792525721501351,0.0978317394003817,0,0,synthetic-v1,F16_default,786ddba614cca0b18e42a1f878450d559eb8ae0e389535813e5f1d8226f594e7,ff4006c,0.1.0,2026-05-26T14:42:34+00:00
2022-06-17,Mkt-RF,FF,0.99,-0.016584988671676765,0.05453365231789795,0.0789805665593487,0,0,synthetic-v1,F16_default,786ddba614cca0b18e42a1f878450d559eb8ae0e389535813e5f1d8226f594e7,ff4006c,0.1.0,2026-05-26T14:42:34+00:00
2022-06-17,Mkt-RF,FF,0.995,-0.016584988671676765,0.06781217476754312,0.09767591386903068,0,0,synthetic-v1,F16_default,786ddba614cca0b18e42a1f878450d559eb8ae0e389535813e5f1d8226f594e7,ff4006c,0.1.0,2026-05-26T14:42:34+00:00
2022-06-20,Mkt-RF,FF,0.99,-0.01069283018474199,0.05760325179216032,0.0852153457233173,0,0,synthetic-v1,F16_default,786ddba614cca0b18e42a1f878450d559eb8ae0e389535813e5f1d8226f594e7,ff4006c,0.1.0,2026-05-26T14:42:34+00:00
2022-06-20,Mkt-RF,FF,0.995,-0.01069283018474199,0.07249603431905614,0.10653769269174845,0,0,synthetic-v1,F16_default,786ddba614cca0b18e42a1f878450d559eb8ae0e389535813e5f1d8226f594e7,ff4006c,0.1.0,2026-05-26T14:42:34+00:00
2022-06-21,Mkt-RF,FF,0.99,-0.0317639850213915,0.05771363645991207,0.08517255901715033,0,0,synthetic-v1,F16_default,786ddba614cca0b18e42a1f878450d559eb8ae0e389535813e5f1d8226f594e7,ff4006c,0.1.0,2026-05-26T14:42:34+00:00
2022-06-21,Mkt-RF,FF,0.995,-0.0317639850213915,0.07252477513252659,0.10632064333076209,0,0,synthetic-v1,F16_default,786ddba614cca0b18e42a1f878450d559eb8ae0e389535813e5f1d8226f594e7,ff4006c,0.1.0,2026-05-26T14:42:34+00:00
2022-06-22,Mkt-RF,FF,0.99,0.00766342860290695,0.05784446007873292,0.08533799998578051,0,0,synthetic-v1,F16_default,786ddba614cca0b18e42a1f878450d559eb8ae0e389535813e5f1d8226f594e7,ff4006c,0.1.0,2026-05-26T14:42:34+00:00
2022-06-22,Mkt-RF,FF,0.995,0.00766342860290695,0.07248691949449461,0.10658270038116588,0,0,synthetic-v1,F16_default,786ddba614cca0b18e42a1f878450d559eb8ae0e389535813e5f1d8226f594e7,ff4006c,0.1.0,2026-05-26T14:42:34+00:00
2022-06-23,Mkt-RF,FF,0.99,0.0021131175462235185,0.05823723659755012,0.08598956388333649,0,0,synthetic-v1,F16_default,786ddba614cca0b18e42a1f878450d559eb8ae0e389535813e5f1d8226f594e7,ff4006c,0.1.0,2026-05-26T14:42:34+00:00
2022-06-23,Mkt-RF,FF,0.995,0.0021131175462235185,0.07314229003184115,0.10737639808049974,0,0,synthetic-v1,F16_default,786ddba614cca0b18e42a1f878450d559eb8ae0e389535813e5f1d8226f594e7,ff4006c,0.1.0,2026-05-26T14:42:34+00:00
2022-06-24,Mkt-RF,FF,0.99,-0.03432280773761447,0.059317463745636095,0.08691045441926291,0,0,synthetic-v1,F16_default,786ddba614cca0b18e42a1f878450d559eb8ae0e389535813e5f1d8226f594e7,ff4006c,0.1.0,2026-05-26T14:42:34+00:00
2022-06-24,Mkt-RF,FF,0.995,-0.03432280773761447,0.0737614522677854,0.1080789803728768,0,0,synthetic-v1,F16_default,786ddba614cca0b18e42a1f878450d559eb8ae0e389535813e5f1d8226f594e7,ff4006c,0.1.0,2026-05-26T14:42:34+00:00
2022-06-27,Mkt-RF,FF,0.99,0.007409752987643647,0.06036192873156619,0.08828222352724323,0,0,synthetic-v1,F16_default,786ddba614cca0b18e42a1f878450d559eb8ae0e389535813e5f1d8226f594e7,ff4006c,0.1.0,2026-05-26T14:42:34+00:00
2022-06-27,Mkt-RF,FF,0.995,0.007409752987643647,0.07560912955269908,0.10953201375557894,0,0,synthetic-v1,F16_default,786ddba614cca0b18e42a1f878450d559eb8ae0e389535813e5f1d8226f594e7,ff4006c,0.1.0,2026-05-26T14:42:34+00:00
2022-06-28,Mkt-RF,FF,0.99,-0.0077351692046369065,0.06026429572142104,0.08807714195421439,0,0,synthetic-v1,F16_default,786ddba614cca0b18e42a1f878450d559eb8ae0e389535813e5f1d8226f594e7,ff4006c,0.1.0,2026-05-26T14:42:34+00:00
2022-06-28,Mkt-RF,FF,0.995,-0.0077351692046369065,0.07544682573653115,0.1093769969034119,0,0,synthetic-v1,F16_default,786ddba614cca0b18e42a1f878450d559eb8ae0e389535813e5f1d8226f594e7,ff4006c,0.1.0,2026-05-26T14:42:34+00:00
2022-06-29,Mkt-RF,FF,0.99,-0.0006707126914026171,0.06013777648005485,0.08798659564706104,0,0,synthetic-v1,F16_default,786ddba614cca0b18e42a1f878450d559eb8ae0e389535813e5f1d8226f594e7,ff4006c,0.1.0,2026-05-26T14:42:34+00:00
2022-06-29,Mkt-RF,FF,0.995,-0.0006707126914026171,0.07500498751694877,0.10915788866020745,0,0,synthetic-v1,F16_default,786ddba614cca0b18e42a1f878450d559eb8ae0e389535813e5f1d8226f594e7,ff4006c,0.1.0,2026-05-26T14:42:34+00:00
2022-06-30,Mkt-RF,FF,0.99,0.006528121941144099,0.060498989318253774,0.0884591198864513,0,0,synthetic-v1,F16_default,786ddba614cca0b18e42a1f878450d559eb8ae0e389535813e5f1d8226f594e7,ff4006c,0.1.0,2026-05-26T14:42:34+00:00
2022-06-30,Mkt-RF,FF,0.995,0.006528121941144099,0.07552072434240584,0.10988653668464916,0,0,synthetic-v1,F16_default,786ddba614cca0b18e42a1f878450d559eb8ae0e389535813e5f1d8226f594e7,ff4006c,0.1.0,2026-05-26T14:42:34+00:00
2022-07-01,Mkt-RF,FF,0.99,0.007460142640062542,0.06025723497763532,0.08811232866225027,0,0,synthetic-v1,F16_default,786ddba614cca0b18e42a1f878450d559eb8ae0e389535813e5f1d8226f594e7,ff4006c,0.1.0,2026-05-26T14:42:34+00:00
2022-07-01,Mkt-RF,FF,0.995,0.007460142640062542,0.07528732422868654,0.10948288769239573,0,0,synthetic-v1,F16_default,786ddba614cca0b18e42a1f878450d559eb8ae0e389535813e5f1d8226f594e7,ff4006c,0.1.0,2026-05-26T14:42:34+00:00
2022-07-04,Mkt-RF,FF,0.99,0.016855744396192352,0.060500002970603345,0.08851570940392545,0,0,synthetic-v1,F16_default,786ddba614cca0b18e42a1f878450d559eb8ae0e389535813e5f1d8226f594e7,ff4006c,0.1.0,2026-05-26T14:42:34+00:00
2022-07-04,Mkt-RF,FF,0.995,0.016855744396192352,0.07578367084636344,0.1099600211634172,0,0,synthetic-v1,F16_default,786ddba614cca0b18e42a1f878450d559eb8ae0e389535813e5f1d8226f594e7,ff4006c,0.1.0,2026-05-26T14:42:34+00:00
2022-07-05,Mkt-RF,FF,0.99,0.052617851321997214,0.0605625931038308,0.08850096668676559,0,0,synthetic-v1,F16_default,786ddba614cca0b18e42a1f878450d559eb8ae0e389535813e5f1d8226f594e7,ff4006c,0.1.0,2026-05-26T14:42:34+00:00
2022-07-05,Mkt-RF,FF,0.995,0.052617851321997214,0.07571646037356668,0.10986911015467327,0,0,synthetic-v1,F16_default,786ddba614cca0b18e42a1f878450d559eb8ae0e389535813e5f1d8226f594e7,ff4006c,0.1.0,2026-05-26T14:42:34+00:00
2022-07-06,Mkt-RF,FF,0.99,-0.0032086523986991143,0.06907470988694925,0.1048704143515369,0,0,synthetic-v1,F16_default,786ddba614cca0b18e42a1f878450d559eb8ae0e389535813e5f1d8226f594e7,ff4006c,0.1.0,2026-05-26T14:42:34+00:00
2022-07-06,Mkt-RF,FF,0.995,-0.0032086523986991143,0.0878239754426053,0.13261787387664567,0,0,synthetic-v1,F16_default,786ddba614cca0b18e42a1f878450d559eb8ae0e389535813e5f1d8226f594e7,ff4006c,0.1.0,2026-05-26T14:42:34+00:00
2022-07-07,Mkt-RF,FF,0.99,0.013387982752712545,0.0695537958539446,0.1056836436689711,0,0,synthetic-v1,F16_default,786ddba614cca0b18e42a1f878450d559eb8ae0e389535813e5f1d8226f594e7,ff4006c,0.1.0,2026-05-26T14:42:34+00:00
2022-07-07,Mkt-RF,FF,0.995,0.013387982752712545,0.08842414408024023,0.1336589824509027,0,0,synthetic-v1,F16_default,786ddba614cca0b18e42a1f878450d559eb8ae0e389535813e5f1d8226f594e7,ff4006c,0.1.0,2026-05-26T14:42:34+00:00
2022-07-08,Mkt-RF,FF,0.99,-0.031102293623734713,0.06975648399649365,0.10582307623944545,0,0,synthetic-v1,F16_default,786ddba614cca0b18e42a1f878450d559eb8ae0e389535813e5f1d8226f594e7,ff4006c,0.1.0,2026-05-26T14:42:34+00:00
2022-07-08,Mkt-RF,FF,0.995,-0.031102293623734713,0.08883547249933818,0.13377838153798569,0,0,synthetic-v1,F16_default,786ddba614cca0b18e42a1f878450d559eb8ae0e389535813e5f1d8226f594e7,ff4006c,0.1.0,2026-05-26T14:42:34+00:00
2022-07-11,Mkt-RF,FF,0.99,-0.00693440941363365,0.06993374870677965,0.10619104615557794,0,0,synthetic-v1,F16_default,786ddba614cca0b18e42a1f878450d559eb8ae0e389535813e5f1d8226f594e7,ff4006c,0.1.0,2026-05-26T14:42:34+00:00
2022-07-11,Mkt-RF,FF,0.995,-0.00693440941363365,0.08906278145636569,0.13409705787055776,0,0,synthetic-v1,F16_default,786ddba614cca0b18e42a1f878450d559eb8ae0e389535813e5f1d8226f594e7,ff4006c,0.1.0,2026-05-26T14:42:34+00:00
2022-07-12,Mkt-RF,FF,0.99,0.021427057501489745,0.07003974694640187,0.10602979891240051,0,0,synthetic-v1,F16_default,786ddba614cca0b18e42a1f878450d559eb8ae0e389535813e5f1d8226f594e7,ff4006c,0.1.0,2026-05-26T14:42:34+00:00
2022-07-12,Mkt-RF,FF,0.995,0.021427057501489745,0.08891780687266554,0.13377361451052863,0,0,synthetic-v1,F16_default,786ddba614cca0b18e42a1f878450d559eb8ae0e389535813e5f1d8226f594e7,ff4006c,0.1.0,2026-05-26T14:42:34+00:00
2022-07-13,Mkt-RF,FF,0.99,-0.022310023229783642,0.06996185993620342,0.10606995841665265,0,0,synthetic-v1,F16_default,786ddba614cca0b18e42a1f878450d559eb8ae0e389535813e5f1d8226f594e7,ff4006c,0.1.0,2026-05-26T14:42:34+00:00
2022-07-13,Mkt-RF,FF,0.995,-0.022310023229783642,0.08885738883926532,0.13373942736733133,0,0,synthetic-v1,F16_default,786ddba614cca0b18e42a1f878450d559eb8ae0e389535813e5f1d8226f594e7,ff4006c,0.1.0,2026-05-26T14:42:34+00:00
2022-07-14,Mkt-RF,FF,0.99,-0.004036867335329113,0.06996714492717951,0.10577198647244393,0,0,synthetic-v1,F16_default,786ddba614cca0b18e42a1f878450d559eb8ae0e389535813e5f1d8226f594e7,ff4006c,0.1.0,2026-05-26T14:42:34+00:00
2022-07-14,Mkt-RF,FF,0.995,-0.004036867335329113,0.08854061920620993,0.13355341282336036,0,0,synthetic-v1,F16_default,786ddba614cca0b18e42a1f878450d559eb8ae0e389535813e5f1d8226f594e7,ff4006c,0.1.0,2026-05-26T14:42:34+00:00
2022-07-15,Mkt-RF,FF,0.99,0.009665626729302823,0.06998632251154517,0.10568645807945487,0,0,synthetic-v1,F16_default,786ddba614cca0b18e42a1f878450d559eb8ae0e389535813e5f1d8226f594e7,ff4006c,0.1.0,2026-05-26T14:42:34+00:00
2022-07-15,Mkt-RF,FF,0.995,0.009665626729302823,0.08849350777395171,0.13355618335750424,0,0,synthetic-v1,F16_default,786ddba614cca0b18e42a1f878450d559eb8ae0e389535813e5f1d8226f594e7,ff4006c,0.1.0,2026-05-26T14:42:34+00:00
2022-07-18,Mkt-RF,FF,0.99,0.006520215916985674,0.06999909343100258,0.10574483148538402,0,0,synthetic-v1,F16_default,786ddba614cca0b18e42a1f878450d559eb8ae0e389535813e5f1d8226f594e7,ff4006c,0.1.0,2026-05-26T14:42:34+00:00
2022-07-18,Mkt-RF,FF,0.995,0.006520215916985674,0.08858704519438938,0.13333603627252874,0,0,synthetic-v1,F16_default,786ddba614cca0b18e42a1f878450d559eb8ae0e389535813e5f1d8226f594e7,ff4006c,0.1.0,2026-05-26T14:42:34+00:00
2022-07-19,Mkt-RF,FF,0.99,0.0033989302671357134,0.06989010005644061,0.1058411341320917,0,0,synthetic-v1,F16_default,786ddba614cca0b18e42a1f878450d559eb8ae0e389535813e5f1d8226f594e7,ff4006c,0.1.0,2026-05-26T14:42:34+00:00
2022-07-19,Mkt-RF,FF,0.995,0.0033989302671357134,0.08868178140922761,0.13360927535912653,0,0,synthetic-v1,F16_default,786ddba614cca0b18e42a1f878450d559eb8ae0e389535813e5f1d8226f594e7,ff4006c,0.1.0,2026-05-26T14:42:34+00:00
2022-07-20,Mkt-RF,FF,0.99,-0.008119398794033816,0.06993432027418743,0.10590638843972963,0,0,synthetic-v1,F16_default,786ddba614cca0b18e42a1f878450d559eb8ae0e389535813e5f1d8226f594e7,ff4006c,0.1.0,2026-05-26T14:42:34+00:00
2022-07-20,Mkt-RF,FF,0.995,-0.008119398794033816,0.08868198960506184,0.1337125237284006,0,0,synthetic-v1,F16_default,786ddba614cca0b18e42a1f878450d559eb8ae0e389535813e5f1d8226f594e7,ff4006c,0.1.0,2026-05-26T14:42:34+00:00
2022-07-21,Mkt-RF,FF,0.99,0.004505389468508079,0.06992750855341505,0.10595095075313485,0,0,synthetic-v1,F16_default,786ddba614cca0b18e42a1f878450d559eb8ae0e389535813e5f1d8226f594e7,ff4006c,0.1.0,2026-05-26T14:42:34+00:00
2022-07-21,Mkt-RF,FF,0.995,0.004505389468508079,0.08889053953947468,0.13394940752166223,0,0,synthetic-v1,F16_default,786ddba614cca0b18e42a1f878450d559eb8ae0e389535813e5f1d8226f594e7,ff4006c,0.1.0,2026-05-26T14:42:34+00:00
2022-07-22,Mkt-RF,FF,0.99,0.00968172625138557,0.06987032834580459,0.10601349390590972,0,0,synthetic-v1,F16_default,786ddba614cca0b18e42a1f878450d559eb8ae0e389535813e5f1d8226f594e7,ff4006c,0.1.0,2026-05-26T14:42:34+00:00
2022-07-22,Mkt-RF,FF,0.995,0.00968172625138557,0.08878307685919147,0.1340176282170272,0,0,synthetic-v1,F16_default,786ddba614cca0b18e42a1f878450d559eb8ae0e389535813e5f1d8226f594e7,ff4006c,0.1.0,2026-05-26T14:42:34+00:00
2022-07-25,Mkt-RF,FF,0.99,0.008854518097496966,0.06974977357423609,0.10592926171187053,0,0,synthetic-v1,F16_default,786ddba614cca0b18e42a1f878450d559eb8ae0e389535813e5f1d8226f594e7,ff4006c,0.1.0,2026-05-26T14:42:34+00:00
2022-07-25,Mkt-RF,FF,0.995,0.008854518097496966,0.08901252833088757,0.13393945500095003,0,0,synthetic-v1,F16_default,786ddba614cca0b18e42a1f878450d559eb8ae0e389535813e5f1d8226f594e7,ff4006c,0.1.0,2026-05-26T14:42:34+00:00
2022-07-26,Mkt-RF,FF,0.99,0.031683279704257716,0.06977646740063309,0.10571303259744452,0,0,synthetic-v1,F16_default,786ddba614cca0b18e42a1f878450d559eb8ae0e389535813e5f1d8226f594e7,ff4006c,0.1.0,2026-05-26T14:42:34+00:00
2022-07-26,Mkt-RF,FF,0.995,0.031683279704257716,0.08843568176739519,0.13351017688459113,0,0,synthetic-v1,F16_default,786ddba614cca0b18e42a1f878450d559eb8ae0e389535813e5f1d8226f594e7,ff4006c,0.1.0,2026-05-26T14:42:34+00:00
2022-07-27,Mkt-RF,FF,0.99,0.012341360575300463,0.07099848970536843,0.10847110345147415,0,0,synthetic-v1,F16_default,786ddba614cca0b18e42a1f878450d559eb8ae0e389535813e5f1d8226f594e7,ff4006c,0.1.0,2026-05-26T14:42:34+00:00
2022-07-27,Mkt-RF,FF,0.995,0.012341360575300463,0.09057273503480111,0.13763945026977548,0,0,synthetic-v1,F16_default,786ddba614cca0b18e42a1f878450d559eb8ae0e389535813e5f1d8226f594e7,ff4006c,0.1.0,2026-05-26T14:42:34+00:00
2022-07-28,Mkt-RF,FF,0.99,-0.023000980845392555,0.07131343741440675,0.10872520476012187,0,0,synthetic-v1,F16_default,786ddba614cca0b18e42a1f878450d559eb8ae0e389535813e5f1d8226f594e7,ff4006c,0.1.0,2026-05-26T14:42:34+00:00
2022-07-28,Mkt-RF,FF,0.995,-0.023000980845392555,0.09057585952514385,0.13771518638906455,0,0,synthetic-v1,F16_default,786ddba614cca0b18e42a1f878450d559eb8ae0e389535813e5f1d8226f594e7,ff4006c,0.1.0,2026-05-26T14:42:34+00:00
2022-07-29,Mkt-RF,FF,0.99,-0.01384743690792047,0.07106593500554724,0.10846998073107954,0,0,synthetic-v1,F16_default,786ddba614cca0b18e42a1f878450d559eb8ae0e389535813e5f1d8226f594e7,ff4006c,0.1.0,2026-05-26T14:42:34+00:00
2022-07-29,Mkt-RF,FF,0.995,-0.01384743690792047,0.09047379149705502,0.13749493958005132,0,0,synthetic-v1,F16_default,786ddba614cca0b18e42a1f878450d559eb8ae0e389535813e5f1d8226f594e7,ff4006c,0.1.0,2026-05-26T14:42:34+00:00
2022-08-01,Mkt-RF,FF,0.99,0.003015599564809622,0.07104879011543981,0.10850347617638638,0,0,synthetic-v1,F16_default,786ddba614cca0b18e42a1f878450d559eb8ae0e389535813e5f1d8226f594e7,ff4006c,0.1.0,2026-05-26T14:42:34+00:00
2022-08-01,Mkt-RF,FF,0.995,0.003015599564809622,0.0904283494293018,0.13743936385553848,0,0,synthetic-v1,F16_default,786ddba614cca0b18e42a1f878450d559eb8ae0e389535813e5f1d8226f594e7,ff4006c,0.1.0,2026-05-26T14:42:34+00:00
2022-08-02,Mkt-RF,FF,0.99,0.05242092267782128,0.07206233111478144,0.11004312757026607,0,0,synthetic-v1,F16_default,786ddba614cca0b18e42a1f878450d559eb8ae0e389535813e5f1d8226f594e7,ff4006c,0.1.0,2026-05-26T14:42:34+00:00
2022-08-02,Mkt-RF,FF,0.995,0.05242092267782128,0.09194829681716937,0.13956764250778467,0,0,synthetic-v1,F16_default,786ddba614cca0b18e42a1f878450d559eb8ae0e389535813e5f1d8226f594e7,ff4006c,0.1.0,2026-05-26T14:42:34+00:00
2022-08-03,Mkt-RF,FF,0.99,-0.0002490097997702535,0.07831347848499157,0.12132675437806753,0,0,synthetic-v1,F16_default,786ddba614cca0b18e42a1f878450d559eb8ae0e389535813e5f1d8226f594e7,ff4006c,0.1.0,2026-05-26T14:42:34+00:00
2022-08-03,Mkt-RF,FF,0.995,-0.0002490097997702535,0.10025181170478611,0.15503725647078292,0,0,synthetic-v1,F16_default,786ddba614cca0b18e42a1f878450d559eb8ae0e389535813e5f1d8226f594e7,ff4006c,0.1.0,2026-05-26T14:42:34+00:00
2022-08-04,Mkt-RF,FF,0.99,0.011424695391537818,0.078266700933126,0.12149056611862863,0,0,synthetic-v1,F16_default,786ddba614cca0b18e42a1f878450d559eb8ae0e389535813e5f1d8226f594e7,ff4006c,0.1.0,2026-05-26T14:42:34+00:00
2022-08-04,Mkt-RF,FF,0.995,0.011424695391537818,0.10025460397733425,0.15505077394881028,0,0,synthetic-v1,F16_default,786ddba614cca0b18e42a1f878450d559eb8ae0e389535813e5f1d8226f594e7,ff4006c,0.1.0,2026-05-26T14:42:34+00:00
2022-08-05,Mkt-RF,FF,0.99,0.011476162526590014,0.07850327606795438,0.12134085410387005,0,0,synthetic-v1,F16_default,786ddba614cca0b18e42a1f878450d559eb8ae0e389535813e5f1d8226f594e7,ff4006c,0.1.0,2026-05-26T14:42:34+00:00
2022-08-05,Mkt-RF,FF,0.995,0.011476162526590014,0.10027035303128698,0.154804978225731,0,0,synthetic-v1,F16_default,786ddba614cca0b18e42a1f878450d559eb8ae0e389535813e5f1d8226f594e7,ff4006c,0.1.0,2026-05-26T14:42:34+00:00
2022-08-08,Mkt-RF,FF,0.99,-0.04235564350639639,0.07837235982805862,0.12161162704966144,0,0,synthetic-v1,F16_default,786ddba614cca0b18e42a1f878450d559eb8ae0e389535813e5f1d8226f594e7,ff4006c,0.1.0,2026-05-26T14:42:34+00:00
2022-08-08,Mkt-RF,FF,0.995,-0.04235564350639639,0.10069042180034643,0.15514236641659054,0,0,synthetic-v1,F16_default,786ddba614cca0b18e42a1f878450d559eb8ae0e389535813e5f1d8226f594e7,ff4006c,0.1.0,2026-05-26T14:42:34+00:00
2022-08-09,Mkt-RF,FF,0.99,0.0006876197266485243,0.07830601679664967,0.12165642381566155,0,0,synthetic-v1,F16_default,786ddba614cca0b18e42a1f878450d559eb8ae0e389535813e5f1d8226f594e7,ff4006c,0.1.0,2026-05-26T14:42:34+00:00
2022-08-09,Mkt-RF,FF,0.995,0.0006876197266485243,0.1006373501285303,0.15529137465291656,0,0,synthetic-v1,F16_default,786ddba614cca0b18e42a1f878450d559eb8ae0e389535813e5f1d8226f594e7,ff4006c,0.1.0,2026-05-26T14:42:34+00:00
2022-08-10,Mkt-RF,FF,0.99,0.01828689337927316,0.07844402078838877,0.12153214966325962,0,0,synthetic-v1,F16_default,786ddba614cca0b18e42a1f878450d559eb8ae0e389535813e5f1d8226f594e7,ff4006c,0.1.0,2026-05-26T14:42:34+00:00
2022-08-10,Mkt-RF,FF,0.995,0.01828689337927316,0.10044010379553953,0.1551020566680632,0,0,synthetic-v1,F16_default,786ddba614cca0b18e42a1f878450d559eb8ae0e389535813e5f1d8226f594e7,ff4006c,0.1.0,2026-05-26T14:42:34+00:00
2022-08-11,Mkt-RF,FF,0.99,-0.036267899289404944,0.07841674287867885,0.12153671951731923,0,0,synthetic-v1,F16_default,786ddba614cca0b18e42a1f878450d559eb8ae0e389535813e5f1d8226f594e7,ff4006c,0.1.0,2026-05-26T14:42:34+00:00
2022-08-11,Mkt-RF,FF,0.995,-0.036267899289404944,0.10059487570828582,0.15503374162737946,0,0,synthetic-v1,F16_default,786ddba614cca0b18e42a1f878450d559eb8ae0e389535813e5f1d8226f594e7,ff4006c,0.1.0,2026-05-26T14:42:34+00:00
2022-08-12,Mkt-RF,FF,0.99,0.007457053240315846,0.07767227048542603,0.12004161154100436,0,0,synthetic-v1,F16_default,786ddba614cca0b18e42a1f878450d559eb8ae0e389535813e5f1d8226f594e7,ff4006c,0.1.0,2026-05-26T14:42:34+00:00
2022-08-12,Mkt-RF,FF,0.995,0.007457053240315846,0.09955495186210792,0.15293839281017374,0,0,synthetic-v1,F16_default,786ddba614cca0b18e42a1f878450d559eb8ae0e389535813e5f1d8226f594e7,ff4006c,0.1.0,2026-05-26T14:42:34+00:00
2022-08-15,Mkt-RF,FF,0.99,0.01601872775588481,0.07783290259462075,0.11999602588514288,0,0,synthetic-v1,F16_default,786ddba614cca0b18e42a1f878450d559eb8ae0e389535813e5f1d8226f594e7,ff4006c,0.1.0,2026-05-26T14:42:34+00:00
2022-08-15,Mkt-RF,FF,0.995,0.01601872775588481,0.09930353070054458,0.1530225460483751,0,0,synthetic-v1,F16_default,786ddba614cca0b18e42a1f878450d559eb8ae0e389535813e5f1d8226f594e7,ff4006c,0.1.0,2026-05-26T14:42:34+00:00
2022-08-16,Mkt-RF,FF,0.99,0.00647821400696056,0.07742535083035126,0.11996323393416666,0,0,synthetic-v1,F16_default,786ddba614cca0b18e42a1f878450d559eb8ae0e389535813e5f1d8226f594e7,ff4006c,0.1.0,2026-05-26T14:42:34+00:00
2022-08-16,Mkt-RF,FF,0.995,0.00647821400696056,0.09915967042918768,0.15296631001673955,0,0,synthetic-v1,F16_default,786ddba614cca0b18e42a1f878450d559eb8ae0e389535813e5f1d8226f594e7,ff4006c,0.1.0,2026-05-26T14:42:34+00:00
2022-08-17,Mkt-RF,FF,0.99,0.040548902302982685,0.07768447905622082,0.12016665657963355,0,0,synthetic-v1,F16_default,786ddba614cca0b18e42a1f878450d559eb8ae0e389535813e5f1d8226f594e7,ff4006c,0.1.0,2026-05-26T14:42:34+00:00
2022-08-17,Mkt-RF,FF,0.995,0.040548902302982685,0.09936059013087901,0.15322256889057276,0,0,synthetic-v1,F16_default,786ddba614cca0b18e42a1f878450d559eb8ae0e389535813e5f1d8226f594e7,ff4006c,0.1.0,2026-05-26T14:42:34+00:00
2022-08-18,Mkt-RF,FF,0.99,-0.0145335756852558,0.09130331257333915,0.14811742657960142,0,0,synthetic-v1,F16_default,786ddba614cca0b18e42a1f878450d559eb8ae0e389535813e5f1d8226f594e7,ff4006c,0.1.0,2026-05-26T14:42:34+00:00
2022-08-18,Mkt-RF,FF,0.995,-0.0145335756852558,0.11930946117960366,0.19300223031224062,0,0,synthetic-v1,F16_default,786ddba614cca0b18e42a1f878450d559eb8ae0e389535813e5f1d8226f594e7,ff4006c,0.1.0,2026-05-26T14:42:34+00:00
2022-08-19,Mkt-RF,FF,0.99,0.013132240387629068,0.09111940729988664,0.14799768948752234,0,0,synthetic-v1,F16_default,786ddba614cca0b18e42a1f878450d559eb8ae0e389535813e5f1d8226f594e7,ff4006c,0.1.0,2026-05-26T14:42:34+00:00
2022-08-19,Mkt-RF,FF,0.995,0.013132240387629068,0.11927148916225402,0.19270284322645714,0,0,synthetic-v1,F16_default,786ddba614cca0b18e42a1f878450d559eb8ae0e389535813e5f1d8226f594e7,ff4006c,0.1.0,2026-05-26T14:42:34+00:00
2022-08-22,Mkt-RF,FF,0.99,-0.008740763776212163,0.09076903317813559,0.14752027082887947,0,0,synthetic-v1,F16_default,786ddba614cca0b18e42a1f878450d559eb8ae0e389535813e5f1d8226f594e7,ff4006c,0.1.0,2026-05-26T14:42:34+00:00
2022-08-22,Mkt-RF,FF,0.995,-0.008740763776212163,0.11912133360747046,0.19226018426428992,0,0,synthetic-v1,F16_default,786ddba614cca0b18e42a1f878450d559eb8ae0e389535813e5f1d8226f594e7,ff4006c,0.1.0,2026-05-26T14:42:34+00:00
2022-08-23,Mkt-RF,FF,0.99,0.013193966750910596,0.09050082775592204,0.147314739065258,0,0,synthetic-v1,F16_default,786ddba614cca0b18e42a1f878450d559eb8ae0e389535813e5f1d8226f594e7,ff4006c,0.1.0,2026-05-26T14:42:34+00:00
2022-08-23,Mkt-RF,FF,0.995,0.013193966750910596,0.1185395080985594,0.19192894049029818,0,0,synthetic-v1,F16_default,786ddba614cca0b18e42a1f878450d559eb8ae0e389535813e5f1d8226f594e7,ff4006c,0.1.0,2026-05-26T14:42:34+00:00
2022-08-24,Mkt-RF,FF,0.99,0.010642777727444151,0.09130405918607,0.14820566739705932,0,0,synthetic-v1,F16_default,786ddba614cca0b18e42a1f878450d559eb8ae0e389535813e5f1d8226f594e7,ff4006c,0.1.0,2026-05-26T14:42:34+00:00
2022-08-24,Mkt-RF,FF,0.995,0.010642777727444151,0.11951853007945785,0.1931881583015726,0,0,synthetic-v1,F16_default,786ddba614cca0b18e42a1f878450d559eb8ae0e389535813e5f1d8226f594e7,ff4006c,0.1.0,2026-05-26T14:42:34+00:00
2022-08-25,Mkt-RF,FF,0.99,-0.0064360220016927835,0.09118269321462727,0.14822340566539605,0,0,synthetic-v1,F16_default,786ddba614cca0b18e42a1f878450d559eb8ae0e389535813e5f1d8226f594e7,ff4006c,0.1.0,2026-05-26T14:42:34+00:00
2022-08-25,Mkt-RF,FF,0.995,-0.0064360220016927835,0.11933413713323815,0.19315677658098646,0,0,synthetic-v1,F16_default,786ddba614cca0b18e42a1f878450d559eb8ae0e389535813e5f1d8226f594e7,ff4006c,0.1.0,2026-05-26T14:42:34+00:00
2022-08-26,Mkt-RF,FF,0.99,-0.018146319152683655,0.09151950484686805,0.14857850064245187,0,0,synthetic-v1,F16_default,786ddba614cca0b18e42a1f878450d559eb8ae0e389535813e5f1d8226f594e7,ff4006c,0.1.0,2026-05-26T14:42:34+00:00
2022-08-26,Mkt-RF,FF,0.995,-0.018146319152683655,0.1195948349733465,0.19348983648418744,0,0,synthetic-v1,F16_default,786ddba614cca0b18e42a1f878450d559eb8ae0e389535813e5f1d8226f594e7,ff4006c,0.1.0,2026-05-26T14:42:34+00:00
2022-08-29,Mkt-RF,FF,0.99,0.010800451554283965,0.09136658472010378,0.14847431142513115,0,0,synthetic-v1,F16_default,786ddba614cca0b18e42a1f878450d559eb8ae0e389535813e5f1d8226f594e7,ff4006c,0.1.0,2026-05-26T14:42:34+00:00
2022-08-29,Mkt-RF,FF,0.995,0.010800451554283965,0.11947581772874408,0.19330119699772658,0,0,synthetic-v1,F16_default,786ddba614cca0b18e42a1f878450d559eb8ae0e389535813e5f1d8226f594e7,ff4006c,0.1.0,2026-05-26T14:42:34+00:00
2022-08-30,Mkt-RF,FF,0.99,-0.02169813818281047,0.09136281019214638,0.14835512264894252,0,0,synthetic-v1,F16_default,786ddba614cca0b18e42a1f878450d559eb8ae0e389535813e5f1d8226f594e7,ff4006c,0.1.0,2026-05-26T14:42:34+00:00
2022-08-30,Mkt-RF,FF,0.995,-0.02169813818281047,0.11949795376822986,0.19330200476361964,0,0,synthetic-v1,F16_default,786ddba614cca0b18e42a1f878450d559eb8ae0e389535813e5f1d8226f594e7,ff4006c,0.1.0,2026-05-26T14:42:34+00:00
2022-08-31,Mkt-RF,FF,0.99,0.014456447137927628,0.09140997466448712,0.1483492642094104,0,0,synthetic-v1,F16_default,786ddba614cca0b18e42a1f878450d559eb8ae0e389535813e5f1d8226f594e7,ff4006c,0.1.0,2026-05-26T14:42:34+00:00
2022-08-31,Mkt-RF,FF,0.995,0.014456447137927628,0.11957565899881713,0.19320312462431438,0,0,synthetic-v1,F16_default,786ddba614cca0b18e42a1f878450d559eb8ae0e389535813e5f1d8226f594e7,ff4006c,0.1.0,2026-05-26T14:42:34+00:00
2022-09-01,Mkt-RF,FF,0.99,0.003163112587251632,0.09149641109416431,0.14863639667311856,0,0,synthetic-v1,F16_default,786ddba614cca0b18e42a1f878450d559eb8ae0e389535813e5f1d8226f594e7,ff4006c,0.1.0,2026-05-26T14:42:34+00:00
2022-09-01,Mkt-RF,FF,0.995,0.003163112587251632,0.11960902960153055,0.19369962287012338,0,0,synthetic-v1,F16_default,786ddba614cca0b18e42a1f878450d559eb8ae0e389535813e5f1d8226f594e7,ff4006c,0.1.0,2026-05-26T14:42:34+00:00
2022-09-02,Mkt-RF,FF,0.99,-0.003106768080367051,0.08293186235373158,0.12987177574492903,0,0,synthetic-v1,F16_default,786ddba614cca0b18e42a1f878450d559eb8ae0e389535813e5f1d8226f594e7,ff4006c,0.1.0,2026-05-26T14:42:34+00:00
2022-09-02,Mkt-RF,FF,0.995,-0.003106768080367051,0.10686334860602043,0.16663107319450535,0,0,synthetic-v1,F16_default,786ddba614cca0b18e42a1f878450d559eb8ae0e389535813e5f1d8226f594e7,ff4006c,0.1.0,2026-05-26T14:42:34+00:00
2022-09-05,Mkt-RF,FF,0.99,0.002651394323706025,0.08268103283455405,0.1298815221666457,0,0,synthetic-v1,F16_default,786ddba614cca0b18e42a1f878450d559eb8ae0e389535813e5f1d8226f594e7,ff4006c,0.1.0,2026-05-26T14:42:34+00:00
2022-09-05,Mkt-RF,FF,0.995,0.002651394323706025,0.10670020630045346,0.16659593058768726,0,0,synthetic-v1,F16_default,786ddba614cca0b18e42a1f878450d559eb8ae0e389535813e5f1d8226f594e7,ff4006c,0.1.0,2026-05-26T14:42:34+00:00
2022-09-06,Mkt-RF,FF,0.99,0.02658306751029388,0.08269679948834967,0.12992819775289843,0,0,synthetic-v1,F16_default,786ddba614cca0b18e42a1f878450d559eb8ae0e389535813e5f1d8226f594e7,ff4006c,0.1.0,2026-05-26T14:42:34+00:00
2022-09-06,Mkt-RF,FF,0.995,0.02658306751029388,0.10662574813270154,0.16674383419837763,0,0,synthetic-v1,F16_default,786ddba614cca0b18e42a1f878450d559eb8ae0e389535813e5f1d8226f594e7,ff4006c,0.1.0,2026-05-26T14:42:34+00:00
2022-09-07,Mkt-RF,FF,0.99,0.024595577571469244,0.0826340042828678,0.12956385489956584,0,0,synthetic-v1,F16_default,786ddba614cca0b18e42a1f878450d559eb8ae0e389535813e5f1d8226f594e7,ff4006c,0.1.0,2026-05-26T14:42:34+00:00
2022-09-07,Mkt-RF,FF,0.995,0.024595577571469244,0.10668686158480735,0.16632957467063536,0,0,synthetic-v1,F16_default,786ddba614cca0b18e42a1f878450d559eb8ae0e389535813e5f1d8226f594e7,ff4006c,0.1.0,2026-05-26T14:42:34+00:00
2022-09-08,Mkt-RF,FF,0.99,-0.013861597808754643,0.08245685304448581,0.12962127379157143,0,0,synthetic-v1,F16_default,786ddba614cca0b18e42a1f878450d559eb8ae0e389535813e5f1d8226f594e7,ff4006c,0.1.0,2026-05-26T14:42:34+00:00
2022-09-08,Mkt-RF,FF,0.995,-0.013861597808754643,0.10648690257483195,0.16640226996552962,0,0,synthetic-v1,F16_default,786ddba614cca0b18e42a1f878450d559eb8ae0e389535813e5f1d8226f594e7,ff4006c,0.1.0,2026-05-26T14:42:34+00:00
2022-09-09,Mkt-RF,FF,0.99,-0.0037192848679097872,0.08274580695450223,0.12970565620300437,0,0,synthetic-v1,F16_default,786ddba614cca0b18e42a1f878450d559eb8ae0e389535813e5f1d8226f594e7,ff4006c,0.1.0,2026-05-26T14:42:34+00:00
2022-09-09,Mkt-RF,FF,0.995,-0.0037192848679097872,0.10663721120491167,0.1663098857684701,0,0,synthetic-v1,F16_default,786ddba614cca0b18e42a1f878450d559eb8ae0e389535813e5f1d8226f594e7,ff4006c,0.1.0,2026-05-26T14:42:34+00:00
2022-09-12,Mkt-RF,FF,0.99,-0.002835332021384183,0.08261347301878554,0.12971831597608396,0,0,synthetic-v1,F16_default,786ddba614cca0b18e42a1f878450d559eb8ae0e389535813e5f1d8226f594e7,ff4006c,0.1.0,2026-05-26T14:42:34+00:00
2022-09-12,Mkt-RF,FF,0.995,-0.002835332021384183,0.10652682722615114,0.16626636653607457,0,0,synthetic-v1,F16_default,786ddba614cca0b18e42a1f878450d559eb8ae0e389535813e5f1d8226f594e7,ff4006c,0.1.0,2026-05-26T14:42:34+00:00
2022-09-13,Mkt-RF,FF,0.99,0.009021091314898845,0.08263037522724315,0.12956384852044667,0,0,synthetic-v1,F16_default,786ddba614cca0b18e42a1f878450d559eb8ae0e389535813e5f1d8226f594e7,ff4006c,0.1.0,2026-05-26T14:42:34+00:00
2022-09-13,Mkt-RF,FF,0.995,0.009021091314898845,0.1062992466192088,0.16631387899838043,0,0,synthetic-v1,F16_default,786ddba614cca0b18e42a1f878450d559eb8ae0e389535813e5f1d8226f594e7,ff4006c,0.1.0,2026-05-26T14:42:34+00:00
2022-09-14,Mkt-RF,FF,0.99,0.01187984246635242,0.0825861225958752,0.12961279226193273,0,0,synthetic-v1,F16_default,786ddba614cca0b18e42a1f878450d559eb8ae0e389535813e5f1d8226f594e7,ff4006c,0.1.0,2026-05-26T14:42:34+00:00
2022-09-14,Mkt-RF,FF,0.995,0.01187984246635242,0.1063719783651352,0.16615905231702258,0,0,synthetic-v1,F16_default,786ddba614cca0b18e42a1f878450d559eb8ae0e389535813e5f1d8226f594e7,ff4006c,0.1.0,2026-05-26T14:42:34+00:00
2022-09-15,Mkt-RF,FF,0.99,-0.003328811357261963,0.08265003880698034,0.12953862282291703,0,0,synthetic-v1,F16_default,786ddba614cca0b18e42a1f878450d559eb8ae0e389535813e5f1d8226f594e7,ff4006c,0.1.0,2026-05-26T14:42:34+00:00
2022-09-15,Mkt-RF,FF,0.995,-0.003328811357261963,0.10639454680691698,0.16621649411124342,0,0,synthetic-v1,F16_default,786ddba614cca0b18e42a1f878450d559eb8ae0e389535813e5f1d8226f594e7,ff4006c,0.1.0,2026-05-26T14:42:34+00:00
2022-09-16,Mkt-RF,FF,0.99,-0.005213863379721074,0.08252803050456833,0.12947663674240922,0,0,synthetic-v1,F16_default,786ddba614cca0b18e42a1f878450d559eb8ae0e389535813e5f1d8226f594e7,ff4006c,0.1.0,2026-05-26T14:42:34+00:00
2022-09-16,Mkt-RF,FF,0.995,-0.005213863379721074,0.10646088473222752,0.1662217620194839,0,0,synthetic-v1,F16_default,786ddba614cca0b18e42a1f878450d559eb8ae0e389535813e5f1d8226f594e7,ff4006c,0.1.0,2026-05-26T14:42:34+00:00
2022-09-19,Mkt-RF,FF,0.99,-0.002189442061017833,0.08257836604591694,0.12939710956562694,0,0,synthetic-v1,F16_default,786ddba614cca0b18e42a1f878450d559eb8ae0e389535813e5f1d8226f594e7,ff4006c,0.1.0,2026-05-26T14:42:34+00:00
2022-09-19,Mkt-RF,FF,0.995,-0.002189442061017833,0.10644593223783308,0.16615214848350732,0,0,synthetic-v1,F16_default,786ddba614cca0b18e42a1f878450d559eb8ae0e389535813e5f1d8226f594e7,ff4006c,0.1.0,2026-05-26T14:42:34+00:00
2022-09-20,Mkt-RF,FF,0.99,-0.003368639375232239,0.08254885579442185,0.1296211753955453,0,0,synthetic-v1,F16_default,786ddba614cca0b18e42a1f878450d559eb8ae0e389535813e5f1d8226f594e7,ff4006c,0.1.0,2026-05-26T14:42:34+00:00
2022-09-20,Mkt-RF,FF,0.995,-0.003368639375232239,0.10644525378034339,0.1662582424915437,0,0,synthetic-v1,F16_default,786ddba614cca0b18e42a1f878450d559eb8ae0e389535813e5f1d8226f594e7,ff4006c,0.1.0,2026-05-26T14:42:34+00:00
2022-09-21,Mkt-RF,FF,0.99,0.010687239774221875,0.08248175611136002,0.12956679498819118,0,0,synthetic-v1,F16_default,786ddba614cca0b18e42a1f878450d559eb8ae0e389535813e5f1d8226f594e7,ff4006c,0.1.0,2026-05-26T14:42:34+00:00
2022-09-21,Mkt-RF,FF,0.995,0.010687239774221875,0.10634026316900402,0.16620608543665638,0,0,synthetic-v1,F16_default,786ddba614cca0b18e42a1f878450d559eb8ae0e389535813e5f1d8226f594e7,ff4006c,0.1.0,2026-05-26T14:42:34+00:00
2022-09-22,Mkt-RF,FF,0.99,-0.004584133041268566,0.08232088075942881,0.1294420053391966,0,0,synthetic-v1,F16_default,786ddba614cca0b18e42a1f878450d559eb8ae0e389535813e5f1d8226f594e7,ff4006c,0.1.0,2026-05-26T14:42:34+00:00
2022-09-22,Mkt-RF,FF,0.995,-0.004584133041268566,0.1061614163607289,0.16615479259621324,0,0,synthetic-v1,F16_default,786ddba614cca0b18e42a1f878450d559eb8ae0e389535813e5f1d8226f594e7,ff4006c,0.1.0,2026-05-26T14:42:34+00:00
2022-09-23,Mkt-RF,FF,0.99,-0.0064114021575317655,0.08237586414265827,0.12946785564659408,0,0,synthetic-v1,F16_default,786ddba614cca0b18e42a1f878450d559eb8ae0e389535813e5f1d8226f594e7,ff4006c,0.1.0,2026-05-26T14:42:34+00:00
2022-09-23,Mkt-RF,FF,0.995,-0.0064114021575317655,0.10643398953131966,0.1660863234402305,0,0,synthetic-v1,F16_default,786ddba614cca0b18e42a1f878450d559eb8ae0e389535813e5f1d8226f594e7,ff4006c,0.1.0,2026-05-26T14:42:34+00:00
2022-09-26,Mkt-RF,FF,0.99,0.015838460427521996,0.08236670171313201,0.12937347648187938,0,0,synthetic-v1,F16_default,786ddba614cca0b18e42a1f878450d559eb8ae0e389535813e5f1d8226f594e7,ff4006c,0.1.0,2026-05-26T14:42:34+00:00
2022-09-26,Mkt-RF,FF,0.995,0.015838460427521996,0.10626236879558906,0.1662834150075693,0,0,synthetic-v1,F16_default,786ddba614cca0b18e42a1f878450d559eb8ae0e389535813e5f1d8226f594e7,ff4006c,0.1.0,2026-05-26T14:42:34+00:00
2022-09-27,Mkt-RF,FF,0.99,0.008569409480764904,0.08307304658696506,0.131596662516353,0,0,synthetic-v1,F16_default,786ddba614cca0b18e42a1f878450d559eb8ae0e389535813e5f1d8226f594e7,ff4006c,0.1.0,2026-05-26T14:42:34+00:00
2022-09-27,Mkt-RF,FF,0.995,0.008569409480764904,0.1076629284157804,0.169453493784254,0,0,synthetic-v1,F16_default,786ddba614cca0b18e42a1f878450d559eb8ae0e389535813e5f1d8226f594e7,ff4006c,0.1.0,2026-05-26T14:42:34+00:00
2022-09-28,Mkt-RF,FF,0.99,0.0032749022576546126,0.0831407189243907,0.13160704257802186,0,0,synthetic-v1,F16_default,786ddba614cca0b18e42a1f878450d559eb8ae0e389535813e5f1d8226f594e7,ff4006c,0.1.0,2026-05-26T14:42:34+00:00
2022-09-28,Mkt-RF,FF,0.995,0.0032749022576546126,0.10747482265968084,0.1693838395131113,0,0,synthetic-v1,F16_default,786ddba614cca0b18e42a1f878450d559eb8ae0e389535813e5f1d8226f594e7,ff4006c,0.1.0,2026-05-26T14:42:34+00:00
2022-09-29,Mkt-RF,FF,0.99,0.011025179902017986,0.08309766785859787,0.13157160153638764,0,0,synthetic-v1,F16_default,786ddba614cca0b18e42a1f878450d559eb8ae0e389535813e5f1d8226f594e7,ff4006c,0.1.0,2026-05-26T14:42:34+00:00
2022-09-29,Mkt-RF,FF,0.995,0.011025179902017986,0.10760494157696428,0.16951448773033556,0,0,synthetic-v1,F16_default,786ddba614cca0b18e42a1f878450d559eb8ae0e389535813e5f1d8226f594e7,ff4006c,0.1.0,2026-05-26T14:42:34+00:00
2022-09-30,Mkt-RF,FF,0.99,0.01966547595507695,0.08317959293604174,0.1315332332038707,0,0,synthetic-v1,F16_default,786ddba614cca0b18e42a1f878450d559eb8ae0e389535813e5f1d8226f594e7,ff4006c,0.1.0,2026-05-26T14:42:34+00:00
2022-09-30,Mkt-RF,FF,0.995,0.01966547595507695,0.10742673641022167,0.16940768523951222,0,0,synthetic-v1,F16_default,786ddba614cca0b18e42a1f878450d559eb8ae0e389535813e5f1d8226f594e7,ff4006c,0.1.0,2026-05-26T14:42:34+00:00
2022-10-03,Mkt-RF,FF,0.99,0.01230761298058929,0.08366649049813939,0.13171152923332094,0,0,synthetic-v1,F16_default,786ddba614cca0b18e42a1f878450d559eb8ae0e389535813e5f1d8226f594e7,ff4006c,0.1.0,2026-05-26T14:42:34+00:00
2022-10-03,Mkt-RF,FF,0.995,0.01230761298058929,0.10773916114397186,0.16943216212686504,0,0,synthetic-v1,F16_default,786ddba614cca0b18e42a1f878450d559eb8ae0e389535813e5f1d8226f594e7,ff4006c,0.1.0,2026-05-26T14:42:34+00:00
2022-10-04,Mkt-RF,FF,0.99,0.005032533120912492,0.08347967201292153,0.13167608847361095,0,0,synthetic-v1,F16_default,786ddba614cca0b18e42a1f878450d559eb8ae0e389535813e5f1d8226f594e7,ff4006c,0.1.0,2026-05-26T14:42:34+00:00
2022-10-04,Mkt-RF,FF,0.995,0.005032533120912492,0.10761603979700565,0.16934539028119477,0,0,synthetic-v1,F16_default,786ddba614cca0b18e42a1f878450d559eb8ae0e389535813e5f1d8226f594e7,ff4006c,0.1.0,2026-05-26T14:42:34+00:00
2022-10-05,Mkt-RF,FF,0.99,0.018859306057307956,0.08328262086683257,0.131537947542204,0,0,synthetic-v1,F16_default,786ddba614cca0b18e42a1f878450d559eb8ae0e389535813e5f1d8226f594e7,ff4006c,0.1.0,2026-05-26T14:42:34+00:00
2022-10-05,Mkt-RF,FF,0.995,0.018859306057307956,0.10748577150724815,0.16925208778004303,0,0,synthetic-v1,F16_default,786ddba614cca0b18e42a1f878450d559eb8ae0e389535813e5f1d8226f594e7,ff4006c,0.1.0,2026-05-26T14:42:34+00:00
2022-10-06,Mkt-RF,FF,0.99,-0.008276679226313243,0.08328107485604991,0.131144645168859,0,0,synthetic-v1,F16_default,786ddba614cca0b18e42a1f878450d559eb8ae0e389535813e5f1d8226f594e7,ff4006c,0.1.0,2026-05-26T14:42:34+00:00
2022-10-06,Mkt-RF,FF,0.995,-0.008276679226313243,0.10738084072079387,0.16880543750069493,0,0,synthetic-v1,F16_default,786ddba614cca0b18e42a1f878450d559eb8ae0e389535813e5f1d8226f594e7,ff4006c,0.1.0,2026-05-26T14:42:34+00:00
2022-10-07,Mkt-RF,FF,0.99,0.009498675559610184,0.08324228516344027,0.1313086094572253,0,0,synthetic-v1,F16_default,786ddba614cca0b18e42a1f878450d559eb8ae0e389535813e5f1d8226f594e7,ff4006c,0.1.0,2026-05-26T14:42:34+00:00
2022-10-07,Mkt-RF,FF,0.995,0.009498675559610184,0.10744260806831381,0.16902116360067385,0,0,synthetic-v1,F16_default,786ddba614cca0b18e42a1f878450d559eb8ae0e389535813e5f1d8226f594e7,ff4006c,0.1.0,2026-05-26T14:42:34+00:00
2022-10-10,Mkt-RF,FF,0.99,-0.00622500223607905,0.08316787354731618,0.13130319593740014,0,0,synthetic-v1,F16_default,786ddba614cca0b18e42a1f878450d559eb8ae0e389535813e5f1d8226f594e7,ff4006c,0.1.0,2026-05-26T14:42:34+00:00
2022-10-10,Mkt-RF,FF,0.995,-0.00622500223607905,0.10737079742917831,0.16904612273710368,0,0,synthetic-v1,F16_default,786ddba614cca0b18e42a1f878450d559eb8ae0e389535813e5f1d8226f594e7,ff4006c,0.1.0,2026-05-26T14:42:34+00:00
2022-10-11,Mkt-RF,FF,0.99,0.004290894780114379,0.08320763972005908,0.1313568610598288,0,0,synthetic-v1,F16_default,786ddba614cca0b18e42a1f878450d559eb8ae0e389535813e5f1d8226f594e7,ff4006c,0.1.0,2026-05-26T14:42:34+00:00
2022-10-11,Mkt-RF,FF,0.995,0.004290894780114379,0.10744319028566034,0.16900958032895552,0,0,synthetic-v1,F16_default,786ddba614cca0b18e42a1f878450d559eb8ae0e389535813e5f1d8226f594e7,ff4006c,0.1.0,2026-05-26T14:42:34+00:00
2022-10-12,Mkt-RF,FF,0.99,-0.004982280994407354,0.08249071077897176,0.1310863622614084,0,0,synthetic-v1,F16_default,786ddba614cca0b18e42a1f878450d559eb8ae0e389535813e5f1d8226f594e7,ff4006c,0.1.0,2026-05-26T14:42:34+00:00
2022-10-12,Mkt-RF,FF,0.995,-0.004982280994407354,0.10701402266616322,0.16913841731485324,0,0,synthetic-v1,F16_default,786ddba614cca0b18e42a1f878450d559eb8ae0e389535813e5f1d8226f594e7,ff4006c,0.1.0,2026-05-26T14:42:34+00:00
2022-10-13,Mkt-RF,FF,0.99,0.0174116592702579,0.08375718890386703,0.13286698252267837,0,0,synthetic-v1,F16_default,786ddba614cca0b18e42a1f878450d559eb8ae0e389535813e5f1d8226f594e7,ff4006c,0.1.0,2026-05-26T14:42:34+00:00
2022-10-13,Mkt-RF,FF,0.995,0.0174116592702579,0.10836778213080095,0.171069891307194,0,0,synthetic-v1,F16_default,786ddba614cca0b18e42a1f878450d559eb8ae0e389535813e5f1d8226f594e7,ff4006c,0.1.0,2026-05-26T14:42:34+00:00
2022-10-14,Mkt-RF,FF,0.99,0.018206924497608055,0.0834541525160827,0.13227829132493224,0,0,synthetic-v1,F16_default,786ddba614cca0b18e42a1f878450d559eb8ae0e389535813e5f1d8226f594e7,ff4006c,0.1.0,2026-05-26T14:42:34+00:00
2022-10-14,Mkt-RF,FF,0.995,0.018206924497608055,0.10804486384528414,0.170508761481236,0,0,synthetic-v1,F16_default,786ddba614cca0b18e42a1f878450d559eb8ae0e389535813e5f1d8226f594e7,ff4006c,0.1.0,2026-05-26T14:42:34+00:00
2022-10-17,Mkt-RF,FF,0.99,0.011686979037338438,0.08186283883075257,0.13061178925854827,0,0,synthetic-v1,F16_default,786ddba614cca0b18e42a1f878450d559eb8ae0e389535813e5f1d8226f594e7,ff4006c,0.1.0,2026-05-26T14:42:34+00:00
2022-10-17,Mkt-RF,FF,0.995,0.011686979037338438,0.10649523724358034,0.16878458583815975,0,0,synthetic-v1,F16_default,786ddba614cca0b18e42a1f878450d559eb8ae0e389535813e5f1d8226f594e7,ff4006c,0.1.0,2026-05-26T14:42:34+00:00
2022-10-18,Mkt-RF,FF,0.99,0.012449602381926569,0.07864188901482261,0.12379797575183979,0,0,synthetic-v1,F16_default,786ddba614cca0b18e42a1f878450d559eb8ae0e389535813e5f1d8226f594e7,ff4006c,0.1.0,2026-05-26T14:42:34+00:00
2022-10-18,Mkt-RF,FF,0.995,0.012449602381926569,0.10174096822449152,0.15896997176132543,0,0,synthetic-v1,F16_default,786ddba614cca0b18e42a1f878450d559eb8ae0e389535813e5f1d8226f594e7,ff4006c,0.1.0,2026-05-26T14:42:34+00:00
2022-10-19,Mkt-RF,FF,0.99,-0.0008004455933056086,0.07832248690356734,0.12360933350285863,0,0,synthetic-v1,F16_default,786ddba614cca0b18e42a1f878450d559eb8ae0e389535813e5f1d8226f594e7,ff4006c,0.1.0,2026-05-26T14:42:34+00:00
2022-10-19,Mkt-RF,FF,0.995,-0.0008004455933056086,0.1014106873133056,0.15862673739559274,0,0,synthetic-v1,F16_default,786ddba614cca0b18e42a1f878450d559eb8ae0e389535813e5f1d8226f594e7,ff4006c,0.1.0,2026-05-26T14:42:34+00:00
2022-10-20,Mkt-RF,FF,0.99,0.010465631063536329,0.07826435171376112,0.12344339618710445,0,0,synthetic-v1,F16_default,786ddba614cca0b18e42a1f878450d559eb8ae0e389535813e5f1d8226f594e7,ff4006c,0.1.0,2026-05-26T14:42:34+00:00
2022-10-20,Mkt-RF,FF,0.995,0.010465631063536329,0.10128336142625666,0.15858775174076523,0,0,synthetic-v1,F16_default,786ddba614cca0b18e42a1f878450d559eb8ae0e389535813e5f1d8226f594e7,ff4006c,0.1.0,2026-05-26T14:42:34+00:00
2022-10-21,Mkt-RF,FF,0.99,-0.011622609463823578,0.07830908874878889,0.12299880524155399,0,0,synthetic-v1,F16_default,786ddba614cca0b18e42a1f878450d559eb8ae0e389535813e5f1d8226f594e7,ff4006c,0.1.0,2026-05-26T14:42:34+00:00
2022-10-21,Mkt-RF,FF,0.995,-0.011622609463823578,0.10096770679088746,0.15803928540695883,0,0,synthetic-v1,F16_default,786ddba614cca0b18e42a1f878450d559eb8ae0e389535813e5f1d8226f594e7,ff4006c,0.1.0,2026-05-26T14:42:34+00:00
2022-10-24,Mkt-RF,FF,0.99,0.017081557475412994,0.07810358959132288,0.12305518279251842,0,0,synthetic-v1,F16_default,786ddba614cca0b18e42a1f878450d559eb8ae0e389535813e5f1d8226f594e7,ff4006c,0.1.0,2026-05-26T14:42:34+00:00
2022-10-24,Mkt-RF,FF,0.995,0.017081557475412994,0.10085472942566474,0.15791400198535188,0,0,synthetic-v1,F16_default,786ddba614cca0b18e42a1f878450d559eb8ae0e389535813e5f1d8226f594e7,ff4006c,0.1.0,2026-05-26T14:42:34+00:00
2022-10-25,Mkt-RF,FF,0.99,0.004579133151077005,0.07791307185879233,0.12251239394135226,0,0,synthetic-v1,F16_default,786ddba614cca0b18e42a1f878450d559eb8ae0e389535813e5f1d8226f594e7,ff4006c,0.1.0,2026-05-26T14:42:34+00:00
2022-10-25,Mkt-RF,FF,0.995,0.004579133151077005,0.10056072351650716,0.1572656187264205,0,0,synthetic-v1,F16_default,786ddba614cca0b18e42a1f878450d559eb8ae0e389535813e5f1d8226f594e7,ff4006c,0.1.0,2026-05-26T14:42:34+00:00
2022-10-26,Mkt-RF,FF,0.99,-0.000365050247428177,0.07818235222324241,0.12250198077751571,0,0,synthetic-v1,F16_default,786ddba614cca0b18e42a1f878450d559eb8ae0e389535813e5f1d8226f594e7,ff4006c,0.1.0,2026-05-26T14:42:34+00:00
2022-10-26,Mkt-RF,FF,0.995,-0.000365050247428177,0.1007105228865938,0.15725883224793502,0,0,synthetic-v1,F16_default,786ddba614cca0b18e42a1f878450d559eb8ae0e389535813e5f1d8226f594e7,ff4006c,0.1.0,2026-05-26T14:42:34+00:00
2022-10-27,Mkt-RF,FF,0.99,-0.04139133911858911,0.07835120857937203,0.12337352233453626,0,0,synthetic-v1,F16_default,786ddba614cca0b18e42a1f878450d559eb8ae0e389535813e5f1d8226f594e7,ff4006c,0.1.0,2026-05-26T14:42:34+00:00
2022-10-27,Mkt-RF,FF,0.995,-0.04139133911858911,0.10118612155194752,0.1584784453894658,0,0,synthetic-v1,F16_default,786ddba614cca0b18e42a1f878450d559eb8ae0e389535813e5f1d8226f594e7,ff4006c,0.1.0,2026-05-26T14:42:34+00:00
2022-10-28,Mkt-RF,FF,0.99,-0.011837022235778817,0.07865943862452353,0.12337055147663054,0,0,synthetic-v1,F16_default,786ddba614cca0b18e42a1f878450d559eb8ae0e389535813e5f1d8226f594e7,ff4006c,0.1.0,2026-05-26T14:42:34+00:00
2022-10-28,Mkt-RF,FF,0.995,-0.011837022235778817,0.10133175104978373,0.15831566172003622,0,0,synthetic-v1,F16_default,786ddba614cca0b18e42a1f878450d559eb8ae0e389535813e5f1d8226f594e7,ff4006c,0.1.0,2026-05-26T14:42:34+00:00
2022-10-31,Mkt-RF,FF,0.99,0.019812206253568065,0.07839150406215564,0.12323226522101824,0,0,synthetic-v1,F16_default,786ddba614cca0b18e42a1f878450d559eb8ae0e389535813e5f1d8226f594e7,ff4006c,0.1.0,2026-05-26T14:42:34+00:00
2022-10-31,Mkt-RF,FF,0.995,0.019812206253568065,0.10129468456557435,0.1582230446520431,0,0,synthetic-v1,F16_default,786ddba614cca0b18e42a1f878450d559eb8ae0e389535813e5f1d8226f594e7,ff4006c,0.1.0,2026-05-26T14:42:34+00:00
2022-11-01,Mkt-RF,FF,0.99,0.020866106844509853,0.07761458948736662,0.122648195666661,0,0,synthetic-v1,F16_default,786ddba614cca0b18e42a1f878450d559eb8ae0e389535813e5f1d8226f594e7,ff4006c,0.1.0,2026-05-26T14:42:34+00:00
2022-11-01,Mkt-RF,FF,0.995,0.020866106844509853,0.10033708678768052,0.1578586656739708,0,0,synthetic-v1,F16_default,786ddba614cca0b18e42a1f878450d559eb8ae0e389535813e5f1d8226f594e7,ff4006c,0.1.0,2026-05-26T14:42:34+00:00
2022-11-02,Mkt-RF,FF,0.99,0.009329017863021809,0.0766986200188319,0.12106235728571252,0,0,synthetic-v1,F16_default,786ddba614cca0b18e42a1f878450d559eb8ae0e389535813e5f1d8226f594e7,ff4006c,0.1.0,2026-05-26T14:42:34+00:00
2022-11-02,Mkt-RF,FF,0.995,0.009329017863021809,0.09928764522090176,0.15563106791685719,0,0,synthetic-v1,F16_default,786ddba614cca0b18e42a1f878450d559eb8ae0e389535813e5f1d8226f594e7,ff4006c,0.1.0,2026-05-26T14:42:34+00:00
2022-11-03,Mkt-RF,FF,0.99,-0.007598183794088672,0.07666241894091791,0.12087780246541564,0,0,synthetic-v1,F16_default,786ddba614cca0b18e42a1f878450d559eb8ae0e389535813e5f1d8226f594e7,ff4006c,0.1.0,2026-05-26T14:42:34+00:00
2022-11-03,Mkt-RF,FF,0.995,-0.007598183794088672,0.09902389455421952,0.1555961487079808,0,0,synthetic-v1,F16_default,786ddba614cca0b18e42a1f878450d559eb8ae0e389535813e5f1d8226f594e7,ff4006c,0.1.0,2026-05-26T14:42:34+00:00
2022-11-04,Mkt-RF,FF,0.99,0.0017468384243629655,0.07674755809658843,0.12100459852233006,0,0,synthetic-v1,F16_default,786ddba614cca0b18e42a1f878450d559eb8ae0e389535813e5f1d8226f594e7,ff4006c,0.1.0,2026-05-26T14:42:34+00:00
2022-11-04,Mkt-RF,FF,0.995,0.0017468384243629655,0.09945644010811873,0.1555621602311384,0,0,synthetic-v1,F16_default,786ddba614cca0b18e42a1f878450d559eb8ae0e389535813e5f1d8226f594e7,ff4006c,0.1.0,2026-05-26T14:42:34+00:00
2022-11-07,Mkt-RF,FF,0.99,-0.017564811915181534,0.0766056149969106,0.1210633294624712,0,0,synthetic-v1,F16_default,786ddba614cca0b18e42a1f878450d559eb8ae0e389535813e5f1d8226f594e7,ff4006c,0.1.0,2026-05-26T14:42:34+00:00
2022-11-07,Mkt-RF,FF,0.995,-0.017564811915181534,0.09938888720494181,0.15554959022978915,0,0,synthetic-v1,F16_default,786ddba614cca0b18e42a1f878450d559eb8ae0e389535813e5f1d8226f594e7,ff4006c,0.1.0,2026-05-26T14:42:34+00:00
2022-11-08,Mkt-RF,FF,0.99,-0.016142349069745748,0.07729755082819181,0.12168940580575151,0,0,synthetic-v1,F16_default,786ddba614cca0b18e42a1f878450d559eb8ae0e389535813e5f1d8226f594e7,ff4006c,0.1.0,2026-05-26T14:42:34+00:00
2022-11-08,Mkt-RF,FF,0.995,-0.016142349069745748,0.10010598156234791,0.1563447966117713,0,0,synthetic-v1,F16_default,786ddba614cca0b18e42a1f878450d559eb8ae0e389535813e5f1d8226f594e7,ff4006c,0.1.0,2026-05-26T14:42:34+00:00
2022-11-09,Mkt-RF,FF,0.99,0.000685970944445145,0.07726321316756396,0.1218233430580217,0,0,synthetic-v1,F16_default,786ddba614cca0b18e42a1f878450d559eb8ae0e389535813e5f1d8226f594e7,ff4006c,0.1.0,2026-05-26T14:42:34+00:00
2022-11-09,Mkt-RF,FF,0.995,0.000685970944445145,0.0999759059467045,0.1565213986778225,0,0,synthetic-v1,F16_default,786ddba614cca0b18e42a1f878450d559eb8ae0e389535813e5f1d8226f594e7,ff4006c,0.1.0,2026-05-26T14:42:34+00:00
2022-11-10,Mkt-RF,FF,0.99,0.017325446614342974,0.07310504781486503,0.11305191058271416,0,0,synthetic-v1,F16_default,786ddba614cca0b18e42a1f878450d559eb8ae0e389535813e5f1d8226f594e7,ff4006c,0.1.0,2026-05-26T14:42:34+00:00
2022-11-10,Mkt-RF,FF,0.995,0.017325446614342974,0.09334376016580123,0.14408535773874875,0,0,synthetic-v1,F16_default,786ddba614cca0b18e42a1f878450d559eb8ae0e389535813e5f1d8226f594e7,ff4006c,0.1.0,2026-05-26T14:42:34+00:00
2022-11-11,Mkt-RF,FF,0.99,-0.005203358771149377,0.07357001189687974,0.11439054227373746,0,0,synthetic-v1,F16_default,786ddba614cca0b18e42a1f878450d559eb8ae0e389535813e5f1d8226f594e7,ff4006c,0.1.0,2026-05-26T14:42:34+00:00
2022-11-11,Mkt-RF,FF,0.995,-0.005203358771149377,0.09472678909197949,0.14604652152087744,0,0,synthetic-v1,F16_default,786ddba614cca0b18e42a1f878450d559eb8ae0e389535813e5f1d8226f594e7,ff4006c,0.1.0,2026-05-26T14:42:34+00:00
2022-11-14,Mkt-RF,FF,0.99,-0.002045861638959065,0.0736316592898905,0.11461979648280128,0,0,synthetic-v1,F16_default,786ddba614cca0b18e42a1f878450d559eb8ae0e389535813e5f1d8226f594e7,ff4006c,0.1.0,2026-05-26T14:42:34+00:00
2022-11-14,Mkt-RF,FF,0.995,-0.002045861638959065,0.09477556353552824,0.14637069985314508,0,0,synthetic-v1,F16_default,786ddba614cca0b18e42a1f878450d559eb8ae0e389535813e5f1d8226f594e7,ff4006c,0.1.0,2026-05-26T14:42:34+00:00
2022-11-15,Mkt-RF,FF,0.99,0.03875202643917726,0.07385500474680447,0.11477621321710843,0,0,synthetic-v1,F16_default,786ddba614cca0b18e42a1f878450d559eb8ae0e389535813e5f1d8226f594e7,ff4006c,0.1.0,2026-05-26T14:42:34+00:00
2022-11-15,Mkt-RF,FF,0.995,0.03875202643917726,0.09490259935045686,0.14650918866787827,0,0,synthetic-v1,F16_default,786ddba614cca0b18e42a1f878450d559eb8ae0e389535813e5f1d8226f594e7,ff4006c,0.1.0,2026-05-26T14:42:34+00:00
2022-11-16,Mkt-RF,FF,0.99,-0.014550309674553738,0.0743556803906128,0.11441052670275989,0,0,synthetic-v1,F16_default,786ddba614cca0b18e42a1f878450d559eb8ae0e389535813e5f1d8226f594e7,ff4006c,0.1.0,2026-05-26T14:42:34+00:00
2022-11-16,Mkt-RF,FF,0.995,-0.014550309674553738,0.09511509418418453,0.14540639818436912,0,0,synthetic-v1,F16_default,786ddba614cca0b18e42a1f878450d559eb8ae0e389535813e5f1d8226f594e7,ff4006c,0.1.0,2026-05-26T14:42:34+00:00
2022-11-17,Mkt-RF,FF,0.99,0.002896506026898775,0.07371300909002985,0.11361288877556006,0,0,synthetic-v1,F16_default,786ddba614cca0b18e42a1f878450d559eb8ae0e389535813e5f1d8226f594e7,ff4006c,0.1.0,2026-05-26T14:42:34+00:00
2022-11-17,Mkt-RF,FF,0.995,0.002896506026898775,0.09444597155931346,0.14458718111904892,0,0,synthetic-v1,F16_default,786ddba614cca0b18e42a1f878450d559eb8ae0e389535813e5f1d8226f594e7,ff4006c,0.1.0,2026-05-26T14:42:34+00:00
2022-11-18,Mkt-RF,FF,0.99,-0.005682042042847233,0.07423229057194353,0.1141103471797551,0,0,synthetic-v1,F16_default,786ddba614cca0b18e42a1f878450d559eb8ae0e389535813e5f1d8226f594e7,ff4006c,0.1.0,2026-05-26T14:42:34+00:00
2022-11-18,Mkt-RF,FF,0.995,-0.005682042042847233,0.09493292330569597,0.14514963006563114,0,0,synthetic-v1,F16_default,786ddba614cca0b18e42a1f878450d559eb8ae0e389535813e5f1d8226f594e7,ff4006c,0.1.0,2026-05-26T14:42:34+00:00
2022-11-21,Mkt-RF,FF,0.99,0.012013067682687622,0.07418942035281004,0.11458035691461449,0,0,synthetic-v1,F16_default,786ddba614cca0b18e42a1f878450d559eb8ae0e389535813e5f1d8226f594e7,ff4006c,0.1.0,2026-05-26T14:42:34+00:00
2022-11-21,Mkt-RF,FF,0.995,0.012013067682687622,0.09502382967090003,0.14572540392379105,0,0,synthetic-v1,F16_default,786ddba614cca0b18e42a1f878450d559eb8ae0e389535813e5f1d8226f594e7,ff4006c,0.1.0,2026-05-26T14:42:34+00:00
2022-11-22,Mkt-RF,FF,0.99,-0.013033646741437843,0.07419927081723633,0.11442177886102028,0,0,synthetic-v1,F16_default,786ddba614cca0b18e42a1f878450d559eb8ae0e389535813e5f1d8226f594e7,ff4006c,0.1.0,2026-05-26T14:42:34+00:00
2022-11-22,Mkt-RF,FF,0.995,-0.013033646741437843,0.09503841977537561,0.14562202166993057,0,0,synthetic-v1,F16_default,786ddba614cca0b18e42a1f878450d559eb8ae0e389535813e5f1d8226f594e7,ff4006c,0.1.0,2026-05-26T14:42:34+00:00
2022-11-23,Mkt-RF,FF,0.99,-0.0018889724414525764,0.0741233326908345,0.11435364000071643,0,0,synthetic-v1,F16_default,786ddba614cca0b18e42a1f878450d559eb8ae0e389535813e5f1d8226f594e7,ff4006c,0.1.0,2026-05-26T14:42:34+00:00
2022-11-23,Mkt-RF,FF,0.995,-0.0018889724414525764,0.09486651648380226,0.14549000828066924,0,0,synthetic-v1,F16_default,786ddba614cca0b18e42a1f878450d559eb8ae0e389535813e5f1d8226f594e7,ff4006c,0.1.0,2026-05-26T14:42:34+00:00
2022-11-24,Mkt-RF,FF,0.99,-0.0012893832546269064,0.07415802468642987,0.1142613701805079,0,0,synthetic-v1,F16_default,786ddba614cca0b18e42a1f878450d559eb8ae0e389535813e5f1d8226f594e7,ff4006c,0.1.0,2026-05-26T14:42:34+00:00
2022-11-24,Mkt-RF,FF,0.995,-0.0012893832546269064,0.09487054038189113,0.1454129984870608,0,0,synthetic-v1,F16_default,786ddba614cca0b18e42a1f878450d559eb8ae0e389535813e5f1d8226f594e7,ff4006c,0.1.0,2026-05-26T14:42:34+00:00
2022-11-25,Mkt-RF,FF,0.99,0.010808234775568387,0.07416875130386533,0.11437763588122064,0,0,synthetic-v1,F16_default,786ddba614cca0b18e42a1f878450d559eb8ae0e389535813e5f1d8226f594e7,ff4006c,0.1.0,2026-05-26T14:42:34+00:00
2022-11-25,Mkt-RF,FF,0.995,0.010808234775568387,0.09502146880587382,0.14546853163894102,0,0,synthetic-v1,F16_default,786ddba614cca0b18e42a1f878450d559eb8ae0e389535813e5f1d8226f594e7,ff4006c,0.1.0,2026-05-26T14:42:34+00:00
2022-11-28,Mkt-RF,FF,0.99,0.012403759863898372,0.07415126735407693,0.11431957255706467,0,0,synthetic-v1,F16_default,786ddba614cca0b18e42a1f878450d559eb8ae0e389535813e5f1d8226f594e7,ff4006c,0.1.0,2026-05-26T14:42:34+00:00
2022-11-28,Mkt-RF,FF,0.995,0.012403759863898372,0.09478860307779668,0.14533703429306777,0,0,synthetic-v1,F16_default,786ddba614cca0b18e42a1f878450d559eb8ae0e389535813e5f1d8226f594e7,ff4006c,0.1.0,2026-05-26T14:42:34+00:00
2022-11-29,Mkt-RF,FF,0.99,0.009068925352742119,0.0740117270865053,0.11411654283552067,0,0,synthetic-v1,F16_default,786ddba614cca0b18e42a1f878450d559eb8ae0e389535813e5f1d8226f594e7,ff4006c,0.1.0,2026-05-26T14:42:34+00:00
2022-11-29,Mkt-RF,FF,0.995,0.009068925352742119,0.0947412419297171,0.14516553176900876,0,0,synthetic-v1,F16_default,786ddba614cca0b18e42a1f878450d559eb8ae0e389535813e5f1d8226f594e7,ff4006c,0.1.0,2026-05-26T14:42:34+00:00
2022-11-30,Mkt-RF,FF,0.99,-0.012124270868286557,0.0735229814960675,0.11348330732759003,0,0,synthetic-v1,F16_default,786ddba614cca0b18e42a1f878450d559eb8ae0e389535813e5f1d8226f594e7,ff4006c,0.1.0,2026-05-26T14:42:34+00:00
2022-11-30,Mkt-RF,FF,0.995,-0.012124270868286557,0.0942400578939634,0.1443111048387203,0,0,synthetic-v1,F16_default,786ddba614cca0b18e42a1f878450d559eb8ae0e389535813e5f1d8226f594e7,ff4006c,0.1.0,2026-05-26T14:42:34+00:00
2022-12-01,Mkt-RF,FF,0.99,0.0041062881188234064,0.07384032103236415,0.11382973778659383,0,0,synthetic-v1,F16_default,786ddba614cca0b18e42a1f878450d559eb8ae0e389535813e5f1d8226f594e7,ff4006c,0.1.0,2026-05-26T14:42:34+00:00
2022-12-01,Mkt-RF,FF,0.995,0.0041062881188234064,0.09462199836374037,0.1447593340903565,0,0,synthetic-v1,F16_default,786ddba614cca0b18e42a1f878450d559eb8ae0e389535813e5f1d8226f594e7,ff4006c,0.1.0,2026-05-26T14:42:34+00:00
2022-12-02,Mkt-RF,FF,0.99,-0.006790481717956964,0.07392732299500067,0.11374047654333763,0,0,synthetic-v1,F16_default,786ddba614cca0b18e42a1f878450d559eb8ae0e389535813e5f1d8226f594e7,ff4006c,0.1.0,2026-05-26T14:42:34+00:00
2022-12-02,Mkt-RF,FF,0.995,-0.006790481717956964,0.09452305953329308,0.14479065489570161,0,0,synthetic-v1,F16_default,786ddba614cca0b18e42a1f878450d559eb8ae0e389535813e5f1d8226f594e7,ff4006c,0.1.0,2026-05-26T14:42:34+00:00
2022-12-05,Mkt-RF,FF,0.99,-0.011837632081365615,0.07343566775862088,0.11322885152891357,0,0,synthetic-v1,F16_default,786ddba614cca0b18e42a1f878450d559eb8ae0e389535813e5f1d8226f594e7,ff4006c,0.1.0,2026-05-26T14:42:34+00:00
2022-12-05,Mkt-RF,FF,0.995,-0.011837632081365615,0.09397503907384877,0.143958068670627,0,0,synthetic-v1,F16_default,786ddba614cca0b18e42a1f878450d559eb8ae0e389535813e5f1d8226f594e7,ff4006c,0.1.0,2026-05-26T14:42:34+00:00
2022-12-06,Mkt-RF,FF,0.99,0.003322112464714459,0.07356488556698101,0.11340562610240786,0,0,synthetic-v1,F16_default,786ddba614cca0b18e42a1f878450d559eb8ae0e389535813e5f1d8226f594e7,ff4006c,0.1.0,2026-05-26T14:42:34+00:00
2022-12-06,Mkt-RF,FF,0.995,0.003322112464714459,0.09404715752337474,0.14430945344653698,0,0,synthetic-v1,F16_default,786ddba614cca0b18e42a1f878450d559eb8ae0e389535813e5f1d8226f594e7,ff4006c,0.1.0,2026-05-26T14:42:34+00:00
2022-12-07,Mkt-RF,FF,0.99,0.010471612717645747,0.07348886967932754,0.11341236788178091,0,0,synthetic-v1,F16_default,786ddba614cca0b18e42a1f878450d559eb8ae0e389535813e5f1d8226f594e7,ff4006c,0.1.0,2026-05-26T14:42:34+00:00
2022-12-07,Mkt-RF,FF,0.995,0.010471612717645747,0.0941589405456984,0.1441463914547084,0,0,synthetic-v1,F16_default,786ddba614cca0b18e42a1f878450d559eb8ae0e389535813e5f1d8226f594e7,ff4006c,0.1.0,2026-05-26T14:42:34+00:00
2022-12-08,Mkt-RF,FF,0.99,-0.026024445392271185,0.06527849333876937,0.09768675103330637,0,0,synthetic-v1,F16_default,786ddba614cca0b18e42a1f878450d559eb8ae0e389535813e5f1d8226f594e7,ff4006c,0.1.0,2026-05-26T14:42:34+00:00
2022-12-08,Mkt-RF,FF,0.995,-0.026024445392271185,0.08237442856390136,0.12266389877096012,0,0,synthetic-v1,F16_default,786ddba614cca0b18e42a1f878450d559eb8ae0e389535813e5f1d8226f594e7,ff4006c,0.1.0,2026-05-26T14:42:34+00:00
2022-12-09,Mkt-RF,FF,0.99,0.012401459887574212,0.0662880597179683,0.0989928430185832,0,0,synthetic-v1,F16_default,786ddba614cca0b18e42a1f878450d559eb8ae0e389535813e5f1d8226f594e7,ff4006c,0.1.0,2026-05-26T14:42:34+00:00
2022-12-09,Mkt-RF,FF,0.995,0.012401459887574212,0.08345645822538059,0.12395275989152449,0,0,synthetic-v1,F16_default,786ddba614cca0b18e42a1f878450d559eb8ae0e389535813e5f1d8226f594e7,ff4006c,0.1.0,2026-05-26T14:42:34+00:00
2022-12-12,Mkt-RF,FF,0.99,-0.0027118264550097886,0.06602129930558769,0.09850299145610628,0,0,synthetic-v1,F16_default,786ddba614cca0b18e42a1f878450d559eb8ae0e389535813e5f1d8226f594e7,ff4006c,0.1.0,2026-05-26T14:42:34+00:00
2022-12-12,Mkt-RF,FF,0.995,-0.0027118264550097886,0.08313182445255264,0.12347882796341239,0,0,synthetic-v1,F16_default,786ddba614cca0b18e42a1f878450d559eb8ae0e389535813e5f1d8226f594e7,ff4006c,0.1.0,2026-05-26T14:42:34+00:00
2022-12-13,Mkt-RF,FF,0.99,0.011581700722736697,0.06794661330452473,0.10058680077549752,0,0,synthetic-v1,F16_default,786ddba614cca0b18e42a1f878450d559eb8ae0e389535813e5f1d8226f594e7,ff4006c,0.1.0,2026-05-26T14:42:34+00:00
2022-12-13,Mkt-RF,FF,0.995,0.011581700722736697,0.08534067472377334,0.1256159782308689,0,0,synthetic-v1,F16_default,786ddba614cca0b18e42a1f878450d559eb8ae0e389535813e5f1d8226f594e7,ff4006c,0.1.0,2026-05-26T14:42:34+00:00
2022-12-14,Mkt-RF,FF,0.99,-0.004848694849861312,0.068111586891284,0.10062725008394977,0,0,synthetic-v1,F16_default,786ddba614cca0b18e42a1f878450d559eb8ae0e389535813e5f1d8226f594e7,ff4006c,0.1.0,2026-05-26T14:42:34+00:00
2022-12-14,Mkt-RF,FF,0.995,-0.004848694849861312,0.0853086280551123,0.1256497635633119,0,0,synthetic-v1,F16_default,786ddba614cca0b18e42a1f878450d559eb8ae0e389535813e5f1d8226f594e7,ff4006c,0.1.0,2026-05-26T14:42:34+00:00
2022-12-15,Mkt-RF,FF,0.99,0.0023678644449633707,0.06800008138045063,0.10074320270701162,0,0,synthetic-v1,F16_default,786ddba614cca0b18e42a1f878450d559eb8ae0e389535813e5f1d8226f594e7,ff4006c,0.1.0,2026-05-26T14:42:34+00:00
2022-12-15,Mkt-RF,FF,0.995,0.0023678644449633707,0.08538629010529114,0.1258092160407773,0,0,synthetic-v1,F16_default,786ddba614cca0b18e42a1f878450d559eb8ae0e389535813e5f1d8226f594e7,ff4006c,0.1.0,2026-05-26T14:42:34+00:00
2022-12-16,Mkt-RF,FF,0.99,0.00876311806698006,0.06796639186159711,0.10088775084994175,0,0,synthetic-v1,F16_default,786ddba614cca0b18e42a1f878450d559eb8ae0e389535813e5f1d8226f594e7,ff4006c,0.1.0,2026-05-26T14:42:34+00:00
2022-12-16,Mkt-RF,FF,0.995,0.00876311806698006,0.08538574975171112,0.12602003128462996,0,0,synthetic-v1,F16_default,786ddba614cca0b18e42a1f878450d559eb8ae0e389535813e5f1d8226f594e7,ff4006c,0.1.0,2026-05-26T14:42:34+00:00
2022-12-19,Mkt-RF,FF,0.99,0.02000127377536909,0.06792688813130676,0.1009279833131605,0,0,synthetic-v1,F16_default,786ddba614cca0b18e42a1f878450d559eb8ae0e389535813e5f1d8226f594e7,ff4006c,0.1.0,2026-05-26T14:42:34+00:00
2022-12-19,Mkt-RF,FF,0.995,0.02000127377536909,0.08547259073800594,0.12627168554170798,0,0,synthetic-v1,F16_default,786ddba614cca0b18e42a1f878450d559eb8ae0e389535813e5f1d8226f594e7,ff4006c,0.1.0,2026-05-26T14:42:34+00:00
2022-12-20,Mkt-RF,FF,0.99,0.010884973537413311,0.068201744465834,0.10120925306019221,0,0,synthetic-v1,F16_default,786ddba614cca0b18e42a1f878450d559eb8ae0e389535813e5f1d8226f594e7,ff4006c,0.1.0,2026-05-26T14:42:34+00:00
2022-12-20,Mkt-RF,FF,0.995,0.010884973537413311,0.0855420700469174,0.1266747100047414,0,0,synthetic-v1,F16_default,786ddba614cca0b18e42a1f878450d559eb8ae0e389535813e5f1d8226f594e7,ff4006c,0.1.0,2026-05-26T14:42:34+00:00
2022-12-21,Mkt-RF,FF,0.99,-0.017860049772451515,0.06792040012422931,0.10095960364855133,0,0,synthetic-v1,F16_default,786ddba614cca0b18e42a1f878450d559eb8ae0e389535813e5f1d8226f594e7,ff4006c,0.1.0,2026-05-26T14:42:34+00:00
2022-12-21,Mkt-RF,FF,0.995,-0.017860049772451515,0.08565850462955014,0.1262008482961203,0,0,synthetic-v1,F16_default,786ddba614cca0b18e42a1f878450d559eb8ae0e389535813e5f1d8226f594e7,ff4006c,0.1.0,2026-05-26T14:42:34+00:00
2022-12-22,Mkt-RF,FF,0.99,0.01919010225328875,0.06815326291829253,0.1010873570375608,0,0,synthetic-v1,F16_default,786ddba614cca0b18e42a1f878450d559eb8ae0e389535813e5f1d8226f594e7,ff4006c,0.1.0,2026-05-26T14:42:34+00:00
2022-12-22,Mkt-RF,FF,0.995,0.01919010225328875,0.08531330460748217,0.1264410551158881,0,0,synthetic-v1,F16_default,786ddba614cca0b18e42a1f878450d559eb8ae0e389535813e5f1d8226f594e7,ff4006c,0.1.0,2026-05-26T14:42:34+00:00
2022-12-23,Mkt-RF,FF,0.99,0.006887964972361938,0.06793148110645941,0.10108826746826746,0,0,synthetic-v1,F16_default,786ddba614cca0b18e42a1f878450d559eb8ae0e389535813e5f1d8226f594e7,ff4006c,0.1.0,2026-05-26T14:42:34+00:00
2022-12-23,Mkt-RF,FF,0.995,0.006887964972361938,0.08547093072005166,0.12636671426065177,0,0,synthetic-v1,F16_default,786ddba614cca0b18e42a1f878450d559eb8ae0e389535813e5f1d8226f594e7,ff4006c,0.1.0,2026-05-26T14:42:34+00:00
2022-12-26,Mkt-RF,FF,0.99,0.009588853770052051,0.06811949946696313,0.10098071690991352,0,0,synthetic-v1,F16_default,786ddba614cca0b18e42a1f878450d559eb8ae0e389535813e5f1d8226f594e7,ff4006c,0.1.0,2026-05-26T14:42:34+00:00
2022-12-26,Mkt-RF,FF,0.995,0.009588853770052051,0.08550293745214187,0.12640230056372592,0,0,synthetic-v1,F16_default,786ddba614cca0b18e42a1f878450d559eb8ae0e389535813e5f1d8226f594e7,ff4006c,0.1.0,2026-05-26T14:42:34+00:00
2022-12-27,Mkt-RF,FF,0.99,0.015523154738598588,0.06520751141755812,0.09627922445069038,0,0,synthetic-v1,F16_default,786ddba614cca0b18e42a1f878450d559eb8ae0e389535813e5f1d8226f594e7,ff4006c,0.1.0,2026-05-26T14:42:34+00:00
2022-12-27,Mkt-RF,FF,0.995,0.015523154738598588,0.08170047749928244,0.1200966842343444,0,0,synthetic-v1,F16_default,786ddba614cca0b18e42a1f878450d559eb8ae0e389535813e5f1d8226f594e7,ff4006c,0.1.0,2026-05-26T14:42:34+00:00
2022-12-28,Mkt-RF,FF,0.99,5.384298577426681e-05,0.06503281336735128,0.09597631819910321,0,0,synthetic-v1,F16_default,786ddba614cca0b18e42a1f878450d559eb8ae0e389535813e5f1d8226f594e7,ff4006c,0.1.0,2026-05-26T14:42:34+00:00
2022-12-28,Mkt-RF,FF,0.995,5.384298577426681e-05,0.08159333418538417,0.11982324662778272,0,0,synthetic-v1,F16_default,786ddba614cca0b18e42a1f878450d559eb8ae0e389535813e5f1d8226f594e7,ff4006c,0.1.0,2026-05-26T14:42:34+00:00
2022-12-29,Mkt-RF,FF,0.99,0.0009239661880486643,0.06517838300169618,0.09614242621754053,0,0,synthetic-v1,F16_default,786ddba614cca0b18e42a1f878450d559eb8ae0e389535813e5f1d8226f594e7,ff4006c,0.1.0,2026-05-26T14:42:34+00:00
2022-12-29,Mkt-RF,FF,0.995,0.0009239661880486643,0.08176015910882403,0.12002864645598804,0,0,synthetic-v1,F16_default,786ddba614cca0b18e42a1f878450d559eb8ae0e389535813e5f1d8226f594e7,ff4006c,0.1.0,2026-05-26T14:42:34+00:00
2022-12-30,Mkt-RF,FF,0.99,0.0018272604846000145,0.06507403637691955,0.09618154185748903,0,0,synthetic-v1,F16_default,786ddba614cca0b18e42a1f878450d559eb8ae0e389535813e5f1d8226f594e7,ff4006c,0.1.0,2026-05-26T14:42:34+00:00
2022-12-30,Mkt-RF,FF,0.995,0.0018272604846000145,0.08176690408278317,0.12008511677169845,0,0,synthetic-v1,F16_default,786ddba614cca0b18e42a1f878450d559eb8ae0e389535813e5f1d8226f594e7,ff4006c,0.1.0,2026-05-26T14:42:34+00:00
2023-01-02,Mkt-RF,FF,0.99,0.0004229360887747062,0.06523438669929035,0.09650834095965621,0,0,synthetic-v1,F16_default,786ddba614cca0b18e42a1f878450d559eb8ae0e389535813e5f1d8226f594e7,ff4006c,0.1.0,2026-05-26T14:42:34+00:00
2023-01-02,Mkt-RF,FF,0.995,0.0004229360887747062,0.08183362335880927,0.12031856845823946,0,0,synthetic-v1,F16_default,786ddba614cca0b18e42a1f878450d559eb8ae0e389535813e5f1d8226f594e7,ff4006c,0.1.0,2026-05-26T14:42:34+00:00
2023-01-03,Mkt-RF,FF,0.99,0.0070003651964529075,0.06508214281219406,0.09611947035590963,0,0,synthetic-v1,F16_default,786ddba614cca0b18e42a1f878450d559eb8ae0e389535813e5f1d8226f594e7,ff4006c,0.1.0,2026-05-26T14:42:34+00:00
2023-01-03,Mkt-RF,FF,0.995,0.0070003651964529075,0.08187101174213837,0.11998193116609482,0,0,synthetic-v1,F16_default,786ddba614cca0b18e42a1f878450d559eb8ae0e389535813e5f1d8226f594e7,ff4006c,0.1.0,2026-05-26T14:42:34+00:00
2023-01-04,Mkt-RF,FF,0.99,0.011039138498486064,0.06500553738584469,0.09610925734681397,0,0,synthetic-v1,F16_default,786ddba614cca0b18e42a1f878450d559eb8ae0e389535813e5f1d8226f594e7,ff4006c,0.1.0,2026-05-26T14:42:34+00:00
2023-01-04,Mkt-RF,FF,0.995,0.011039138498486064,0.08155669240395323,0.11995039472207653,0,0,synthetic-v1,F16_default,786ddba614cca0b18e42a1f878450d559eb8ae0e389535813e5f1d8226f594e7,ff4006c,0.1.0,2026-05-26T14:42:34+00:00
2023-01-05,Mkt-RF,FF,0.99,0.0036332476325165214,0.06497354661657104,0.09603719660323994,0,0,synthetic-v1,F16_default,786ddba614cca0b18e42a1f878450d559eb8ae0e389535813e5f1d8226f594e7,ff4006c,0.1.0,2026-05-26T14:42:34+00:00
2023-01-05,Mkt-RF,FF,0.995,0.0036332476325165214,0.08155518950221335,0.1198703516691484,0,0,synthetic-v1,F16_default,786ddba614cca0b18e42a1f878450d559eb8ae0e389535813e5f1d8226f594e7,ff4006c,0.1.0,2026-05-26T14:42:34+00:00
2023-01-06,Mkt-RF,FF,0.99,-0.014398604536641116,0.06526740232185285,0.09644631051178496,0,0,synthetic-v1,F16_default,786ddba614cca0b18e42a1f878450d559eb8ae0e389535813e5f1d8226f594e7,ff4006c,0.1.0,2026-05-26T14:42:34+00:00
2023-01-06,Mkt-RF,FF,0.995,-0.014398604536641116,0.08187074342575544,0.12021260286723577,0,0,synthetic-v1,F16_default,786ddba614cca0b18e42a1f878450d559eb8ae0e389535813e5f1d8226f594e7,ff4006c,0.1.0,2026-05-26T14:42:34+00:00
2023-01-09,Mkt-RF,FF,0.99,-1.32807807411247e-05,0.06541691634496687,0.0967292883400736,0,0,synthetic-v1,F16_default,786ddba614cca0b18e42a1f878450d559eb8ae0e389535813e5f1d8226f594e7,ff4006c,0.1.0,2026-05-26T14:42:34+00:00
2023-01-09,Mkt-RF,FF,0.995,-1.32807807411247e-05,0.08217821964621047,0.12076426326555789,0,0,synthetic-v1,F16_default,786ddba614cca0b18e42a1f878450d559eb8ae0e389535813e5f1d8226f594e7,ff4006c,0.1.0,2026-05-26T14:42:34+00:00
2023-01-10,Mkt-RF,FF,0.99,-0.022909940163237663,0.06506136548983393,0.09611943526906962,0,0,synthetic-v1,F16_default,786ddba614cca0b18e42a1f878450d559eb8ae0e389535813e5f1d8226f594e7,ff4006c,0.1.0,2026-05-26T14:42:34+00:00
2023-01-10,Mkt-RF,FF,0.995,-0.022909940163237663,0.08161475425254643,0.11987868418451683,0,0,synthetic-v1,F16_default,786ddba614cca0b18e42a1f878450d559eb8ae0e389535813e5f1d8226f594e7,ff4006c,0.1.0,2026-05-26T14:42:34+00:00
2023-01-11,Mkt-RF,FF,0.99,0.006026614122837532,0.064612667469805,0.09556723143916518,0,0,synthetic-v1,F16_default,786ddba614cca0b18e42a1f878450d559eb8ae0e389535813e5f1d8226f594e7,ff4006c,0.1.0,2026-05-26T14:42:34+00:00
2023-01-11,Mkt-RF,FF,0.995,0.006026614122837532,0.08093591954488906,0.11932809861170379,0,0,synthetic-v1,F16_default,786ddba614cca0b18e42a1f878450d559eb8ae0e389535813e5f1d8226f594e7,ff4006c,0.1.0,2026-05-26T14:42:34+00:00
2023-01-12,Mkt-RF,FF,0.99,-0.022759716260158703,0.0643266048536509,0.09532848949388711,0,0,synthetic-v1,F16_default,786ddba614cca0b18e42a1f878450d559eb8ae0e389535813e5f1d8226f594e7,ff4006c,0.1.0,2026-05-26T14:42:34+00:00
2023-01-12,Mkt-RF,FF,0.995,-0.022759716260158703,0.0809802014721424,0.11879693290843663,0,0,synthetic-v1,F16_default,786ddba614cca0b18e42a1f878450d559eb8ae0e389535813e5f1d8226f594e7,ff4006c,0.1.0,2026-05-26T14:42:34+00:00
2023-01-13,Mkt-RF,FF,0.99,0.018207894715800622,0.06427830550238853,0.09506945449577991,0,0,synthetic-v1,F16_default,786ddba614cca0b18e42a1f878450d559eb8ae0e389535813e5f1d8226f594e7,ff4006c,0.1.0,2026-05-26T14:42:34+00:00
2023-01-13,Mkt-RF,FF,0.995,0.018207894715800622,0.08073655920997548,0.11859934969513636,0,0,synthetic-v1,F16_default,786ddba614cca0b18e42a1f878450d559eb8ae0e389535813e5f1d8226f594e7,ff4006c,0.1.0,2026-05-26T14:42:34+00:00
2023-01-16,Mkt-RF,FF,0.99,0.018533253004915033,0.06408680676094286,0.09485625957345287,0,0,synthetic-v1,F16_default,786ddba614cca0b18e42a1f878450d559eb8ae0e389535813e5f1d8226f594e7,ff4006c,0.1.0,2026-05-26T14:42:34+00:00
2023-01-16,Mkt-RF,FF,0.995,0.018533253004915033,0.08042812785631723,0.11841372819294309,0,0,synthetic-v1,F16_default,786ddba614cca0b18e42a1f878450d559eb8ae0e389535813e5f1d8226f594e7,ff4006c,0.1.0,2026-05-26T14:42:34+00:00
2023-01-17,Mkt-RF,FF,0.99,-0.010770913744098139,0.0644220318821314,0.09495909619140859,0,0,synthetic-v1,F16_default,786ddba614cca0b18e42a1f878450d559eb8ae0e389535813e5f1d8226f594e7,ff4006c,0.1.0,2026-05-26T14:42:34+00:00
2023-01-17,Mkt-RF,FF,0.995,-0.010770913744098139,0.080609843403354,0.11852207344805316,0,0,synthetic-v1,F16_default,786ddba614cca0b18e42a1f878450d559eb8ae0e389535813e5f1d8226f594e7,ff4006c,0.1.0,2026-05-26T14:42:34+00:00
2023-01-18,Mkt-RF,FF,0.99,-0.012802845703029938,0.06425979132707857,0.09495074867440034,0,0,synthetic-v1,F16_default,786ddba614cca0b18e42a1f878450d559eb8ae0e389535813e5f1d8226f594e7,ff4006c,0.1.0,2026-05-26T14:42:34+00:00
2023-01-18,Mkt-RF,FF,0.995,-0.012802845703029938,0.08049806321662303,0.11849072689859005,0,0,synthetic-v1,F16_default,786ddba614cca0b18e42a1f878450d559eb8ae0e389535813e5f1d8226f594e7,ff4006c,0.1.0,2026-05-26T14:42:34+00:00
2023-01-19,Mkt-RF,FF,0.99,-0.003661710262457721,0.06526058456832345,0.09595350137352308,0,0,synthetic-v1,F16_default,786ddba614cca0b18e42a1f878450d559eb8ae0e389535813e5f1d8226f594e7,ff4006c,0.1.0,2026-05-26T14:42:34+00:00
2023-01-19,Mkt-RF,FF,0.995,-0.003661710262457721,0.08172154241285974,0.11952583872794803,0,0,synthetic-v1,F16_default,786ddba614cca0b18e42a1f878450d559eb8ae0e389535813e5f1d8226f594e7,ff4006c,0.1.0,2026-05-26T14:42:34+00:00
2023-01-20,Mkt-RF,FF,0.99,0.00058786692669578,0.06533961013061833,0.09609761481961829,0,0,synthetic-v1,F16_default,786ddba614cca0b18e42a1f878450d559eb8ae0e389535813e5f1d8226f594e7,ff4006c,0.1.0,2026-05-26T14:42:34+00:00
2023-01-20,Mkt-RF,FF,0.995,0.00058786692669578,0.0816951284559622,0.11954938703035717,0,0,synthetic-v1,F16_default,786ddba614cca0b18e42a1f878450d559eb8ae0e389535813e5f1d8226f594e7,ff4006c,0.1.0,2026-05-26T14:42:34+00:00
2023-01-23,Mkt-RF,FF,0.99,-0.012822737976516898,0.06531403556691087,0.09606784905515056,0,0,synthetic-v1,F16_default,786ddba614cca0b18e42a1f878450d559eb8ae0e389535813e5f1d8226f594e7,ff4006c,0.1.0,2026-05-26T14:42:34+00:00
2023-01-23,Mkt-RF,FF,0.995,-0.012822737976516898,0.08173212119481164,0.11945384032202666,0,0,synthetic-v1,F16_default,786ddba614cca0b18e42a1f878450d559eb8ae0e389535813e5f1d8226f594e7,ff4006c,0.1.0,2026-05-26T14:42:34+00:00
2023-01-24,Mkt-RF,FF,0.99,0.00683812450737224,0.06533372478650816,0.09594915571209951,0,0,synthetic-v1,F16_default,786ddba614cca0b18e42a1f878450d559eb8ae0e389535813e5f1d8226f594e7,ff4006c,0.1.0,2026-05-26T14:42:34+00:00
2023-01-24,Mkt-RF,FF,0.995,0.00683812450737224,0.08179472474027816,0.11938033247446472,0,0,synthetic-v1,F16_default,786ddba614cca0b18e42a1f878450d559eb8ae0e389535813e5f1d8226f594e7,ff4006c,0.1.0,2026-05-26T14:42:34+00:00
2023-01-25,Mkt-RF,FF,0.99,-0.010349657712220198,0.06532569868734465,0.09601574588182611,0,0,synthetic-v1,F16_default,786ddba614cca0b18e42a1f878450d559eb8ae0e389535813e5f1d8226f594e7,ff4006c,0.1.0,2026-05-26T14:42:34+00:00
2023-01-25,Mkt-RF,FF,0.995,-0.010349657712220198,0.08172368449133223,0.11939806440493878,0,0,synthetic-v1,F16_default,786ddba614cca0b18e42a1f878450d559eb8ae0e389535813e5f1d8226f594e7,ff4006c,0.1.0,2026-05-26T14:42:34+00:00
2023-01-26,Mkt-RF,FF,0.99,0.014159578145395818,0.06519919530440732,0.09617492528332884,0,0,synthetic-v1,F16_default,786ddba614cca0b18e42a1f878450d559eb8ae0e389535813e5f1d8226f594e7,ff4006c,0.1.0,2026-05-26T14:42:34+00:00
2023-01-26,Mkt-RF,FF,0.995,0.014159578145395818,0.08179909465461072,0.1195887403203051,0,0,synthetic-v1,F16_default,786ddba614cca0b18e42a1f878450d559eb8ae0e389535813e5f1d8226f594e7,ff4006c,0.1.0,2026-05-26T14:42:34+00:00
2023-01-27,Mkt-RF,FF,0.99,-0.0017409350960501226,0.06526553212861222,0.09609467352859453,0,0,synthetic-v1,F16_default,786ddba614cca0b18e42a1f878450d559eb8ae0e389535813e5f1d8226f594e7,ff4006c,0.1.0,2026-05-26T14:42:34+00:00
2023-01-27,Mkt-RF,FF,0.995,-0.0017409350960501226,0.08166726533884808,0.11954880588479289,0,0,synthetic-v1,F16_default,786ddba614cca0b18e42a1f878450d559eb8ae0e389535813e5f1d8226f594e7,ff4006c,0.1.0,2026-05-26T14:42:34+00:00
2023-01-30,Mkt-RF,FF,0.99,0.006129319656051249,0.06526605601173299,0.09597321136475959,0,0,synthetic-v1,F16_default,786ddba614cca0b18e42a1f878450d559eb8ae0e389535813e5f1d8226f594e7,ff4006c,0.1.0,2026-05-26T14:42:34+00:00
2023-01-30,Mkt-RF,FF,0.995,0.006129319656051249,0.08148064387578537,0.11946972595790954,0,0,synthetic-v1,F16_default,786ddba614cca0b18e42a1f878450d559eb8ae0e389535813e5f1d8226f594e7,ff4006c,0.1.0,2026-05-26T14:42:34+00:00
2023-01-31,Mkt-RF,FF,0.99,0.009898825269794524,0.06517552480155729,0.09589628785447517,0,0,synthetic-v1,F16_default,786ddba614cca0b18e42a1f878450d559eb8ae0e389535813e5f1d8226f594e7,ff4006c,0.1.0,2026-05-26T14:42:34+00:00
2023-01-31,Mkt-RF,FF,0.995,0.009898825269794524,0.08165093600416859,0.11945152542297167,0,0,synthetic-v1,F16_default,786ddba614cca0b18e42a1f878450d559eb8ae0e389535813e5f1d8226f594e7,ff4006c,0.1.0,2026-05-26T14:42:34+00:00
2023-02-01,Mkt-RF,FF,0.99,0.0020731964057240496,0.06494724989218055,0.09578170843989985,0,0,synthetic-v1,F16_default,786ddba614cca0b18e42a1f878450d559eb8ae0e389535813e5f1d8226f594e7,ff4006c,0.1.0,2026-05-26T14:42:34+00:00
2023-02-01,Mkt-RF,FF,0.995,0.0020731964057240496,0.08152817884005993,0.11931207671233536,0,0,synthetic-v1,F16_default,786ddba614cca0b18e42a1f878450d559eb8ae0e389535813e5f1d8226f594e7,ff4006c,0.1.0,2026-05-26T14:42:34+00:00
2023-02-02,Mkt-RF,FF,0.99,-0.0018526474298274306,0.06508463043564067,0.09572632407676301,0,0,synthetic-v1,F16_default,786ddba614cca0b18e42a1f878450d559eb8ae0e389535813e5f1d8226f594e7,ff4006c,0.1.0,2026-05-26T14:42:34+00:00
2023-02-02,Mkt-RF,FF,0.995,-0.0018526474298274306,0.08141434436743536,0.11935298988908122,0,0,synthetic-v1,F16_default,786ddba614cca0b18e42a1f878450d559eb8ae0e389535813e5f1d8226f594e7,ff4006c,0.1.0,2026-05-26T14:42:34+00:00
2023-02-03,Mkt-RF,FF,0.99,0.00953243617300745,0.06516403768618284,0.09575939455890373,0,0,synthetic-v1,F16_default,786ddba614cca0b18e42a1f878450d559eb8ae0e389535813e5f1d8226f594e7,ff4006c,0.1.0,2026-05-26T14:42:34+00:00
2023-02-03,Mkt-RF,FF,0.995,0.00953243617300745,0.08163489073625697,0.11939148039385297,0,0,synthetic-v1,F16_default,786ddba614cca0b18e42a1f878450d559eb8ae0e389535813e5f1d8226f594e7,ff4006c,0.1.0,2026-05-26T14:42:34+00:00
2023-02-06,Mkt-RF,FF,0.99,0.01137843866407233,0.06508457057124013,0.09591554109023542,0,0,synthetic-v1,F16_default,786ddba614cca0b18e42a1f878450d559eb8ae0e389535813e5f1d8226f594e7,ff4006c,0.1.0,2026-05-26T14:42:34+00:00
2023-02-06,Mkt-RF,FF,0.995,0.01137843866407233,0.08166949850545502,0.11946451131162691,0,0,synthetic-v1,F16_default,786ddba614cca0b18e42a1f878450d559eb8ae0e389535813e5f1d8226f594e7,ff4006c,0.1.0,2026-05-26T14:42:34+00:00
2023-02-07,Mkt-RF,FF,0.99,0.01245650933764116,0.06526576349219791,0.09587829334768569,0,0,synthetic-v1,F16_default,786ddba614cca0b18e42a1f878450d559eb8ae0e389535813e5f1d8226f594e7,ff4006c,0.1.0,2026-05-26T14:42:34+00:00
2023-02-07,Mkt-RF,FF,0.995,0.01245650933764116,0.0815874405711628,0.11936397803123794,0,0,synthetic-v1,F16_default,786ddba614cca0b18e42a1f878450d559eb8ae0e389535813e5f1d8226f594e7,ff4006c,0.1.0,2026-05-26T14:42:34+00:00
2023-02-08,Mkt-RF,FF,0.99,-0.0017637883420720938,0.06500766705874883,0.09593952617526472,0,0,synthetic-v1,F16_default,786ddba614cca0b18e42a1f878450d559eb8ae0e389535813e5f1d8226f594e7,ff4006c,0.1.0,2026-05-26T14:42:34+00:00
2023-02-08,Mkt-RF,FF,0.995,-0.0017637883420720938,0.0815399617233834,0.11938393303369321,0,0,synthetic-v1,F16_default,786ddba614cca0b18e42a1f878450d559eb8ae0e389535813e5f1d8226f594e7,ff4006c,0.1.0,2026-05-26T14:42:34+00:00
2023-02-09,Mkt-RF,FF,0.99,0.008988595480087088,0.06502123468217309,0.09566396656627271,0,0,synthetic-v1,F16_default,786ddba614cca0b18e42a1f878450d559eb8ae0e389535813e5f1d8226f594e7,ff4006c,0.1.0,2026-05-26T14:42:34+00:00
2023-02-09,Mkt-RF,FF,0.995,0.008988595480087088,0.08141535211589916,0.119259053391462,0,0,synthetic-v1,F16_default,786ddba614cca0b18e42a1f878450d559eb8ae0e389535813e5f1d8226f594e7,ff4006c,0.1.0,2026-05-26T14:42:34+00:00
2023-02-10,Mkt-RF,FF,0.99,-0.009228039039107091,0.0649372160595706,0.09564638139912937,0,0,synthetic-v1,F16_default,786ddba614cca0b18e42a1f878450d559eb8ae0e389535813e5f1d8226f594e7,ff4006c,0.1.0,2026-05-26T14:42:34+00:00
2023-02-10,Mkt-RF,FF,0.995,-0.009228039039107091,0.08120655117722891,0.11905389791339457,0,0,synthetic-v1,F16_default,786ddba614cca0b18e42a1f878450d559eb8ae0e389535813e5f1d8226f594e7,ff4006c,0.1.0,2026-05-26T14:42:34+00:00
2023-02-13,Mkt-RF,FF,0.99,-0.0057785565065850576,0.06508021841740336,0.0957889413990673,0,0,synthetic-v1,F16_default,786ddba614cca0b18e42a1f878450d559eb8ae0e389535813e5f1d8226f594e7,ff4006c,0.1.0,2026-05-26T14:42:34+00:00
2023-02-13,Mkt-RF,FF,0.995,-0.0057785565065850576,0.08137496639517675,0.11926715622321313,0,0,synthetic-v1,F16_default,786ddba614cca0b18e42a1f878450d559eb8ae0e389535813e5f1d8226f594e7,ff4006c,0.1.0,2026-05-26T14:42:34+00:00
2023-02-14,Mkt-RF,FF,0.99,0.019071213778304494,0.06494109561016871,0.095516143303469,0,0,synthetic-v1,F16_default,786ddba614cca0b18e42a1f878450d559eb8ae0e389535813e5f1d8226f594e7,ff4006c,0.1.0,2026-05-26T14:42:34+00:00
2023-02-14,Mkt-RF,FF,0.995,0.019071213778304494,0.0811770098924994,0.11907370793133767,0,0,synthetic-v1,F16_default,786ddba614cca0b18e42a1f878450d559eb8ae0e389535813e5f1d8226f594e7,ff4006c,0.1.0,2026-05-26T14:42:34+00:00
2023-02-15,Mkt-RF,FF,0.99,0.022594070028307066,0.06474571585906408,0.09551131574174052,0,0,synthetic-v1,F16_default,786ddba614cca0b18e42a1f878450d559eb8ae0e389535813e5f1d8226f594e7,ff4006c,0.1.0,2026-05-26T14:42:34+00:00
2023-02-15,Mkt-RF,FF,0.995,0.022594070028307066,0.08132388644674343,0.11897730317756317,0,0,synthetic-v1,F16_default,786ddba614cca0b18e42a1f878450d559eb8ae0e389535813e5f1d8226f594e7,ff4006c,0.1.0,2026-05-26T14:42:34+00:00
2023-02-16,Mkt-RF,FF,0.99,0.009136897642236425,0.06463642353684738,0.09546944874523708,0,0,synthetic-v1,F16_default,786ddba614cca0b18e42a1f878450d559eb8ae0e389535813e5f1d8226f594e7,ff4006c,0.1.0,2026-05-26T14:42:34+00:00
2023-02-16,Mkt-RF,FF,0.995,0.009136897642236425,0.08111583607064232,0.11900278203319758,0,0,synthetic-v1,F16_default,786ddba614cca0b18e42a1f878450d559eb8ae0e389535813e5f1d8226f594e7,ff4006c,0.1.0,2026-05-26T14:42:34+00:00
2023-02-17,Mkt-RF,FF,0.99,-0.005454485637429201,0.06698336490270822,0.09837016099777711,0,0,synthetic-v1,F16_default,786ddba614cca0b18e42a1f878450d559eb8ae0e389535813e5f1d8226f594e7,ff4006c,0.1.0,2026-05-26T14:42:34+00:00
2023-02-17,Mkt-RF,FF,0.995,-0.005454485637429201,0.08384973184510415,0.12230326214761594,0,0,synthetic-v1,F16_default,786ddba614cca0b18e42a1f878450d559eb8ae0e389535813e5f1d8226f594e7,ff4006c,0.1.0,2026-05-26T14:42:34+00:00
2023-02-20,Mkt-RF,FF,0.99,0.009837043149450223,0.06706489780068398,0.09845242556673126,0,0,synthetic-v1,F16_default,786ddba614cca0b18e42a1f878450d559eb8ae0e389535813e5f1d8226f594e7,ff4006c,0.1.0,2026-05-26T14:42:34+00:00
2023-02-20,Mkt-RF,FF,0.995,0.009837043149450223,0.08380490612167063,0.12236911685422809,0,0,synthetic-v1,F16_default,786ddba614cca0b18e42a1f878450d559eb8ae0e389535813e5f1d8226f594e7,ff4006c,0.1.0,2026-05-26T14:42:34+00:00
2023-02-21,Mkt-RF,FF,0.99,0.006329684586992227,0.06669419904618219,0.09808324883560879,0,0,synthetic-v1,F16_default,786ddba614cca0b18e42a1f878450d559eb8ae0e389535813e5f1d8226f594e7,ff4006c,0.1.0,2026-05-26T14:42:34+00:00
2023-02-21,Mkt-RF,FF,0.995,0.006329684586992227,0.08336616138395189,0.12200125085131434,0,0,synthetic-v1,F16_default,786ddba614cca0b18e42a1f878450d559eb8ae0e389535813e5f1d8226f594e7,ff4006c,0.1.0,2026-05-26T14:42:34+00:00
2023-02-22,Mkt-RF,FF,0.99,-0.001255828947277966,0.06729636375314077,0.09870937115966842,0,0,synthetic-v1,F16_default,786ddba614cca0b18e42a1f878450d559eb8ae0e389535813e5f1d8226f594e7,ff4006c,0.1.0,2026-05-26T14:42:34+00:00
2023-02-22,Mkt-RF,FF,0.995,-0.001255828947277966,0.08407320003575142,0.12267888961436259,0,0,synthetic-v1,F16_default,786ddba614cca0b18e42a1f878450d559eb8ae0e389535813e5f1d8226f594e7,ff4006c,0.1.0,2026-05-26T14:42:34+00:00
2023-02-23,Mkt-RF,FF,0.99,0.0002029743322860975,0.0684730591685692,0.10025721251503146,0,0,synthetic-v1,F16_default,786ddba614cca0b18e42a1f878450d559eb8ae0e389535813e5f1d8226f594e7,ff4006c,0.1.0,2026-05-26T14:42:34+00:00
2023-02-23,Mkt-RF,FF,0.995,0.0002029743322860975,0.08547035126584768,0.12450631700154198,0,0,synthetic-v1,F16_default,786ddba614cca0b18e42a1f878450d559eb8ae0e389535813e5f1d8226f594e7,ff4006c,0.1.0,2026-05-26T14:42:34+00:00
2023-02-24,Mkt-RF,FF,0.99,-0.0031160834260190364,0.06810457413051882,0.0999517057502147,0,0,synthetic-v1,F16_default,786ddba614cca0b18e42a1f878450d559eb8ae0e389535813e5f1d8226f594e7,ff4006c,0.1.0,2026-05-26T14:42:34+00:00
2023-02-24,Mkt-RF,FF,0.995,-0.0031160834260190364,0.08520945139046167,0.12397935727398673,0,0,synthetic-v1,F16_default,786ddba614cca0b18e42a1f878450d559eb8ae0e389535813e5f1d8226f594e7,ff4006c,0.1.0,2026-05-26T14:42:34+00:00
2023-02-27,Mkt-RF,FF,0.99,0.0039340100030956435,0.06806222268980945,0.0995775046392975,0,0,synthetic-v1,F16_default,786ddba614cca0b18e42a1f878450d559eb8ae0e389535813e5f1d8226f594e7,ff4006c,0.1.0,2026-05-26T14:42:34+00:00
2023-02-27,Mkt-RF,FF,0.995,0.0039340100030956435,0.08531930904518512,0.12407255566233641,0,0,synthetic-v1,F16_default,786ddba614cca0b18e42a1f878450d559eb8ae0e389535813e5f1d8226f594e7,ff4006c,0.1.0,2026-05-26T14:42:34+00:00
2023-02-28,Mkt-RF,FF,0.99,0.006931119680139044,0.06880270856594126,0.1005450528798088,0,0,synthetic-v1,F16_default,786ddba614cca0b18e42a1f878450d559eb8ae0e389535813e5f1d8226f594e7,ff4006c,0.1.0,2026-05-26T14:42:34+00:00
2023-02-28,Mkt-RF,FF,0.995,0.006931119680139044,0.0859294559083902,0.1248073051951712,0,0,synthetic-v1,F16_default,786ddba614cca0b18e42a1f878450d559eb8ae0e389535813e5f1d8226f594e7,ff4006c,0.1.0,2026-05-26T14:42:34+00:00
2023-03-01,Mkt-RF,FF,0.99,-0.005870560944213206,0.06851405584278511,0.09992868301223258,0,0,synthetic-v1,F16_default,786ddba614cca0b18e42a1f878450d559eb8ae0e389535813e5f1d8226f594e7,ff4006c,0.1.0,2026-05-26T14:42:34+00:00
2023-03-01,Mkt-RF,FF,0.995,-0.005870560944213206,0.08536279917607868,0.12393703385455886,0,0,synthetic-v1,F16_default,786ddba614cca0b18e42a1f878450d559eb8ae0e389535813e5f1d8226f594e7,ff4006c,0.1.0,2026-05-26T14:42:34+00:00
2023-03-02,Mkt-RF,FF,0.99,-0.01681698370455099,0.06841669049848706,0.09986978685037465,0,0,synthetic-v1,F16_default,786ddba614cca0b18e42a1f878450d559eb8ae0e389535813e5f1d8226f594e7,ff4006c,0.1.0,2026-05-26T14:42:34+00:00
2023-03-02,Mkt-RF,FF,0.995,-0.01681698370455099,0.08556277460701243,0.12394242029718289,0,0,synthetic-v1,F16_default,786ddba614cca0b18e42a1f878450d559eb8ae0e389535813e5f1d8226f594e7,ff4006c,0.1.0,2026-05-26T14:42:34+00:00
2023-03-03,Mkt-RF,FF,0.99,-6.67739231972775e-05,0.06875641304769928,0.1002254463372107,0,0,synthetic-v1,F16_default,786ddba614cca0b18e42a1f878450d559eb8ae0e389535813e5f1d8226f594e7,ff4006c,0.1.0,2026-05-26T14:42:34+00:00
2023-03-03,Mkt-RF,FF,0.995,-6.67739231972775e-05,0.08560182314437825,0.12447109656366853,0,0,synthetic-v1,F16_default,786ddba614cca0b18e42a1f878450d559eb8ae0e389535813e5f1d8226f594e7,ff4006c,0.1.0,2026-05-26T14:42:34+00:00
2023-03-06,Mkt-RF,FF,0.99,0.017458143405278563,0.06790885540326057,0.09895266059441958,0,0,synthetic-v1,F16_default,786ddba614cca0b18e42a1f878450d559eb8ae0e389535813e5f1d8226f594e7,ff4006c,0.1.0,2026-05-26T14:42:34+00:00
2023-03-06,Mkt-RF,FF,0.995,0.017458143405278563,0.08445297789325339,0.12285462185589982,0,0,synthetic-v1,F16_default,786ddba614cca0b18e42a1f878450d559eb8ae0e389535813e5f1d8226f594e7,ff4006c,0.1.0,2026-05-26T14:42:34+00:00
2023-03-07,Mkt-RF,FF,0.99,0.00603678654621615,0.06773974964928697,0.09896898205384255,0,0,synthetic-v1,F16_default,786ddba614cca0b18e42a1f878450d559eb8ae0e389535813e5f1d8226f594e7,ff4006c,0.1.0,2026-05-26T14:42:34+00:00
2023-03-07,Mkt-RF,FF,0.995,0.00603678654621615,0.08456492724306147,0.12289595749063653,0,0,synthetic-v1,F16_default,786ddba614cca0b18e42a1f878450d559eb8ae0e389535813e5f1d8226f594e7,ff4006c,0.1.0,2026-05-26T14:42:34+00:00
2023-03-08,Mkt-RF,FF,0.99,0.00611185617295423,0.067486950011929,0.098725553837533,0,0,synthetic-v1,F16_default,786ddba614cca0b18e42a1f878450d559eb8ae0e389535813e5f1d8226f594e7,ff4006c,0.1.0,2026-05-26T14:42:34+00:00
2023-03-08,Mkt-RF,FF,0.995,0.00611185617295423,0.0840960151809978,0.12251107179588616,0,0,synthetic-v1,F16_default,786ddba614cca0b18e42a1f878450d559eb8ae0e389535813e5f1d8226f594e7,ff4006c,0.1.0,2026-05-26T14:42:34+00:00
2023-03-09,Mkt-RF,FF,0.99,0.01433868290178555,0.06740954495700968,0.09861216020568346,0,0,synthetic-v1,F16_default,786ddba614cca0b18e42a1f878450d559eb8ae0e389535813e5f1d8226f594e7,ff4006c,0.1.0,2026-05-26T14:42:34+00:00
2023-03-09,Mkt-RF,FF,0.995,0.01433868290178555,0.0842168268751578,0.12249100669408838,0,0,synthetic-v1,F16_default,786ddba614cca0b18e42a1f878450d559eb8ae0e389535813e5f1d8226f594e7,ff4006c,0.1.0,2026-05-26T14:42:34+00:00
2023-03-10,Mkt-RF,FF,0.99,0.00015102280426436545,0.06842657000332925,0.0999601723120685,0,0,synthetic-v1,F16_default,786ddba614cca0b18e42a1f878450d559eb8ae0e389535813e5f1d8226f594e7,ff4006c,0.1.0,2026-05-26T14:42:34+00:00
2023-03-10,Mkt-RF,FF,0.995,0.00015102280426436545,0.08550299475417492,0.12403276013502235,0,0,synthetic-v1,F16_default,786ddba614cca0b18e42a1f878450d559eb8ae0e389535813e5f1d8226f594e7,ff4006c,0.1.0,2026-05-26T14:42:34+00:00
2023-03-13,Mkt-RF,FF,0.99,0.010821542821109701,0.06856014372541294,0.10014675328836886,0,0,synthetic-v1,F16_default,786ddba614cca0b18e42a1f878450d559eb8ae0e389535813e5f1d8226f594e7,ff4006c,0.1.0,2026-05-26T14:42:34+00:00
2023-03-13,Mkt-RF,FF,0.995,0.010821542821109701,0.08559742651759492,0.12417231860640124,0,0,synthetic-v1,F16_default,786ddba614cca0b18e42a1f878450d559eb8ae0e389535813e5f1d8226f594e7,ff4006c,0.1.0,2026-05-26T14:42:34+00:00
2023-03-14,Mkt-RF,FF,0.99,0.01933946507031978,0.06859048135309849,0.09996639474699023,0,0,synthetic-v1,F16_default,786ddba614cca0b18e42a1f878450d559eb8ae0e389535813e5f1d8226f594e7,ff4006c,0.1.0,2026-05-26T14:42:34+00:00
2023-03-14,Mkt-RF,FF,0.995,0.01933946507031978,0.08550374785600608,0.1240499741105649,0,0,synthetic-v1,F16_default,786ddba614cca0b18e42a1f878450d559eb8ae0e389535813e5f1d8226f594e7,ff4006c,0.1.0,2026-05-26T14:42:34+00:00
2023-03-15,Mkt-RF,FF,0.99,-0.028974168473474022,0.06860065123811719,0.10014908473740491,0,0,synthetic-v1,F16_default,786ddba614cca0b18e42a1f878450d559eb8ae0e389535813e5f1d8226f594e7,ff4006c,0.1.0,2026-05-26T14:42:34+00:00
2023-03-15,Mkt-RF,FF,0.995,-0.028974168473474022,0.08583662697138998,0.12421432765465751,0,0,synthetic-v1,F16_default,786ddba614cca0b18e42a1f878450d559eb8ae0e389535813e5f1d8226f594e7,ff4006c,0.1.0,2026-05-26T14:42:34+00:00
2023-03-16,Mkt-RF,FF,0.99,-0.00662997355562192,0.07181113446098149,0.10665378995937437,0,0,synthetic-v1,F16_default,786ddba614cca0b18e42a1f878450d559eb8ae0e389535813e5f1d8226f594e7,ff4006c,0.1.0,2026-05-26T14:42:34+00:00
2023-03-16,Mkt-RF,FF,0.995,-0.00662997355562192,0.09019041084534844,0.13335608772348304,0,0,synthetic-v1,F16_default,786ddba614cca0b18e42a1f878450d559eb8ae0e389535813e5f1d8226f594e7,ff4006c,0.1.0,2026-05-26T14:42:34+00:00
2023-03-17,Mkt-RF,FF,0.99,-0.015948254860040048,0.0716210480999018,0.10653120224197521,0,0,synthetic-v1,F16_default,786ddba614cca0b18e42a1f878450d559eb8ae0e389535813e5f1d8226f594e7,ff4006c,0.1.0,2026-05-26T14:42:34+00:00
2023-03-17,Mkt-RF,FF,0.995,-0.015948254860040048,0.09012323482254374,0.13329558847529993,0,0,synthetic-v1,F16_default,786ddba614cca0b18e42a1f878450d559eb8ae0e389535813e5f1d8226f594e7,ff4006c,0.1.0,2026-05-26T14:42:34+00:00
2023-03-20,Mkt-RF,FF,0.99,0.0393866810079046,0.0715082840719918,0.10649737599062054,0,0,synthetic-v1,F16_default,786ddba614cca0b18e42a1f878450d559eb8ae0e389535813e5f1d8226f594e7,ff4006c,0.1.0,2026-05-26T14:42:34+00:00
2023-03-20,Mkt-RF,FF,0.995,0.0393866810079046,0.09005129998945896,0.1334082070662535,0,0,synthetic-v1,F16_default,786ddba614cca0b18e42a1f878450d559eb8ae0e389535813e5f1d8226f594e7,ff4006c,0.1.0,2026-05-26T14:42:34+00:00
2023-03-21,Mkt-RF,FF,0.99,0.015608581493657942,0.07168280627255999,0.10492008196763553,0,0,synthetic-v1,F16_default,786ddba614cca0b18e42a1f878450d559eb8ae0e389535813e5f1d8226f594e7,ff4006c,0.1.0,2026-05-26T14:42:34+00:00
2023-03-21,Mkt-RF,FF,0.995,0.015608581493657942,0.08949453036670216,0.1304531655156554,0,0,synthetic-v1,F16_default,786ddba614cca0b18e42a1f878450d559eb8ae0e389535813e5f1d8226f594e7,ff4006c,0.1.0,2026-05-26T14:42:34+00:00
2023-03-22,Mkt-RF,FF,0.99,0.002049522891073092,0.07185983754978874,0.10551064132706185,0,0,synthetic-v1,F16_default,786ddba614cca0b18e42a1f878450d559eb8ae0e389535813e5f1d8226f594e7,ff4006c,0.1.0,2026-05-26T14:42:34+00:00
2023-03-22,Mkt-RF,FF,0.995,0.002049522891073092,0.08995663723856412,0.13112116658596504,0,0,synthetic-v1,F16_default,786ddba614cca0b18e42a1f878450d559eb8ae0e389535813e5f1d8226f594e7,ff4006c,0.1.0,2026-05-26T14:42:34+00:00
2023-03-23,Mkt-RF,FF,0.99,0.00497148075330483,0.07180881915575511,0.10534547843830766,0,0,synthetic-v1,F16_default,786ddba614cca0b18e42a1f878450d559eb8ae0e389535813e5f1d8226f594e7,ff4006c,0.1.0,2026-05-26T14:42:34+00:00
2023-03-23,Mkt-RF,FF,0.995,0.00497148075330483,0.08955090358611083,0.13098003288410417,0,0,synthetic-v1,F16_default,786ddba614cca0b18e42a1f878450d559eb8ae0e389535813e5f1d8226f594e7,ff4006c,0.1.0,2026-05-26T14:42:34+00:00
2023-03-24,Mkt-RF,FF,0.99,-0.004524137066621744,0.07119888034249006,0.10437880884800158,0,0,synthetic-v1,F16_default,786ddba614cca0b18e42a1f878450d559eb8ae0e389535813e5f1d8226f594e7,ff4006c,0.1.0,2026-05-26T14:42:34+00:00
2023-03-24,Mkt-RF,FF,0.995,-0.004524137066621744,0.08878107387058862,0.1298726022744734,0,0,synthetic-v1,F16_default,786ddba614cca0b18e42a1f878450d559eb8ae0e389535813e5f1d8226f594e7,ff4006c,0.1.0,2026-05-26T14:42:34+00:00
2023-03-27,Mkt-RF,FF,0.99,-0.010414586752508108,0.07116129650629288,0.10428642356022656,0,0,synthetic-v1,F16_default,786ddba614cca0b18e42a1f878450d559eb8ae0e389535813e5f1d8226f594e7,ff4006c,0.1.0,2026-05-26T14:42:34+00:00
2023-03-27,Mkt-RF,FF,0.995,-0.010414586752508108,0.08914078782777848,0.13009554914130833,0,0,synthetic-v1,F16_default,786ddba614cca0b18e42a1f878450d559eb8ae0e389535813e5f1d8226f594e7,ff4006c,0.1.0,2026-05-26T14:42:34+00:00
2023-03-28,Mkt-RF,FF,0.99,-0.02032338693587222,0.0711423209492763,0.10434388417839985,0,0,synthetic-v1,F16_default,786ddba614cca0b18e42a1f878450d559eb8ae0e389535813e5f1d8226f594e7,ff4006c,0.1.0,2026-05-26T14:42:34+00:00
2023-03-28,Mkt-RF,FF,0.995,-0.02032338693587222,0.08890935118345006,0.12996132953870437,0,0,synthetic-v1,F16_default,786ddba614cca0b18e42a1f878450d559eb8ae0e389535813e5f1d8226f594e7,ff4006c,0.1.0,2026-05-26T14:42:34+00:00
2023-03-29,Mkt-RF,FF,0.99,-0.003774733430880886,0.07098720983824082,0.1042874626827713,0,0,synthetic-v1,F16_default,786ddba614cca0b18e42a1f878450d559eb8ae0e389535813e5f1d8226f594e7,ff4006c,0.1.0,2026-05-26T14:42:34+00:00
2023-03-29,Mkt-RF,FF,0.995,-0.003774733430880886,0.08867335433588028,0.12956797929048622,0,0,synthetic-v1,F16_default,786ddba614cca0b18e42a1f878450d559eb8ae0e389535813e5f1d8226f594e7,ff4006c,0.1.0,2026-05-26T14:42:34+00:00
2023-03-30,Mkt-RF,FF,0.99,0.011785160527228241,0.07132573596865868,0.10414416469267729,0,0,synthetic-v1,F16_default,786ddba614cca0b18e42a1f878450d559eb8ae0e389535813e5f1d8226f594e7,ff4006c,0.1.0,2026-05-26T14:42:34+00:00
2023-03-30,Mkt-RF,FF,0.995,0.011785160527228241,0.08877477643235611,0.12945295545169982,0,0,synthetic-v1,F16_default,786ddba614cca0b18e42a1f878450d559eb8ae0e389535813e5f1d8226f594e7,ff4006c,0.1.0,2026-05-26T14:42:34+00:00
2023-03-31,Mkt-RF,FF,0.99,-0.010039569297015938,0.07120034417052001,0.10412911019273602,0,0,synthetic-v1,F16_default,786ddba614cca0b18e42a1f878450d559eb8ae0e389535813e5f1d8226f594e7,ff4006c,0.1.0,2026-05-26T14:42:34+00:00
2023-03-31,Mkt-RF,FF,0.995,-0.010039569297015938,0.08891823810733321,0.12944472726458456,0,0,synthetic-v1,F16_default,786ddba614cca0b18e42a1f878450d559eb8ae0e389535813e5f1d8226f594e7,ff4006c,0.1.0,2026-05-26T14:42:34+00:00
2023-04-03,Mkt-RF,FF,0.99,0.010315506125706695,0.0710757897057665,0.10410691308951993,0,0,synthetic-v1,F16_default,786ddba614cca0b18e42a1f878450d559eb8ae0e389535813e5f1d8226f594e7,ff4006c,0.1.0,2026-05-26T14:42:34+00:00
2023-04-03,Mkt-RF,FF,0.995,0.010315506125706695,0.08885635883986595,0.12928044143058062,0,0,synthetic-v1,F16_default,786ddba614cca0b18e42a1f878450d559eb8ae0e389535813e5f1d8226f594e7,ff4006c,0.1.0,2026-05-26T14:42:34+00:00
2023-04-04,Mkt-RF,FF,0.99,0.0009086611215819594,0.07082725098828316,0.10391266328832716,0,0,synthetic-v1,F16_default,786ddba614cca0b18e42a1f878450d559eb8ae0e389535813e5f1d8226f594e7,ff4006c,0.1.0,2026-05-26T14:42:34+00:00
2023-04-04,Mkt-RF,FF,0.995,0.0009086611215819594,0.08860090702038696,0.1289618800636242,0,0,synthetic-v1,F16_default,786ddba614cca0b18e42a1f878450d559eb8ae0e389535813e5f1d8226f594e7,ff4006c,0.1.0,2026-05-26T14:42:34+00:00
2023-04-05,Mkt-RF,FF,0.99,-0.020899166095755813,0.07077192650986658,0.1038646716371206,0,0,synthetic-v1,F16_default,786ddba614cca0b18e42a1f878450d559eb8ae0e389535813e5f1d8226f594e7,ff4006c,0.1.0,2026-05-26T14:42:34+00:00
2023-04-05,Mkt-RF,FF,0.995,-0.020899166095755813,0.08858746534985613,0.12917206292066932,0,0,synthetic-v1,F16_default,786ddba614cca0b18e42a1f878450d559eb8ae0e389535813e5f1d8226f594e7,ff4006c,0.1.0,2026-05-26T14:42:34+00:00
2023-04-06,Mkt-RF,FF,0.99,-0.0035705659433047203,0.06798378350485569,0.09974058163493203,0,0,synthetic-v1,F16_default,786ddba614cca0b18e42a1f878450d559eb8ae0e389535813e5f1d8226f594e7,ff4006c,0.1.0,2026-05-26T14:42:34+00:00
2023-04-06,Mkt-RF,FF,0.995,-0.0035705659433047203,0.08488792054378048,0.124256857952254,0,0,synthetic-v1,F16_default,786ddba614cca0b18e42a1f878450d559eb8ae0e389535813e5f1d8226f594e7,ff4006c,0.1.0,2026-05-26T14:42:34+00:00
2023-04-07,Mkt-RF,FF,0.99,0.012290441084456169,0.06795538101000557,0.09974121451312024,0,0,synthetic-v1,F16_default,786ddba614cca0b18e42a1f878450d559eb8ae0e389535813e5f1d8226f594e7,ff4006c,0.1.0,2026-05-26T14:42:34+00:00
2023-04-07,Mkt-RF,FF,0.995,0.012290441084456169,0.08517523123210427,0.12418446404495209,0,0,synthetic-v1,F16_default,786ddba614cca0b18e42a1f878450d559eb8ae0e389535813e5f1d8226f594e7,ff4006c,0.1.0,2026-05-26T14:42:34+00:00
2023-04-10,Mkt-RF,FF,0.99,-0.020281064226524398,0.06807551246341631,0.10002778125587526,0,0,synthetic-v1,F16_default,786ddba614cca0b18e42a1f878450d559eb8ae0e389535813e5f1d8226f594e7,ff4006c,0.1.0,2026-05-26T14:42:34+00:00
2023-04-10,Mkt-RF,FF,0.995,-0.020281064226524398,0.08511029464296943,0.12441752555796344,0,0,synthetic-v1,F16_default,786ddba614cca0b18e42a1f878450d559eb8ae0e389535813e5f1d8226f594e7,ff4006c,0.1.0,2026-05-26T14:42:34+00:00
2023-04-11,Mkt-RF,FF,0.99,0.005414599668566144,0.06761891717717068,0.09940101939908738,0,0,synthetic-v1,F16_default,786ddba614cca0b18e42a1f878450d559eb8ae0e389535813e5f1d8226f594e7,ff4006c,0.1.0,2026-05-26T14:42:34+00:00
2023-04-11,Mkt-RF,FF,0.995,0.005414599668566144,0.08459341385121762,0.1238616133168276,0,0,synthetic-v1,F16_default,786ddba614cca0b18e42a1f878450d559eb8ae0e389535813e5f1d8226f594e7,ff4006c,0.1.0,2026-05-26T14:42:34+00:00
2023-04-12,Mkt-RF,FF,0.99,0.042141911162712764,0.06745948925456902,0.09944159041543715,0,0,synthetic-v1,F16_default,786ddba614cca0b18e42a1f878450d559eb8ae0e389535813e5f1d8226f594e7,ff4006c,0.1.0,2026-05-26T14:42:34+00:00
2023-04-12,Mkt-RF,FF,0.995,0.042141911162712764,0.08440767421099257,0.12388946296291872,0,0,synthetic-v1,F16_default,786ddba614cca0b18e42a1f878450d559eb8ae0e389535813e5f1d8226f594e7,ff4006c,0.1.0,2026-05-26T14:42:34+00:00
2023-04-13,Mkt-RF,FF,0.99,-0.01058487926009392,0.07607927938296082,0.1152150757095694,0,0,synthetic-v1,F16_default,786ddba614cca0b18e42a1f878450d559eb8ae0e389535813e5f1d8226f594e7,ff4006c,0.1.0,2026-05-26T14:42:34+00:00
2023-04-13,Mkt-RF,FF,0.995,-0.01058487926009392,0.09652064582273323,0.14552720622492274,0,0,synthetic-v1,F16_default,786ddba614cca0b18e42a1f878450d559eb8ae0e389535813e5f1d8226f594e7,ff4006c,0.1.0,2026-05-26T14:42:34+00:00
2023-04-14,Mkt-RF,FF,0.99,-0.018777766913237483,0.07885287793691977,0.11869353112129469,0,0,synthetic-v1,F16_default,786ddba614cca0b18e42a1f878450d559eb8ae0e389535813e5f1d8226f594e7,ff4006c,0.1.0,2026-05-26T14:42:34+00:00
2023-04-14,Mkt-RF,FF,0.995,-0.018777766913237483,0.09978547901937218,0.14943816139053645,0,0,synthetic-v1,F16_default,786ddba614cca0b18e42a1f878450d559eb8ae0e389535813e5f1d8226f594e7,ff4006c,0.1.0,2026-05-26T14:42:34+00:00
2023-04-17,Mkt-RF,FF,0.99,0.002859004964798977,0.07840745041319655,0.1181169669455719,0,0,synthetic-v1,F16_default,786ddba614cca0b18e42a1f878450d559eb8ae0e389535813e5f1d8226f594e7,ff4006c,0.1.0,2026-05-26T14:42:34+00:00
2023-04-17,Mkt-RF,FF,0.995,0.002859004964798977,0.09904811994511903,0.1488088401349815,0,0,synthetic-v1,F16_default,786ddba614cca0b18e42a1f878450d559eb8ae0e389535813e5f1d8226f594e7,ff4006c,0.1.0,2026-05-26T14:42:34+00:00
2023-04-18,Mkt-RF,FF,0.99,-0.00541224415775439,0.0782646159739374,0.11777456946400525,0,0,synthetic-v1,F16_default,786ddba614cca0b18e42a1f878450d559eb8ae0e389535813e5f1d8226f594e7,ff4006c,0.1.0,2026-05-26T14:42:34+00:00
2023-04-18,Mkt-RF,FF,0.995,-0.00541224415775439,0.09869295059734588,0.14853742882787516,0,0,synthetic-v1,F16_default,786ddba614cca0b18e42a1f878450d559eb8ae0e389535813e5f1d8226f594e7,ff4006c,0.1.0,2026-05-26T14:42:34+00:00
2023-04-19,Mkt-RF,FF,0.99,-0.008035799039812037,0.07827800775164746,0.11784411207999233,0,0,synthetic-v1,F16_default,786ddba614cca0b18e42a1f878450d559eb8ae0e389535813e5f1d8226f594e7,ff4006c,0.1.0,2026-05-26T14:42:34+00:00
2023-04-19,Mkt-RF,FF,0.995,-0.008035799039812037,0.09890601809472283,0.1484083921880473,0,0,synthetic-v1,F16_default,786ddba614cca0b18e42a1f878450d559eb8ae0e389535813e5f1d8226f594e7,ff4006c,0.1.0,2026-05-26T14:42:34+00:00
2023-04-20,Mkt-RF,FF,0.99,0.004056291679508342,0.07878743126040615,0.11863018125514957,0,0,synthetic-v1,F16_default,786ddba614cca0b18e42a1f878450d559eb8ae0e389535813e5f1d8226f594e7,ff4006c,0.1.0,2026-05-26T14:42:34+00:00
2023-04-20,Mkt-RF,FF,0.995,0.004056291679508342,0.09968760788527985,0.14965837574221819,0,0,synthetic-v1,F16_default,786ddba614cca0b18e42a1f878450d559eb8ae0e389535813e5f1d8226f594e7,ff4006c,0.1.0,2026-05-26T14:42:34+00:00
2023-04-21,Mkt-RF,FF,0.99,0.012312374362921236,0.07824260021191448,0.11795012449520793,0,0,synthetic-v1,F16_default,786ddba614cca0b18e42a1f878450d559eb8ae0e389535813e5f1d8226f594e7,ff4006c,0.1.0,2026-05-26T14:42:34+00:00
2023-04-21,Mkt-RF,FF,0.995,0.012312374362921236,0.09901028503651937,0.14833998079677005,0,0,synthetic-v1,F16_default,786ddba614cca0b18e42a1f878450d559eb8ae0e389535813e5f1d8226f594e7,ff4006c,0.1.0,2026-05-26T14:42:34+00:00
2023-04-24,Mkt-RF,FF,0.99,-0.0006227815871850961,0.07865675126272276,0.11853138569906262,0,0,synthetic-v1,F16_default,786ddba614cca0b18e42a1f878450d559eb8ae0e389535813e5f1d8226f594e7,ff4006c,0.1.0,2026-05-26T14:42:34+00:00
2023-04-24,Mkt-RF,FF,0.995,-0.0006227815871850961,0.09917115412538033,0.14918307524079974,0,0,synthetic-v1,F16_default,786ddba614cca0b18e42a1f878450d559eb8ae0e389535813e5f1d8226f594e7,ff4006c,0.1.0,2026-05-26T14:42:34+00:00
2023-04-25,Mkt-RF,FF,0.99,0.005282834377351982,0.07876150036829255,0.11855070984082061,0,0,synthetic-v1,F16_default,786ddba614cca0b18e42a1f878450d559eb8ae0e389535813e5f1d8226f594e7,ff4006c,0.1.0,2026-05-26T14:42:34+00:00
2023-04-25,Mkt-RF,FF,0.995,0.005282834377351982,0.0994005666638386,0.14930335200578465,0,0,synthetic-v1,F16_default,786ddba614cca0b18e42a1f878450d559eb8ae0e389535813e5f1d8226f594e7,ff4006c,0.1.0,2026-05-26T14:42:34+00:00
2023-04-26,Mkt-RF,FF,0.99,-0.022420555946984673,0.07887884332791298,0.11845528381568186,0,0,synthetic-v1,F16_default,786ddba614cca0b18e42a1f878450d559eb8ae0e389535813e5f1d8226f594e7,ff4006c,0.1.0,2026-05-26T14:42:34+00:00
2023-04-26,Mkt-RF,FF,0.995,-0.022420555946984673,0.09986186396377246,0.14936807924528545,0,0,synthetic-v1,F16_default,786ddba614cca0b18e42a1f878450d559eb8ae0e389535813e5f1d8226f594e7,ff4006c,0.1.0,2026-05-26T14:42:34+00:00
2023-04-27,Mkt-RF,FF,0.99,-0.001915362048798587,0.08069990826507664,0.12112724646444989,0,0,synthetic-v1,F16_default,786ddba614cca0b18e42a1f878450d559eb8ae0e389535813e5f1d8226f594e7,ff4006c,0.1.0,2026-05-26T14:42:34+00:00
2023-04-27,Mkt-RF,FF,0.995,-0.001915362048798587,0.10189902796466539,0.15260020354456735,0,0,synthetic-v1,F16_default,786ddba614cca0b18e42a1f878450d559eb8ae0e389535813e5f1d8226f594e7,ff4006c,0.1.0,2026-05-26T14:42:34+00:00
2023-04-28,Mkt-RF,FF,0.99,-0.0019453228337137293,0.08027253705517495,0.12074280425736561,0,0,synthetic-v1,F16_default,786ddba614cca0b18e42a1f878450d559eb8ae0e389535813e5f1d8226f594e7,ff4006c,0.1.0,2026-05-26T14:42:34+00:00
2023-04-28,Mkt-RF,FF,0.995,-0.0019453228337137293,0.10150154027563332,0.15222612582853076,0,0,synthetic-v1,F16_default,786ddba614cca0b18e42a1f878450d559eb8ae0e389535813e5f1d8226f594e7,ff4006c,0.1.0,2026-05-26T14:42:34+00:00
2023-05-01,Mkt-RF,FF,0.99,-0.012004934197628547,0.08016438393628898,0.12087811820889335,0,0,synthetic-v1,F16_default,786ddba614cca0b18e42a1f878450d559eb8ae0e389535813e5f1d8226f594e7,ff4006c,0.1.0,2026-05-26T14:42:34+00:00
2023-05-01,Mkt-RF,FF,0.995,-0.012004934197628547,0.10177709148879295,0.15204650374680936,0,0,synthetic-v1,F16_default,786ddba614cca0b18e42a1f878450d559eb8ae0e389535813e5f1d8226f594e7,ff4006c,0.1.0,2026-05-26T14:42:34+00:00
2023-05-02,Mkt-RF,FF,0.99,0.004634837208245318,0.08013538848290826,0.12096429541783804,0,0,synthetic-v1,F16_default,786ddba614cca0b18e42a1f878450d559eb8ae0e389535813e5f1d8226f594e7,ff4006c,0.1.0,2026-05-26T14:42:34+00:00
2023-05-02,Mkt-RF,FF,0.995,0.004634837208245318,0.10162914054290814,0.15213890701528043,0,0,synthetic-v1,F16_default,786ddba614cca0b18e42a1f878450d559eb8ae0e389535813e5f1d8226f594e7,ff4006c,0.1.0,2026-05-26T14:42:34+00:00
2023-05-03,Mkt-RF,FF,0.99,0.01628915415422976,0.08073171752616035,0.12107789110738476,0,0,synthetic-v1,F16_default,786ddba614cca0b18e42a1f878450d559eb8ae0e389535813e5f1d8226f594e7,ff4006c,0.1.0,2026-05-26T14:42:34+00:00
2023-05-03,Mkt-RF,FF,0.995,0.01628915415422976,0.10168204671692585,0.15237153024167363,0,0,synthetic-v1,F16_default,786ddba614cca0b18e42a1f878450d559eb8ae0e389535813e5f1d8226f594e7,ff4006c,0.1.0,2026-05-26T14:42:34+00:00
2023-05-04,Mkt-RF,FF,0.99,0.0073934558771418125,0.08025938071795921,0.12063634125911163,0,0,synthetic-v1,F16_default,786ddba614cca0b18e42a1f878450d559eb8ae0e389535813e5f1d8226f594e7,ff4006c,0.1.0,2026-05-26T14:42:34+00:00
2023-05-04,Mkt-RF,FF,0.995,0.0073934558771418125,0.10102085786414122,0.15174082317912163,0,0,synthetic-v1,F16_default,786ddba614cca0b18e42a1f878450d559eb8ae0e389535813e5f1d8226f594e7,ff4006c,0.1.0,2026-05-26T14:42:34+00:00
2023-05-05,Mkt-RF,FF,0.99,0.03166242007440822,0.08022643554273333,0.12082102340149811,0,0,synthetic-v1,F16_default,786ddba614cca0b18e42a1f878450d559eb8ae0e389535813e5f1d8226f594e7,ff4006c,0.1.0,2026-05-26T14:42:34+00:00
2023-05-05,Mkt-RF,FF,0.995,0.03166242007440822,0.1016282836638811,0.15192860756911203,0,0,synthetic-v1,F16_default,786ddba614cca0b18e42a1f878450d559eb8ae0e389535813e5f1d8226f594e7,ff4006c,0.1.0,2026-05-26T14:42:34+00:00
2023-05-08,Mkt-RF,FF,0.99,0.0032361968003311353,0.08114800025244245,0.12189808657379206,0,0,synthetic-v1,F16_default,786ddba614cca0b18e42a1f878450d559eb8ae0e389535813e5f1d8226f594e7,ff4006c,0.1.0,2026-05-26T14:42:34+00:00
2023-05-08,Mkt-RF,FF,0.995,0.0032361968003311353,0.10258243769656479,0.15344403149332622,0,0,synthetic-v1,F16_default,786ddba614cca0b18e42a1f878450d559eb8ae0e389535813e5f1d8226f594e7,ff4006c,0.1.0,2026-05-26T14:42:34+00:00
2023-05-09,Mkt-RF,FF,0.99,-0.005208139734463209,0.08097045433105171,0.12194568028224304,0,0,synthetic-v1,F16_default,786ddba614cca0b18e42a1f878450d559eb8ae0e389535813e5f1d8226f594e7,ff4006c,0.1.0,2026-05-26T14:42:34+00:00
2023-05-09,Mkt-RF,FF,0.995,-0.005208139734463209,0.1022463810993738,0.15334054582803625,0,0,synthetic-v1,F16_default,786ddba614cca0b18e42a1f878450d559eb8ae0e389535813e5f1d8226f594e7,ff4006c,0.1.0,2026-05-26T14:42:34+00:00
2023-05-10,Mkt-RF,FF,0.99,0.01565912309773532,0.08197063429078172,0.1236412871886016,0,0,synthetic-v1,F16_default,786ddba614cca0b18e42a1f878450d559eb8ae0e389535813e5f1d8226f594e7,ff4006c,0.1.0,2026-05-26T14:42:34+00:00
2023-05-10,Mkt-RF,FF,0.995,0.01565912309773532,0.10392160428527394,0.1555374385841034,0,0,synthetic-v1,F16_default,786ddba614cca0b18e42a1f878450d559eb8ae0e389535813e5f1d8226f594e7,ff4006c,0.1.0,2026-05-26T14:42:34+00:00
2023-05-11,Mkt-RF,FF,0.99,0.01082949261818813,0.08263117100269499,0.12420096735711811,0,0,synthetic-v1,F16_default,786ddba614cca0b18e42a1f878450d559eb8ae0e389535813e5f1d8226f594e7,ff4006c,0.1.0,2026-05-26T14:42:34+00:00
2023-05-11,Mkt-RF,FF,0.995,0.01082949261818813,0.1044575956643529,0.15641346187273492,0,0,synthetic-v1,F16_default,786ddba614cca0b18e42a1f878450d559eb8ae0e389535813e5f1d8226f594e7,ff4006c,0.1.0,2026-05-26T14:42:34+00:00
2023-05-12,Mkt-RF,FF,0.99,-0.0019305865925200241,0.08300233724549096,0.12461059958170378,0,0,synthetic-v1,F16_default,786ddba614cca0b18e42a1f878450d559eb8ae0e389535813e5f1d8226f594e7,ff4006c,0.1.0,2026-05-26T14:42:34+00:00
2023-05-12,Mkt-RF,FF,0.995,-0.0019305865925200241,0.10455769782510303,0.1569244057484472,0,0,synthetic-v1,F16_default,786ddba614cca0b18e42a1f878450d559eb8ae0e389535813e5f1d8226f594e7,ff4006c,0.1.0,2026-05-26T14:42:34+00:00
2023-05-15,Mkt-RF,FF,0.99,-0.0022925943839964555,0.082451788353608,0.12395953731394263,0,0,synthetic-v1,F16_default,786ddba614cca0b18e42a1f878450d559eb8ae0e389535813e5f1d8226f594e7,ff4006c,0.1.0,2026-05-26T14:42:34+00:00
2023-05-15,Mkt-RF,FF,0.995,-0.0022925943839964555,0.10431237867626204,0.15612140039263825,0,0,synthetic-v1,F16_default,786ddba614cca0b18e42a1f878450d559eb8ae0e389535813e5f1d8226f594e7,ff4006c,0.1.0,2026-05-26T14:42:34+00:00
2023-05-16,Mkt-RF,FF,0.99,0.013163934344579433,0.08204203257995027,0.12346986196278116,0,0,synthetic-v1,F16_default,786ddba614cca0b18e42a1f878450d559eb8ae0e389535813e5f1d8226f594e7,ff4006c,0.1.0,2026-05-26T14:42:34+00:00
2023-05-16,Mkt-RF,FF,0.995,0.013163934344579433,0.10389169075622866,0.15530304611020238,0,0,synthetic-v1,F16_default,786ddba614cca0b18e42a1f878450d559eb8ae0e389535813e5f1d8226f594e7,ff4006c,0.1.0,2026-05-26T14:42:34+00:00
2023-05-17,Mkt-RF,FF,0.99,0.0008062249586728249,0.08197358654747874,0.12329810420606749,0,0,synthetic-v1,F16_default,786ddba614cca0b18e42a1f878450d559eb8ae0e389535813e5f1d8226f594e7,ff4006c,0.1.0,2026-05-26T14:42:34+00:00
2023-05-17,Mkt-RF,FF,0.995,0.0008062249586728249,0.10392770989621601,0.1554293227400887,0,0,synthetic-v1,F16_default,786ddba614cca0b18e42a1f878450d559eb8ae0e389535813e5f1d8226f594e7,ff4006c,0.1.0,2026-05-26T14:42:34+00:00
2023-05-18,Mkt-RF,FF,0.99,-0.006881421319400018,0.08233958017100526,0.12382989847654025,0,0,synthetic-v1,F16_default,786ddba614cca0b18e42a1f878450d559eb8ae0e389535813e5f1d8226f594e7,ff4006c,0.1.0,2026-05-26T14:42:34+00:00
2023-05-18,Mkt-RF,FF,0.995,-0.006881421319400018,0.10386825279448855,0.1556962239838366,0,0,synthetic-v1,F16_default,786ddba614cca0b18e42a1f878450d559eb8ae0e389535813e5f1d8226f594e7,ff4006c,0.1.0,2026-05-26T14:42:34+00:00
2023-05-19,Mkt-RF,FF,0.99,-0.014139093744563755,0.08210379365110299,0.12330790999352612,0,0,synthetic-v1,F16_default,786ddba614cca0b18e42a1f878450d559eb8ae0e389535813e5f1d8226f594e7,ff4006c,0.1.0,2026-05-26T14:42:34+00:00
2023-05-19,Mkt-RF,FF,0.995,-0.014139093744563755,0.10373311860101367,0.15522336835103276,0,0,synthetic-v1,F16_default,786ddba614cca0b18e42a1f878450d559eb8ae0e389535813e5f1d8226f594e7,ff4006c,0.1.0,2026-05-26T14:42:34+00:00
2023-05-22,Mkt-RF,FF,0.99,0.020608174988099526,0.08223999555697367,0.12358740548092435,0,0,synthetic-v1,F16_default,786ddba614cca0b18e42a1f878450d559eb8ae0e389535813e5f1d8226f594e7,ff4006c,0.1.0,2026-05-26T14:42:34+00:00
2023-05-22,Mkt-RF,FF,0.995,0.020608174988099526,0.10407675645590025,0.15566655603384807,0,0,synthetic-v1,F16_default,786ddba614cca0b18e42a1f878450d559eb8ae0e389535813e5f1d8226f594e7,ff4006c,0.1.0,2026-05-26T14:42:34+00:00
2023-05-23,Mkt-RF,FF,0.99,-0.011441392177540402,0.08236987937599491,0.12402093532678593,0,0,synthetic-v1,F16_default,786ddba614cca0b18e42a1f878450d559eb8ae0e389535813e5f1d8226f594e7,ff4006c,0.1.0,2026-05-26T14:42:34+00:00
2023-05-23,Mkt-RF,FF,0.995,-0.011441392177540402,0.10424072756453695,0.15611706145831666,0,0,synthetic-v1,F16_default,786ddba614cca0b18e42a1f878450d559eb8ae0e389535813e5f1d8226f594e7,ff4006c,0.1.0,2026-05-26T14:42:34+00:00
2023-05-24,Mkt-RF,FF,0.99,-0.002665187737610953,0.08231465657159107,0.1240840383384246,0,0,synthetic-v1,F16_default,786ddba614cca0b18e42a1f878450d559eb8ae0e389535813e5f1d8226f594e7,ff4006c,0.1.0,2026-05-26T14:42:34+00:00
2023-05-24,Mkt-RF,FF,0.995,-0.002665187737610953,0.10424204736695467,0.1562350051523582,0,0,synthetic-v1,F16_default,786ddba614cca0b18e42a1f878450d559eb8ae0e389535813e5f1d8226f594e7,ff4006c,0.1.0,2026-05-26T14:42:34+00:00
2023-05-25,Mkt-RF,FF,0.99,-0.007703232171279215,0.08268634302914057,0.1243908443466141,0,0,synthetic-v1,F16_default,786ddba614cca0b18e42a1f878450d559eb8ae0e389535813e5f1d8226f594e7,ff4006c,0.1.0,2026-05-26T14:42:34+00:00
2023-05-25,Mkt-RF,FF,0.995,-0.007703232171279215,0.10454326679569381,0.15650974624093722,0,0,synthetic-v1,F16_default,786ddba614cca0b18e42a1f878450d559eb8ae0e389535813e5f1d8226f594e7,ff4006c,0.1.0,2026-05-26T14:42:34+00:00
2023-05-26,Mkt-RF,FF,0.99,0.01617408947106119,0.08249908289532742,0.12422449081546877,0,0,synthetic-v1,F16_default,786ddba614cca0b18e42a1f878450d559eb8ae0e389535813e5f1d8226f594e7,ff4006c,0.1.0,2026-05-26T14:42:34+00:00
2023-05-26,Mkt-RF,FF,0.995,0.01617408947106119,0.10429840669965702,0.15655234377798938,0,0,synthetic-v1,F16_default,786ddba614cca0b18e42a1f878450d559eb8ae0e389535813e5f1d8226f594e7,ff4006c,0.1.0,2026-05-26T14:42:34+00:00
2023-05-29,Mkt-RF,FF,0.99,-0.02224259027987854,0.08267105527535144,0.12436933913797399,0,0,synthetic-v1,F16_default,786ddba614cca0b18e42a1f878450d559eb8ae0e389535813e5f1d8226f594e7,ff4006c,0.1.0,2026-05-26T14:42:34+00:00
2023-05-29,Mkt-RF,FF,0.995,-0.02224259027987854,0.10452855107323888,0.1565809329222999,0,0,synthetic-v1,F16_default,786ddba614cca0b18e42a1f878450d559eb8ae0e389535813e5f1d8226f594e7,ff4006c,0.1.0,2026-05-26T14:42:34+00:00
2023-05-30,Mkt-RF,FF,0.99,0.014883223208493569,0.0825475824216295,0.12392687558500132,0,0,synthetic-v1,F16_default,786ddba614cca0b18e42a1f878450d559eb8ae0e389535813e5f1d8226f594e7,ff4006c,0.1.0,2026-05-26T14:42:34+00:00
2023-05-30,Mkt-RF,FF,0.995,0.014883223208493569,0.10462701611244685,0.15608726753896965,0,0,synthetic-v1,F16_default,786ddba614cca0b18e42a1f878450d559eb8ae0e389535813e5f1d8226f594e7,ff4006c,0.1.0,2026-05-26T14:42:34+00:00
2023-05-31,Mkt-RF,FF,0.99,-0.02678896430498143,0.08247631312905616,0.12416651372867701,0,0,synthetic-v1,F16_default,786ddba614cca0b18e42a1f878450d559eb8ae0e389535813e5f1d8226f594e7,ff4006c,0.1.0,2026-05-26T14:42:34+00:00
2023-05-31,Mkt-RF,FF,0.995,-0.02678896430498143,0.1043535210840553,0.15626519801950023,0,0,synthetic-v1,F16_default,786ddba614cca0b18e42a1f878450d559eb8ae0e389535813e5f1d8226f594e7,ff4006c,0.1.0,2026-05-26T14:42:34+00:00
2023-06-01,Mkt-RF,FF,0.99,-0.01711673125924334,0.07960507106817968,0.12010748681963257,0,0,synthetic-v1,F16_default,786ddba614cca0b18e42a1f878450d559eb8ae0e389535813e5f1d8226f594e7,ff4006c,0.1.0,2026-05-26T14:42:34+00:00
2023-06-01,Mkt-RF,FF,0.995,-0.01711673125924334,0.10090035682076792,0.15142270397343574,0,0,synthetic-v1,F16_default,786ddba614cca0b18e42a1f878450d559eb8ae0e389535813e5f1d8226f594e7,ff4006c,0.1.0,2026-05-26T14:42:34+00:00
2023-06-02,Mkt-RF,FF,0.99,-0.009898520154192816,0.07939394592817263,0.11984472913289865,0,0,synthetic-v1,F16_default,786ddba614cca0b18e42a1f878450d559eb8ae0e389535813e5f1d8226f594e7,ff4006c,0.1.0,2026-05-26T14:42:34+00:00
2023-06-02,Mkt-RF,FF,0.995,-0.009898520154192816,0.10073605493447439,0.15104702478047266,0,0,synthetic-v1,F16_default,786ddba614cca0b18e42a1f878450d559eb8ae0e389535813e5f1d8226f594e7,ff4006c,0.1.0,2026-05-26T14:42:34+00:00
2023-06-05,Mkt-RF,FF,0.99,-0.004867376413326106,0.07972903932295955,0.12011500438712208,0,0,synthetic-v1,F16_default,786ddba614cca0b18e42a1f878450d559eb8ae0e389535813e5f1d8226f594e7,ff4006c,0.1.0,2026-05-26T14:42:34+00:00
2023-06-05,Mkt-RF,FF,0.995,-0.004867376413326106,0.10088907248689034,0.15142692758977222,0,0,synthetic-v1,F16_default,786ddba614cca0b18e42a1f878450d559eb8ae0e389535813e5f1d8226f594e7,ff4006c,0.1.0,2026-05-26T14:42:34+00:00
2023-06-06,Mkt-RF,FF,0.99,0.0012965909471615007,0.07953735783531989,0.1201010353367212,0,0,synthetic-v1,F16_default,786ddba614cca0b18e42a1f878450d559eb8ae0e389535813e5f1d8226f594e7,ff4006c,0.1.0,2026-05-26T14:42:34+00:00
2023-06-06,Mkt-RF,FF,0.995,0.0012965909471615007,0.10091826257127055,0.15140146067724444,0,0,synthetic-v1,F16_default,786ddba614cca0b18e42a1f878450d559eb8ae0e389535813e5f1d8226f594e7,ff4006c,0.1.0,2026-05-26T14:42:34+00:00
2023-06-07,Mkt-RF,FF,0.99,-0.039762627256031705,0.07962595598951688,0.12033269454776457,0,0,synthetic-v1,F16_default,786ddba614cca0b18e42a1f878450d559eb8ae0e389535813e5f1d8226f594e7,ff4006c,0.1.0,2026-05-26T14:42:34+00:00
2023-06-07,Mkt-RF,FF,0.995,-0.039762627256031705,0.10068569392342774,0.15132750224491992,0,0,synthetic-v1,F16_default,786ddba614cca0b18e42a1f878450d559eb8ae0e389535813e5f1d8226f594e7,ff4006c,0.1.0,2026-05-26T14:42:34+00:00
2023-06-08,Mkt-RF,FF,0.99,0.005727371986130414,0.07658678063304905,0.11466580510900248,0,0,synthetic-v1,F16_default,786ddba614cca0b18e42a1f878450d559eb8ae0e389535813e5f1d8226f594e7,ff4006c,0.1.0,2026-05-26T14:42:34+00:00
2023-06-08,Mkt-RF,FF,0.995,0.005727371986130414,0.0966513230348978,0.14374038329073696,0,0,synthetic-v1,F16_default,786ddba614cca0b18e42a1f878450d559eb8ae0e389535813e5f1d8226f594e7,ff4006c,0.1.0,2026-05-26T14:42:34+00:00
2023-06-09,Mkt-RF,FF,0.99,0.015953687243348526,0.07670664888122135,0.1144896408272541,0,0,synthetic-v1,F16_default,786ddba614cca0b18e42a1f878450d559eb8ae0e389535813e5f1d8226f594e7,ff4006c,0.1.0,2026-05-26T14:42:34+00:00
2023-06-09,Mkt-RF,FF,0.995,0.015953687243348526,0.09654020103777042,0.14374609228243374,0,0,synthetic-v1,F16_default,786ddba614cca0b18e42a1f878450d559eb8ae0e389535813e5f1d8226f594e7,ff4006c,0.1.0,2026-05-26T14:42:34+00:00
2023-06-12,Mkt-RF,FF,0.99,0.012773434371451457,0.07429006814396888,0.10979833782931261,0,0,synthetic-v1,F16_default,786ddba614cca0b18e42a1f878450d559eb8ae0e389535813e5f1d8226f594e7,ff4006c,0.1.0,2026-05-26T14:42:34+00:00
2023-06-12,Mkt-RF,FF,0.995,0.012773434371451457,0.09317380966134918,0.1370657308564917,0,0,synthetic-v1,F16_default,786ddba614cca0b18e42a1f878450d559eb8ae0e389535813e5f1d8226f594e7,ff4006c,0.1.0,2026-05-26T14:42:34+00:00
2023-06-13,Mkt-RF,FF,0.99,0.009735085924509753,0.07442367351860638,0.10997755282750976,0,0,synthetic-v1,F16_default,786ddba614cca0b18e42a1f878450d559eb8ae0e389535813e5f1d8226f594e7,ff4006c,0.1.0,2026-05-26T14:42:34+00:00
2023-06-13,Mkt-RF,FF,0.995,0.009735085924509753,0.09315230439152307,0.1372225295469163,0,0,synthetic-v1,F16_default,786ddba614cca0b18e42a1f878450d559eb8ae0e389535813e5f1d8226f594e7,ff4006c,0.1.0,2026-05-26T14:42:34+00:00
2023-06-14,Mkt-RF,FF,0.99,-0.012859451428985386,0.07409212088647173,0.1094379657071786,0,0,synthetic-v1,F16_default,786ddba614cca0b18e42a1f878450d559eb8ae0e389535813e5f1d8226f594e7,ff4006c,0.1.0,2026-05-26T14:42:34+00:00
2023-06-14,Mkt-RF,FF,0.995,-0.012859451428985386,0.09288183704494257,0.13674328456209625,0,0,synthetic-v1,F16_default,786ddba614cca0b18e42a1f878450d559eb8ae0e389535813e5f1d8226f594e7,ff4006c,0.1.0,2026-05-26T14:42:34+00:00
2023-06-15,Mkt-RF,FF,0.99,-0.004002679577984987,0.07407080463088678,0.10920697279663373,0,0,synthetic-v1,F16_default,786ddba614cca0b18e42a1f878450d559eb8ae0e389535813e5f1d8226f594e7,ff4006c,0.1.0,2026-05-26T14:42:34+00:00
2023-06-15,Mkt-RF,FF,0.995,-0.004002679577984987,0.09269788006600305,0.13636987081849408,0,0,synthetic-v1,F16_default,786ddba614cca0b18e42a1f878450d559eb8ae0e389535813e5f1d8226f594e7,ff4006c,0.1.0,2026-05-26T14:42:34+00:00
2023-06-16,Mkt-RF,FF,0.99,-0.004685856603259605,0.07415634287496208,0.10965509259707672,0,0,synthetic-v1,F16_default,786ddba614cca0b18e42a1f878450d559eb8ae0e389535813e5f1d8226f594e7,ff4006c,0.1.0,2026-05-26T14:42:34+00:00
2023-06-16,Mkt-RF,FF,0.995,-0.004685856603259605,0.09293014138924513,0.1368812667732901,0,0,synthetic-v1,F16_default,786ddba614cca0b18e42a1f878450d559eb8ae0e389535813e5f1d8226f594e7,ff4006c,0.1.0,2026-05-26T14:42:34+00:00
2023-06-19,Mkt-RF,FF,0.99,-0.04430755284032908,0.07786861029193123,0.11747084219935056,0,0,synthetic-v1,F16_default,786ddba614cca0b18e42a1f878450d559eb8ae0e389535813e5f1d8226f594e7,ff4006c,0.1.0,2026-05-26T14:42:34+00:00
2023-06-19,Mkt-RF,FF,0.995,-0.04430755284032908,0.09858571534274478,0.14829620024296983,0,0,synthetic-v1,F16_default,786ddba614cca0b18e42a1f878450d559eb8ae0e389535813e5f1d8226f594e7,ff4006c,0.1.0,2026-05-26T14:42:34+00:00
2023-06-20,Mkt-RF,FF,0.99,-0.03218296089155471,0.07661503625810366,0.11567536436168033,0,0,synthetic-v1,F16_default,786ddba614cca0b18e42a1f878450d559eb8ae0e389535813e5f1d8226f594e7,ff4006c,0.1.0,2026-05-26T14:42:34+00:00
2023-06-20,Mkt-RF,FF,0.995,-0.03218296089155471,0.09704040162427528,0.146047633474114,0,0,synthetic-v1,F16_default,786ddba614cca0b18e42a1f878450d559eb8ae0e389535813e5f1d8226f594e7,ff4006c,0.1.0,2026-05-26T14:42:34+00:00
2023-06-21,Mkt-RF,FF,0.99,0.046540444711876086,0.07736569573867044,0.11679847031487173,0,0,synthetic-v1,F16_default,786ddba614cca0b18e42a1f878450d559eb8ae0e389535813e5f1d8226f594e7,ff4006c,0.1.0,2026-05-26T14:42:34+00:00
2023-06-21,Mkt-RF,FF,0.995,0.046540444711876086,0.09791142201278848,0.14715347661439337,0,0,synthetic-v1,F16_default,786ddba614cca0b18e42a1f878450d559eb8ae0e389535813e5f1d8226f594e7,ff4006c,0.1.0,2026-05-26T14:42:34+00:00
2023-06-22,Mkt-RF,FF,0.99,-0.003482642275132223,0.08782857895432213,0.13454576737522386,0,0,synthetic-v1,F16_default,786ddba614cca0b18e42a1f878450d559eb8ae0e389535813e5f1d8226f594e7,ff4006c,0.1.0,2026-05-26T14:42:34+00:00
2023-06-22,Mkt-RF,FF,0.995,-0.003482642275132223,0.11178209860890531,0.17070787947482505,0,0,synthetic-v1,F16_default,786ddba614cca0b18e42a1f878450d559eb8ae0e389535813e5f1d8226f594e7,ff4006c,0.1.0,2026-05-26T14:42:34+00:00
2023-06-23,Mkt-RF,FF,0.99,0.006619512205821113,0.08781542701724619,0.13451363511946726,0,0,synthetic-v1,F16_default,786ddba614cca0b18e42a1f878450d559eb8ae0e389535813e5f1d8226f594e7,ff4006c,0.1.0,2026-05-26T14:42:34+00:00
2023-06-23,Mkt-RF,FF,0.995,0.006619512205821113,0.11179261454124759,0.17067101469994947,0,0,synthetic-v1,F16_default,786ddba614cca0b18e42a1f878450d559eb8ae0e389535813e5f1d8226f594e7,ff4006c,0.1.0,2026-05-26T14:42:34+00:00
2023-06-26,Mkt-RF,FF,0.99,0.012890914960431819,0.08766795256289732,0.13419786790165916,0,0,synthetic-v1,F16_default,786ddba614cca0b18e42a1f878450d559eb8ae0e389535813e5f1d8226f594e7,ff4006c,0.1.0,2026-05-26T14:42:34+00:00
2023-06-26,Mkt-RF,FF,0.995,0.012890914960431819,0.11162225029245432,0.1703070236080051,0,0,synthetic-v1,F16_default,786ddba614cca0b18e42a1f878450d559eb8ae0e389535813e5f1d8226f594e7,ff4006c,0.1.0,2026-05-26T14:42:34+00:00
2023-06-27,Mkt-RF,FF,0.99,-0.004179462184593462,0.08761273129302247,0.13422434329337252,0,0,synthetic-v1,F16_default,786ddba614cca0b18e42a1f878450d559eb8ae0e389535813e5f1d8226f594e7,ff4006c,0.1.0,2026-05-26T14:42:34+00:00
2023-06-27,Mkt-RF,FF,0.995,-0.004179462184593462,0.11180767382389473,0.17039171869610303,0,0,synthetic-v1,F16_default,786ddba614cca0b18e42a1f878450d559eb8ae0e389535813e5f1d8226f594e7,ff4006c,0.1.0,2026-05-26T14:42:34+00:00
2023-06-28,Mkt-RF,FF,0.99,-0.002725732979785964,0.08778162275858363,0.13439598261924302,0,0,synthetic-v1,F16_default,786ddba614cca0b18e42a1f878450d559eb8ae0e389535813e5f1d8226f594e7,ff4006c,0.1.0,2026-05-26T14:42:34+00:00
2023-06-28,Mkt-RF,FF,0.995,-0.002725732979785964,0.11175188815556403,0.17036471159250982,0,0,synthetic-v1,F16_default,786ddba614cca0b18e42a1f878450d559eb8ae0e389535813e5f1d8226f594e7,ff4006c,0.1.0,2026-05-26T14:42:34+00:00
2023-06-29,Mkt-RF,FF,0.99,-0.002387177142375607,0.08763523089018928,0.13449219412103916,0,0,synthetic-v1,F16_default,786ddba614cca0b18e42a1f878450d559eb8ae0e389535813e5f1d8226f594e7,ff4006c,0.1.0,2026-05-26T14:42:34+00:00
2023-06-29,Mkt-RF,FF,0.995,-0.002387177142375607,0.11173304436609655,0.1707273125509493,0,0,synthetic-v1,F16_default,786ddba614cca0b18e42a1f878450d559eb8ae0e389535813e5f1d8226f594e7,ff4006c,0.1.0,2026-05-26T14:42:34+00:00
2023-06-30,Mkt-RF,FF,0.99,0.006201748411889006,0.0878518841976069,0.13435227069392047,0,0,synthetic-v1,F16_default,786ddba614cca0b18e42a1f878450d559eb8ae0e389535813e5f1d8226f594e7,ff4006c,0.1.0,2026-05-26T14:42:34+00:00
2023-06-30,Mkt-RF,FF,0.995,0.006201748411889006,0.11174935393617473,0.1705692478035601,0,0,synthetic-v1,F16_default,786ddba614cca0b18e42a1f878450d559eb8ae0e389535813e5f1d8226f594e7,ff4006c,0.1.0,2026-05-26T14:42:34+00:00
2023-07-03,Mkt-RF,FF,0.99,-0.008902041947554446,0.08784952727076331,0.13467463381171732,0,0,synthetic-v1,F16_default,786ddba614cca0b18e42a1f878450d559eb8ae0e389535813e5f1d8226f594e7,ff4006c,0.1.0,2026-05-26T14:42:34+00:00
2023-07-03,Mkt-RF,FF,0.995,-0.008902041947554446,0.111792861243553,0.17081908061858828,0,0,synthetic-v1,F16_default,786ddba614cca0b18e42a1f878450d559eb8ae0e389535813e5f1d8226f594e7,ff4006c,0.1.0,2026-05-26T14:42:34+00:00
2023-07-04,Mkt-RF,FF,0.99,-0.018879451099478268,0.08773590692898794,0.13454246435523054,0,0,synthetic-v1,F16_default,786ddba614cca0b18e42a1f878450d559eb8ae0e389535813e5f1d8226f594e7,ff4006c,0.1.0,2026-05-26T14:42:34+00:00
2023-07-04,Mkt-RF,FF,0.995,-0.018879451099478268,0.1121548394364353,0.17081344283005642,0,0,synthetic-v1,F16_default,786ddba614cca0b18e42a1f878450d559eb8ae0e389535813e5f1d8226f594e7,ff4006c,0.1.0,2026-05-26T14:42:34+00:00
2023-07-05,Mkt-RF,FF,0.99,-0.017063225237159307,0.08752636434462464,0.13426517833260154,0,0,synthetic-v1,F16_default,786ddba614cca0b18e42a1f878450d559eb8ae0e389535813e5f1d8226f594e7,ff4006c,0.1.0,2026-05-26T14:42:34+00:00
2023-07-05,Mkt-RF,FF,0.995,-0.017063225237159307,0.1118196700223594,0.1704882469428857,0,0,synthetic-v1,F16_default,786ddba614cca0b18e42a1f878450d559eb8ae0e389535813e5f1d8226f594e7,ff4006c,0.1.0,2026-05-26T14:42:34+00:00
2023-07-06,Mkt-RF,FF,0.99,0.0006647978676877211,0.08783940874289903,0.13424659893995228,0,0,synthetic-v1,F16_default,786ddba614cca0b18e42a1f878450d559eb8ae0e389535813e5f1d8226f594e7,ff4006c,0.1.0,2026-05-26T14:42:34+00:00
2023-07-06,Mkt-RF,FF,0.995,0.0006647978676877211,0.11149461477713662,0.17050875631343912,0,0,synthetic-v1,F16_default,786ddba614cca0b18e42a1f878450d559eb8ae0e389535813e5f1d8226f594e7,ff4006c,0.1.0,2026-05-26T14:42:34+00:00
2023-07-07,Mkt-RF,FF,0.99,-0.018524097999096708,0.08800927230494486,0.13457085972807412,0,0,synthetic-v1,F16_default,786ddba614cca0b18e42a1f878450d559eb8ae0e389535813e5f1d8226f594e7,ff4006c,0.1.0,2026-05-26T14:42:34+00:00
2023-07-07,Mkt-RF,FF,0.995,-0.018524097999096708,0.1120146550268643,0.1708406608761567,0,0,synthetic-v1,F16_default,786ddba614cca0b18e42a1f878450d559eb8ae0e389535813e5f1d8226f594e7,ff4006c,0.1.0,2026-05-26T14:42:34+00:00
2023-07-10,Mkt-RF,FF,0.99,-0.013096130351225857,0.08534475007282301,0.1312992568962104,0,0,synthetic-v1,F16_default,786ddba614cca0b18e42a1f878450d559eb8ae0e389535813e5f1d8226f594e7,ff4006c,0.1.0,2026-05-26T14:42:34+00:00
2023-07-10,Mkt-RF,FF,0.995,-0.013096130351225857,0.10901531969737835,0.16710863330062173,0,0,synthetic-v1,F16_default,786ddba614cca0b18e42a1f878450d559eb8ae0e389535813e5f1d8226f594e7,ff4006c,0.1.0,2026-05-26T14:42:34+00:00
2023-07-11,Mkt-RF,FF,0.99,0.0023616200025621302,0.08533728035613762,0.13125741925779322,0,0,synthetic-v1,F16_default,786ddba614cca0b18e42a1f878450d559eb8ae0e389535813e5f1d8226f594e7,ff4006c,0.1.0,2026-05-26T14:42:34+00:00
2023-07-11,Mkt-RF,FF,0.995,0.0023616200025621302,0.10893704419936208,0.16712506052664133,0,0,synthetic-v1,F16_default,786ddba614cca0b18e42a1f878450d559eb8ae0e389535813e5f1d8226f594e7,ff4006c,0.1.0,2026-05-26T14:42:34+00:00
2023-07-12,Mkt-RF,FF,0.99,-0.021008637540485427,0.08525397484506982,0.1314103733720743,0,0,synthetic-v1,F16_default,786ddba614cca0b18e42a1f878450d559eb8ae0e389535813e5f1d8226f594e7,ff4006c,0.1.0,2026-05-26T14:42:34+00:00
2023-07-12,Mkt-RF,FF,0.995,-0.021008637540485427,0.10913819730814846,0.16700267915129535,0,0,synthetic-v1,F16_default,786ddba614cca0b18e42a1f878450d559eb8ae0e389535813e5f1d8226f594e7,ff4006c,0.1.0,2026-05-26T14:42:34+00:00
2023-07-13,Mkt-RF,FF,0.99,-0.007117690208797214,0.08295940419536203,0.12788670617074765,0,0,synthetic-v1,F16_default,786ddba614cca0b18e42a1f878450d559eb8ae0e389535813e5f1d8226f594e7,ff4006c,0.1.0,2026-05-26T14:42:34+00:00
2023-07-13,Mkt-RF,FF,0.995,-0.007117690208797214,0.10592955492700097,0.1628071695746059,0,0,synthetic-v1,F16_default,786ddba614cca0b18e42a1f878450d559eb8ae0e389535813e5f1d8226f594e7,ff4006c,0.1.0,2026-05-26T14:42:34+00:00
2023-07-14,Mkt-RF,FF,0.99,-0.0031989099235384053,0.08294178544649554,0.1280157182756422,0,0,synthetic-v1,F16_default,786ddba614cca0b18e42a1f878450d559eb8ae0e389535813e5f1d8226f594e7,ff4006c,0.1.0,2026-05-26T14:42:34+00:00
2023-07-14,Mkt-RF,FF,0.995,-0.0031989099235384053,0.10582955889073571,0.16281267000203806,0,0,synthetic-v1,F16_default,786ddba614cca0b18e42a1f878450d559eb8ae0e389535813e5f1d8226f594e7,ff4006c,0.1.0,2026-05-26T14:42:34+00:00
2023-07-17,Mkt-RF,FF,0.99,0.020115403593651514,0.08300732276087452,0.1279259845699074,0,0,synthetic-v1,F16_default,786ddba614cca0b18e42a1f878450d559eb8ae0e389535813e5f1d8226f594e7,ff4006c,0.1.0,2026-05-26T14:42:34+00:00
2023-07-17,Mkt-RF,FF,0.995,0.020115403593651514,0.10587838993621743,0.1627786819415517,0,0,synthetic-v1,F16_default,786ddba614cca0b18e42a1f878450d559eb8ae0e389535813e5f1d8226f594e7,ff4006c,0.1.0,2026-05-26T14:42:34+00:00
2023-07-18,Mkt-RF,FF,0.99,0.0189395961356193,0.0832704557312279,0.1286721060040845,0,0,synthetic-v1,F16_default,786ddba614cca0b18e42a1f878450d559eb8ae0e389535813e5f1d8226f594e7,ff4006c,0.1.0,2026-05-26T14:42:34+00:00
2023-07-18,Mkt-RF,FF,0.995,0.0189395961356193,0.10650603132293131,0.16378400508121482,0,0,synthetic-v1,F16_default,786ddba614cca0b18e42a1f878450d559eb8ae0e389535813e5f1d8226f594e7,ff4006c,0.1.0,2026-05-26T14:42:34+00:00
2023-07-19,Mkt-RF,FF,0.99,-0.006505199116778462,0.08346016128261777,0.12872232678064827,0,0,synthetic-v1,F16_default,786ddba614cca0b18e42a1f878450d559eb8ae0e389535813e5f1d8226f594e7,ff4006c,0.1.0,2026-05-26T14:42:34+00:00
2023-07-19,Mkt-RF,FF,0.995,-0.006505199116778462,0.1067029694423686,0.1640940520942582,0,0,synthetic-v1,F16_default,786ddba614cca0b18e42a1f878450d559eb8ae0e389535813e5f1d8226f594e7,ff4006c,0.1.0,2026-05-26T14:42:34+00:00
2023-07-20,Mkt-RF,FF,0.99,0.0013044109472026232,0.08060539839094222,0.12319205777340243,0,0,synthetic-v1,F16_default,786ddba614cca0b18e42a1f878450d559eb8ae0e389535813e5f1d8226f594e7,ff4006c,0.1.0,2026-05-26T14:42:34+00:00
2023-07-20,Mkt-RF,FF,0.995,0.0013044109472026232,0.1025101358357124,0.1560291777560452,0,0,synthetic-v1,F16_default,786ddba614cca0b18e42a1f878450d559eb8ae0e389535813e5f1d8226f594e7,ff4006c,0.1.0,2026-05-26T14:42:34+00:00
2023-07-21,Mkt-RF,FF,0.99,0.0034382647875753117,0.08080096432752727,0.12328504543022233,0,0,synthetic-v1,F16_default,786ddba614cca0b18e42a1f878450d559eb8ae0e389535813e5f1d8226f594e7,ff4006c,0.1.0,2026-05-26T14:42:34+00:00
2023-07-21,Mkt-RF,FF,0.995,0.0034382647875753117,0.10247740070078269,0.15599957599432684,0,0,synthetic-v1,F16_default,786ddba614cca0b18e42a1f878450d559eb8ae0e389535813e5f1d8226f594e7,ff4006c,0.1.0,2026-05-26T14:42:34+00:00
2023-07-24,Mkt-RF,FF,0.99,-0.007036063593878143,0.08058182450256825,0.12311725060941561,0,0,synthetic-v1,F16_default,786ddba614cca0b18e42a1f878450d559eb8ae0e389535813e5f1d8226f594e7,ff4006c,0.1.0,2026-05-26T14:42:34+00:00
2023-07-24,Mkt-RF,FF,0.995,-0.007036063593878143,0.10243190964835382,0.15595398288955808,0,0,synthetic-v1,F16_default,786ddba614cca0b18e42a1f878450d559eb8ae0e389535813e5f1d8226f594e7,ff4006c,0.1.0,2026-05-26T14:42:34+00:00
2023-07-25,Mkt-RF,FF,0.99,0.01392691050517901,0.08214571220931724,0.12538804419624855,0,0,synthetic-v1,F16_default,786ddba614cca0b18e42a1f878450d559eb8ae0e389535813e5f1d8226f594e7,ff4006c,0.1.0,2026-05-26T14:42:34+00:00
2023-07-25,Mkt-RF,FF,0.995,0.01392691050517901,0.10441594484073055,0.15872593553779996,0,0,synthetic-v1,F16_default,786ddba614cca0b18e42a1f878450d559eb8ae0e389535813e5f1d8226f594e7,ff4006c,0.1.0,2026-05-26T14:42:34+00:00
2023-07-26,Mkt-RF,FF,0.99,-0.0014137108265834723,0.08099147107234148,0.12398160122498983,0,0,synthetic-v1,F16_default,786ddba614cca0b18e42a1f878450d559eb8ae0e389535813e5f1d8226f594e7,ff4006c,0.1.0,2026-05-26T14:42:34+00:00
2023-07-26,Mkt-RF,FF,0.995,-0.0014137108265834723,0.10318689801203952,0.15741404508284315,0,0,synthetic-v1,F16_default,786ddba614cca0b18e42a1f878450d559eb8ae0e389535813e5f1d8226f594e7,ff4006c,0.1.0,2026-05-26T14:42:34+00:00
2023-07-27,Mkt-RF,FF,0.99,-0.017346731205126125,0.08136641184183178,0.12401771671243358,0,0,synthetic-v1,F16_default,786ddba614cca0b18e42a1f878450d559eb8ae0e389535813e5f1d8226f594e7,ff4006c,0.1.0,2026-05-26T14:42:34+00:00
2023-07-27,Mkt-RF,FF,0.995,-0.017346731205126125,0.10326185636250283,0.157263937021359,0,0,synthetic-v1,F16_default,786ddba614cca0b18e42a1f878450d559eb8ae0e389535813e5f1d8226f594e7,ff4006c,0.1.0,2026-05-26T14:42:34+00:00
2023-07-28,Mkt-RF,FF,0.99,-0.007077887763873449,0.0807997475777136,0.12376603415484719,0,0,synthetic-v1,F16_default,786ddba614cca0b18e42a1f878450d559eb8ae0e389535813e5f1d8226f594e7,ff4006c,0.1.0,2026-05-26T14:42:34+00:00
2023-07-28,Mkt-RF,FF,0.995,-0.007077887763873449,0.1031097773918422,0.15712167346285855,0,0,synthetic-v1,F16_default,786ddba614cca0b18e42a1f878450d559eb8ae0e389535813e5f1d8226f594e7,ff4006c,0.1.0,2026-05-26T14:42:34+00:00
2023-07-31,Mkt-RF,FF,0.99,0.025696091921107292,0.08082695329431476,0.12377037926698671,0,0,synthetic-v1,F16_default,786ddba614cca0b18e42a1f878450d559eb8ae0e389535813e5f1d8226f594e7,ff4006c,0.1.0,2026-05-26T14:42:34+00:00
2023-07-31,Mkt-RF,FF,0.995,0.025696091921107292,0.1030324478744293,0.1570273682352759,0,0,synthetic-v1,F16_default,786ddba614cca0b18e42a1f878450d559eb8ae0e389535813e5f1d8226f594e7,ff4006c,0.1.0,2026-05-26T14:42:34+00:00
2023-08-01,Mkt-RF,FF,0.99,0.023631560410057487,0.0809015835911007,0.12402180741311752,0,0,synthetic-v1,F16_default,786ddba614cca0b18e42a1f878450d559eb8ae0e389535813e5f1d8226f594e7,ff4006c,0.1.0,2026-05-26T14:42:34+00:00
2023-08-01,Mkt-RF,FF,0.995,0.023631560410057487,0.10304966451885295,0.1573507880466648,0,0,synthetic-v1,F16_default,786ddba614cca0b18e42a1f878450d559eb8ae0e389535813e5f1d8226f594e7,ff4006c,0.1.0,2026-05-26T14:42:34+00:00
2023-08-02,Mkt-RF,FF,0.99,0.02094052090909413,0.08134039581523367,0.12446591009826427,0,0,synthetic-v1,F16_default,786ddba614cca0b18e42a1f878450d559eb8ae0e389535813e5f1d8226f594e7,ff4006c,0.1.0,2026-05-26T14:42:34+00:00
2023-08-02,Mkt-RF,FF,0.995,0.02094052090909413,0.10358262044287318,0.1580032839570164,0,0,synthetic-v1,F16_default,786ddba614cca0b18e42a1f878450d559eb8ae0e389535813e5f1d8226f594e7,ff4006c,0.1.0,2026-05-26T14:42:34+00:00
2023-08-03,Mkt-RF,FF,0.99,-0.009720047754921406,0.08142708262064514,0.12404875656391165,0,0,synthetic-v1,F16_default,786ddba614cca0b18e42a1f878450d559eb8ae0e389535813e5f1d8226f594e7,ff4006c,0.1.0,2026-05-26T14:42:34+00:00
2023-08-03,Mkt-RF,FF,0.995,-0.009720047754921406,0.103390038905015,0.15737599925124957,0,0,synthetic-v1,F16_default,786ddba614cca0b18e42a1f878450d559eb8ae0e389535813e5f1d8226f594e7,ff4006c,0.1.0,2026-05-26T14:42:34+00:00
2023-08-04,Mkt-RF,FF,0.99,0.008211793125234025,0.08131237406974699,0.12410669344805253,0,0,synthetic-v1,F16_default,786ddba614cca0b18e42a1f878450d559eb8ae0e389535813e5f1d8226f594e7,ff4006c,0.1.0,2026-05-26T14:42:34+00:00
2023-08-04,Mkt-RF,FF,0.995,0.008211793125234025,0.10335801413892384,0.1574703369006656,0,0,synthetic-v1,F16_default,786ddba614cca0b18e42a1f878450d559eb8ae0e389535813e5f1d8226f594e7,ff4006c,0.1.0,2026-05-26T14:42:34+00:00
2023-08-07,Mkt-RF,FF,0.99,-0.013764837570044654,0.08082683645482118,0.1234073365183043,0,0,synthetic-v1,F16_default,786ddba614cca0b18e42a1f878450d559eb8ae0e389535813e5f1d8226f594e7,ff4006c,0.1.0,2026-05-26T14:42:34+00:00
2023-08-07,Mkt-RF,FF,0.995,-0.013764837570044654,0.10269788688200376,0.15643067561762103,0,0,synthetic-v1,F16_default,786ddba614cca0b18e42a1f878450d559eb8ae0e389535813e5f1d8226f594e7,ff4006c,0.1.0,2026-05-26T14:42:34+00:00
2023-08-08,Mkt-RF,FF,0.99,0.01668952833352348,0.08064310716808722,0.12295961076706605,0,0,synthetic-v1,F16_default,786ddba614cca0b18e42a1f878450d559eb8ae0e389535813e5f1d8226f594e7,ff4006c,0.1.0,2026-05-26T14:42:34+00:00
2023-08-08,Mkt-RF,FF,0.995,0.01668952833352348,0.10246511335295484,0.15607265494225978,0,0,synthetic-v1,F16_default,786ddba614cca0b18e42a1f878450d559eb8ae0e389535813e5f1d8226f594e7,ff4006c,0.1.0,2026-05-26T14:42:34+00:00
2023-08-09,Mkt-RF,FF,0.99,0.0035132010740295916,0.08199623150834381,0.12698973715312822,0,0,synthetic-v1,F16_default,786ddba614cca0b18e42a1f878450d559eb8ae0e389535813e5f1d8226f594e7,ff4006c,0.1.0,2026-05-26T14:42:34+00:00
2023-08-09,Mkt-RF,FF,0.995,0.0035132010740295916,0.1048103894352296,0.16212922323687198,0,0,synthetic-v1,F16_default,786ddba614cca0b18e42a1f878450d559eb8ae0e389535813e5f1d8226f594e7,ff4006c,0.1.0,2026-05-26T14:42:34+00:00
2023-08-10,Mkt-RF,FF,0.99,-0.02278384549308971,0.08188139309668449,0.12690214056247953,0,0,synthetic-v1,F16_default,786ddba614cca0b18e42a1f878450d559eb8ae0e389535813e5f1d8226f594e7,ff4006c,0.1.0,2026-05-26T14:42:34+00:00
2023-08-10,Mkt-RF,FF,0.995,-0.02278384549308971,0.10481917305662292,0.16208987637779534,0,0,synthetic-v1,F16_default,786ddba614cca0b18e42a1f878450d559eb8ae0e389535813e5f1d8226f594e7,ff4006c,0.1.0,2026-05-26T14:42:34+00:00
2023-08-11,Mkt-RF,FF,0.99,-0.0181813161875142,0.08146601008160101,0.1263065008343624,0,0,synthetic-v1,F16_default,786ddba614cca0b18e42a1f878450d559eb8ae0e389535813e5f1d8226f594e7,ff4006c,0.1.0,2026-05-26T14:42:34+00:00
2023-08-11,Mkt-RF,FF,0.995,-0.0181813161875142,0.10424649218606342,0.1614007199462763,0,0,synthetic-v1,F16_default,786ddba614cca0b18e42a1f878450d559eb8ae0e389535813e5f1d8226f594e7,ff4006c,0.1.0,2026-05-26T14:42:34+00:00
2023-08-14,Mkt-RF,FF,0.99,-0.008558856719964912,0.08241348593945942,0.12772726776631443,0,0,synthetic-v1,F16_default,786ddba614cca0b18e42a1f878450d559eb8ae0e389535813e5f1d8226f594e7,ff4006c,0.1.0,2026-05-26T14:42:34+00:00
2023-08-14,Mkt-RF,FF,0.995,-0.008558856719964912,0.10554233511205743,0.162782812450712,0,0,synthetic-v1,F16_default,786ddba614cca0b18e42a1f878450d559eb8ae0e389535813e5f1d8226f594e7,ff4006c,0.1.0,2026-05-26T14:42:34+00:00
2023-08-15,Mkt-RF,FF,0.99,-0.005286565927780446,0.0823927627474434,0.127704664881785,0,0,synthetic-v1,F16_default,786ddba614cca0b18e42a1f878450d559eb8ae0e389535813e5f1d8226f594e7,ff4006c,0.1.0,2026-05-26T14:42:34+00:00
2023-08-15,Mkt-RF,FF,0.995,-0.005286565927780446,0.10569542040274904,0.16303001521308047,0,0,synthetic-v1,F16_default,786ddba614cca0b18e42a1f878450d559eb8ae0e389535813e5f1d8226f594e7,ff4006c,0.1.0,2026-05-26T14:42:34+00:00
2023-08-16,Mkt-RF,FF,0.99,0.001306010379292741,0.08245831765578802,0.12753236017901812,0,0,synthetic-v1,F16_default,786ddba614cca0b18e42a1f878450d559eb8ae0e389535813e5f1d8226f594e7,ff4006c,0.1.0,2026-05-26T14:42:34+00:00
2023-08-16,Mkt-RF,FF,0.995,0.001306010379292741,0.10540947806681779,0.16263190245185952,0,0,synthetic-v1,F16_default,786ddba614cca0b18e42a1f878450d559eb8ae0e389535813e5f1d8226f594e7,ff4006c,0.1.0,2026-05-26T14:42:34+00:00
2023-08-17,Mkt-RF,FF,0.99,-0.00311830569561322,0.08312968934573188,0.1284275950031914,0,0,synthetic-v1,F16_default,786ddba614cca0b18e42a1f878450d559eb8ae0e389535813e5f1d8226f594e7,ff4006c,0.1.0,2026-05-26T14:42:34+00:00
2023-08-17,Mkt-RF,FF,0.995,-0.00311830569561322,0.10637002228383759,0.16362090513483474,0,0,synthetic-v1,F16_default,786ddba614cca0b18e42a1f878450d559eb8ae0e389535813e5f1d8226f594e7,ff4006c,0.1.0,2026-05-26T14:42:34+00:00
2023-08-18,Mkt-RF,FF,0.99,-0.01067788441889724,0.08283418583168825,0.12780508634333784,0,0,synthetic-v1,F16_default,786ddba614cca0b18e42a1f878450d559eb8ae0e389535813e5f1d8226f594e7,ff4006c,0.1.0,2026-05-26T14:42:34+00:00
2023-08-18,Mkt-RF,FF,0.995,-0.01067788441889724,0.10587023507836851,0.1629708211618488,0,0,synthetic-v1,F16_default,786ddba614cca0b18e42a1f878450d559eb8ae0e389535813e5f1d8226f594e7,ff4006c,0.1.0,2026-05-26T14:42:34+00:00
2023-08-21,Mkt-RF,FF,0.99,-0.0034058420026789544,0.08268810578266965,0.12797728810077713,0,0,synthetic-v1,F16_default,786ddba614cca0b18e42a1f878450d559eb8ae0e389535813e5f1d8226f594e7,ff4006c,0.1.0,2026-05-26T14:42:34+00:00
2023-08-21,Mkt-RF,FF,0.995,-0.0034058420026789544,0.10588990409692856,0.1628790909084743,0,0,synthetic-v1,F16_default,786ddba614cca0b18e42a1f878450d559eb8ae0e389535813e5f1d8226f594e7,ff4006c,0.1.0,2026-05-26T14:42:34+00:00
2023-08-22,Mkt-RF,FF,0.99,0.011950137719217793,0.08280170697136101,0.12784369185965214,0,0,synthetic-v1,F16_default,786ddba614cca0b18e42a1f878450d559eb8ae0e389535813e5f1d8226f594e7,ff4006c,0.1.0,2026-05-26T14:42:34+00:00
2023-08-22,Mkt-RF,FF,0.995,0.011950137719217793,0.10575098889056578,0.16274563887460783,0,0,synthetic-v1,F16_default,786ddba614cca0b18e42a1f878450d559eb8ae0e389535813e5f1d8226f594e7,ff4006c,0.1.0,2026-05-26T14:42:34+00:00
2023-08-23,Mkt-RF,FF,0.99,-0.010924033149099678,0.0827679773089635,0.12778802546836665,0,0,synthetic-v1,F16_default,786ddba614cca0b18e42a1f878450d559eb8ae0e389535813e5f1d8226f594e7,ff4006c,0.1.0,2026-05-26T14:42:34+00:00
2023-08-23,Mkt-RF,FF,0.995,-0.010924033149099678,0.1057761006685083,0.16294005898294112,0,0,synthetic-v1,F16_default,786ddba614cca0b18e42a1f878450d559eb8ae0e389535813e5f1d8226f594e7,ff4006c,0.1.0,2026-05-26T14:42:34+00:00
2023-08-24,Mkt-RF,FF,0.99,-0.018352432941233832,0.08306782226751924,0.12822048156778162,0,0,synthetic-v1,F16_default,786ddba614cca0b18e42a1f878450d559eb8ae0e389535813e5f1d8226f594e7,ff4006c,0.1.0,2026-05-26T14:42:34+00:00
2023-08-24,Mkt-RF,FF,0.995,-0.018352432941233832,0.10605914221679921,0.16293404652901425,0,0,synthetic-v1,F16_default,786ddba614cca0b18e42a1f878450d559eb8ae0e389535813e5f1d8226f594e7,ff4006c,0.1.0,2026-05-26T14:42:34+00:00
2023-08-25,Mkt-RF,FF,0.99,0.025660746955016387,0.08282379130840437,0.1270528242465016,0,0,synthetic-v1,F16_default,786ddba614cca0b18e42a1f878450d559eb8ae0e389535813e5f1d8226f594e7,ff4006c,0.1.0,2026-05-26T14:42:34+00:00
2023-08-25,Mkt-RF,FF,0.995,0.025660746955016387,0.10538697033947969,0.16178036549721878,0,0,synthetic-v1,F16_default,786ddba614cca0b18e42a1f878450d559eb8ae0e389535813e5f1d8226f594e7,ff4006c,0.1.0,2026-05-26T14:42:34+00:00
2023-08-28,Mkt-RF,FF,0.99,-0.0020142668365061124,0.0807725530312224,0.12335624331892914,0,0,synthetic-v1,F16_default,786ddba614cca0b18e42a1f878450d559eb8ae0e389535813e5f1d8226f594e7,ff4006c,0.1.0,2026-05-26T14:42:34+00:00
2023-08-28,Mkt-RF,FF,0.995,-0.0020142668365061124,0.10268233702326562,0.1560804559440344,0,0,synthetic-v1,F16_default,786ddba614cca0b18e42a1f878450d559eb8ae0e389535813e5f1d8226f594e7,ff4006c,0.1.0,2026-05-26T14:42:34+00:00
2023-08-29,Mkt-RF,FF,0.99,-0.001667074490235336,0.08103748958895908,0.12356521583737075,0,0,synthetic-v1,F16_default,786ddba614cca0b18e42a1f878450d559eb8ae0e389535813e5f1d8226f594e7,ff4006c,0.1.0,2026-05-26T14:42:34+00:00
2023-08-29,Mkt-RF,FF,0.995,-0.001667074490235336,0.10290925627183846,0.15644525343481833,0,0,synthetic-v1,F16_default,786ddba614cca0b18e42a1f878450d559eb8ae0e389535813e5f1d8226f594e7,ff4006c,0.1.0,2026-05-26T14:42:34+00:00
2023-08-30,Mkt-RF,FF,0.99,-0.001281305157920778,0.07463026448101212,0.11120980552360063,0,0,synthetic-v1,F16_default,786ddba614cca0b18e42a1f878450d559eb8ae0e389535813e5f1d8226f594e7,ff4006c,0.1.0,2026-05-26T14:42:34+00:00
2023-08-30,Mkt-RF,FF,0.995,-0.001281305157920778,0.09382339562900717,0.13929373118813,0,0,synthetic-v1,F16_default,786ddba614cca0b18e42a1f878450d559eb8ae0e389535813e5f1d8226f594e7,ff4006c,0.1.0,2026-05-26T14:42:34+00:00
2023-08-31,Mkt-RF,FF,0.99,0.015646035801987344,0.07462914294767975,0.1110109082345836,0,0,synthetic-v1,F16_default,786ddba614cca0b18e42a1f878450d559eb8ae0e389535813e5f1d8226f594e7,ff4006c,0.1.0,2026-05-26T14:42:34+00:00
2023-08-31,Mkt-RF,FF,0.995,0.015646035801987344,0.09381238152791041,0.13918406447555748,0,0,synthetic-v1,F16_default,786ddba614cca0b18e42a1f878450d559eb8ae0e389535813e5f1d8226f594e7,ff4006c,0.1.0,2026-05-26T14:42:34+00:00
2023-09-01,Mkt-RF,FF,0.99,0.012745254266253817,0.074379768799751,0.11067413301650335,0,0,synthetic-v1,F16_default,786ddba614cca0b18e42a1f878450d559eb8ae0e389535813e5f1d8226f594e7,ff4006c,0.1.0,2026-05-26T14:42:34+00:00
2023-09-01,Mkt-RF,FF,0.995,0.012745254266253817,0.0933430232415985,0.13878047271356936,0,0,synthetic-v1,F16_default,786ddba614cca0b18e42a1f878450d559eb8ae0e389535813e5f1d8226f594e7,ff4006c,0.1.0,2026-05-26T14:42:34+00:00
2023-09-04,Mkt-RF,FF,0.99,0.016075182921838554,0.07479914557385428,0.11223225618609463,0,0,synthetic-v1,F16_default,786ddba614cca0b18e42a1f878450d559eb8ae0e389535813e5f1d8226f594e7,ff4006c,0.1.0,2026-05-26T14:42:34+00:00
2023-09-04,Mkt-RF,FF,0.995,0.016075182921838554,0.09415668518062262,0.14127985221923473,0,0,synthetic-v1,F16_default,786ddba614cca0b18e42a1f878450d559eb8ae0e389535813e5f1d8226f594e7,ff4006c,0.1.0,2026-05-26T14:42:34+00:00
2023-09-05,Mkt-RF,FF,0.99,-0.005637280646156207,0.07432309103803296,0.11175662979575351,0,0,synthetic-v1,F16_default,786ddba614cca0b18e42a1f878450d559eb8ae0e389535813e5f1d8226f594e7,ff4006c,0.1.0,2026-05-26T14:42:34+00:00
2023-09-05,Mkt-RF,FF,0.995,-0.005637280646156207,0.09372051375528351,0.14063485482040905,0,0,synthetic-v1,F16_default,786ddba614cca0b18e42a1f878450d559eb8ae0e389535813e5f1d8226f594e7,ff4006c,0.1.0,2026-05-26T14:42:34+00:00
2023-09-06,Mkt-RF,FF,0.99,0.03904944140937948,0.07441223479373939,0.11188358962186487,0,0,synthetic-v1,F16_default,786ddba614cca0b18e42a1f878450d559eb8ae0e389535813e5f1d8226f594e7,ff4006c,0.1.0,2026-05-26T14:42:34+00:00
2023-09-06,Mkt-RF,FF,0.995,0.03904944140937948,0.09387038098278154,0.14062671569799826,0,0,synthetic-v1,F16_default,786ddba614cca0b18e42a1f878450d559eb8ae0e389535813e5f1d8226f594e7,ff4006c,0.1.0,2026-05-26T14:42:34+00:00
2023-09-07,Mkt-RF,FF,0.99,0.007631329435699834,0.07765477929501612,0.11833034009150646,0,0,synthetic-v1,F16_default,786ddba614cca0b18e42a1f878450d559eb8ae0e389535813e5f1d8226f594e7,ff4006c,0.1.0,2026-05-26T14:42:34+00:00
2023-09-07,Mkt-RF,FF,0.995,0.007631329435699834,0.09849943532618155,0.14960151665135196,0,0,synthetic-v1,F16_default,786ddba614cca0b18e42a1f878450d559eb8ae0e389535813e5f1d8226f594e7,ff4006c,0.1.0,2026-05-26T14:42:34+00:00
2023-09-08,Mkt-RF,FF,0.99,0.010294841308222702,0.07811441888788606,0.11863172417691861,0,0,synthetic-v1,F16_default,786ddba614cca0b18e42a1f878450d559eb8ae0e389535813e5f1d8226f594e7,ff4006c,0.1.0,2026-05-26T14:42:34+00:00
2023-09-08,Mkt-RF,FF,0.995,0.010294841308222702,0.0990016420270599,0.15007904533093203,0,0,synthetic-v1,F16_default,786ddba614cca0b18e42a1f878450d559eb8ae0e389535813e5f1d8226f594e7,ff4006c,0.1.0,2026-05-26T14:42:34+00:00
2023-09-11,Mkt-RF,FF,0.99,0.002695342120604858,0.07815005172519827,0.11872072960883263,0,0,synthetic-v1,F16_default,786ddba614cca0b18e42a1f878450d559eb8ae0e389535813e5f1d8226f594e7,ff4006c,0.1.0,2026-05-26T14:42:34+00:00
2023-09-11,Mkt-RF,FF,0.995,0.002695342120604858,0.09923403516276433,0.15026360032391345,0,0,synthetic-v1,F16_default,786ddba614cca0b18e42a1f878450d559eb8ae0e389535813e5f1d8226f594e7,ff4006c,0.1.0,2026-05-26T14:42:34+00:00
2023-09-12,Mkt-RF,FF,0.99,0.01326689876171495,0.08239965005973825,0.12983668011566238,0,0,synthetic-v1,F16_default,786ddba614cca0b18e42a1f878450d559eb8ae0e389535813e5f1d8226f594e7,ff4006c,0.1.0,2026-05-26T14:42:34+00:00
2023-09-12,Mkt-RF,FF,0.995,0.01326689876171495,0.10623569934878935,0.16695860850639677,0,0,synthetic-v1,F16_default,786ddba614cca0b18e42a1f878450d559eb8ae0e389535813e5f1d8226f594e7,ff4006c,0.1.0,2026-05-26T14:42:34+00:00
2023-09-13,Mkt-RF,FF,0.99,-0.0008197284284231474,0.08234454863579901,0.1297679175207103,0,0,synthetic-v1,F16_default,786ddba614cca0b18e42a1f878450d559eb8ae0e389535813e5f1d8226f594e7,ff4006c,0.1.0,2026-05-26T14:42:34+00:00
2023-09-13,Mkt-RF,FF,0.995,-0.0008197284284231474,0.10637369293697338,0.1669037141374779,0,0,synthetic-v1,F16_default,786ddba614cca0b18e42a1f878450d559eb8ae0e389535813e5f1d8226f594e7,ff4006c,0.1.0,2026-05-26T14:42:34+00:00
2023-09-14,Mkt-RF,FF,0.99,-0.014268642458522508,0.08293101973706642,0.13020240723715593,0,0,synthetic-v1,F16_default,786ddba614cca0b18e42a1f878450d559eb8ae0e389535813e5f1d8226f594e7,ff4006c,0.1.0,2026-05-26T14:42:34+00:00
2023-09-14,Mkt-RF,FF,0.995,-0.014268642458522508,0.10698616099397365,0.1673198714496894,0,0,synthetic-v1,F16_default,786ddba614cca0b18e42a1f878450d559eb8ae0e389535813e5f1d8226f594e7,ff4006c,0.1.0,2026-05-26T14:42:34+00:00
2023-09-15,Mkt-RF,FF,0.99,-0.019197503996525103,0.08338479895119605,0.13082221111462955,0,0,synthetic-v1,F16_default,786ddba614cca0b18e42a1f878450d559eb8ae0e389535813e5f1d8226f594e7,ff4006c,0.1.0,2026-05-26T14:42:34+00:00
2023-09-15,Mkt-RF,FF,0.995,-0.019197503996525103,0.10709161435461609,0.16788011427902738,0,0,synthetic-v1,F16_default,786ddba614cca0b18e42a1f878450d559eb8ae0e389535813e5f1d8226f594e7,ff4006c,0.1.0,2026-05-26T14:42:34+00:00
2023-09-18,Mkt-RF,FF,0.99,-0.013904647647369345,0.08240600587944896,0.12995679556460796,0,0,synthetic-v1,F16_default,786ddba614cca0b18e42a1f878450d559eb8ae0e389535813e5f1d8226f594e7,ff4006c,0.1.0,2026-05-26T14:42:34+00:00
2023-09-18,Mkt-RF,FF,0.995,-0.013904647647369345,0.10603785168300618,0.16721044215471442,0,0,synthetic-v1,F16_default,786ddba614cca0b18e42a1f878450d559eb8ae0e389535813e5f1d8226f594e7,ff4006c,0.1.0,2026-05-26T14:42:34+00:00
2023-09-19,Mkt-RF,FF,0.99,-0.003150692374636893,0.08263907368686191,0.1302079013507819,0,0,synthetic-v1,F16_default,786ddba614cca0b18e42a1f878450d559eb8ae0e389535813e5f1d8226f594e7,ff4006c,0.1.0,2026-05-26T14:42:34+00:00
2023-09-19,Mkt-RF,FF,0.995,-0.003150692374636893,0.10665795869457204,0.16746141046306665,0,0,synthetic-v1,F16_default,786ddba614cca0b18e42a1f878450d559eb8ae0e389535813e5f1d8226f594e7,ff4006c,0.1.0,2026-05-26T14:42:34+00:00
2023-09-20,Mkt-RF,FF,0.99,-0.02483275443330065,0.08259663879939587,0.13014862521492512,0,0,synthetic-v1,F16_default,786ddba614cca0b18e42a1f878450d559eb8ae0e389535813e5f1d8226f594e7,ff4006c,0.1.0,2026-05-26T14:42:34+00:00
2023-09-20,Mkt-RF,FF,0.995,-0.02483275443330065,0.10671239544932386,0.16754372192931616,0,0,synthetic-v1,F16_default,786ddba614cca0b18e42a1f878450d559eb8ae0e389535813e5f1d8226f594e7,ff4006c,0.1.0,2026-05-26T14:42:34+00:00
2023-09-21,Mkt-RF,FF,0.99,0.01488217831940174,0.08302850798667348,0.13061112784418855,0,0,synthetic-v1,F16_default,786ddba614cca0b18e42a1f878450d559eb8ae0e389535813e5f1d8226f594e7,ff4006c,0.1.0,2026-05-26T14:42:34+00:00
2023-09-21,Mkt-RF,FF,0.995,0.01488217831940174,0.10688258482948253,0.16798682450083924,0,0,synthetic-v1,F16_default,786ddba614cca0b18e42a1f878450d559eb8ae0e389535813e5f1d8226f594e7,ff4006c,0.1.0,2026-05-26T14:42:34+00:00
2023-09-22,Mkt-RF,FF,0.99,-0.012981177728458452,0.08265625940762374,0.13068038249085906,0,0,synthetic-v1,F16_default,786ddba614cca0b18e42a1f878450d559eb8ae0e389535813e5f1d8226f594e7,ff4006c,0.1.0,2026-05-26T14:42:34+00:00
2023-09-22,Mkt-RF,FF,0.995,-0.012981177728458452,0.10680606366227585,0.16773341724199198,0,0,synthetic-v1,F16_default,786ddba614cca0b18e42a1f878450d559eb8ae0e389535813e5f1d8226f594e7,ff4006c,0.1.0,2026-05-26T14:42:34+00:00
2023-09-25,Mkt-RF,FF,0.99,0.010833340581681165,0.08237425107160067,0.12983073640214965,0,0,synthetic-v1,F16_default,786ddba614cca0b18e42a1f878450d559eb8ae0e389535813e5f1d8226f594e7,ff4006c,0.1.0,2026-05-26T14:42:34+00:00
2023-09-25,Mkt-RF,FF,0.995,0.010833340581681165,0.106464426989614,0.16676707431941695,0,0,synthetic-v1,F16_default,786ddba614cca0b18e42a1f878450d559eb8ae0e389535813e5f1d8226f594e7,ff4006c,0.1.0,2026-05-26T14:42:34+00:00
2023-09-26,Mkt-RF,FF,0.99,-0.01599412680991044,0.08234365234263544,0.12930705941419413,0,0,synthetic-v1,F16_default,786ddba614cca0b18e42a1f878450d559eb8ae0e389535813e5f1d8226f594e7,ff4006c,0.1.0,2026-05-26T14:42:34+00:00
2023-09-26,Mkt-RF,FF,0.995,-0.01599412680991044,0.10585797168482793,0.16623308861835717,0,0,synthetic-v1,F16_default,786ddba614cca0b18e42a1f878450d559eb8ae0e389535813e5f1d8226f594e7,ff4006c,0.1.0,2026-05-26T14:42:34+00:00
2023-09-27,Mkt-RF,FF,0.99,0.006873659914151047,0.08215973271684456,0.12920913959789082,0,0,synthetic-v1,F16_default,786ddba614cca0b18e42a1f878450d559eb8ae0e389535813e5f1d8226f594e7,ff4006c,0.1.0,2026-05-26T14:42:34+00:00
2023-09-27,Mkt-RF,FF,0.995,0.006873659914151047,0.10596207981425429,0.16619795298080667,0,0,synthetic-v1,F16_default,786ddba614cca0b18e42a1f878450d559eb8ae0e389535813e5f1d8226f594e7,ff4006c,0.1.0,2026-05-26T14:42:34+00:00
2023-09-28,Mkt-RF,FF,0.99,-0.002970932684914933,0.08227635555903742,0.12935596367156385,0,0,synthetic-v1,F16_default,786ddba614cca0b18e42a1f878450d559eb8ae0e389535813e5f1d8226f594e7,ff4006c,0.1.0,2026-05-26T14:42:34+00:00
2023-09-28,Mkt-RF,FF,0.995,-0.002970932684914933,0.10586016408214952,0.16643728824824938,0,0,synthetic-v1,F16_default,786ddba614cca0b18e42a1f878450d559eb8ae0e389535813e5f1d8226f594e7,ff4006c,0.1.0,2026-05-26T14:42:34+00:00
2023-09-29,Mkt-RF,FF,0.99,0.013976917770194887,0.08212697798681358,0.1289943305845146,0,0,synthetic-v1,F16_default,786ddba614cca0b18e42a1f878450d559eb8ae0e389535813e5f1d8226f594e7,ff4006c,0.1.0,2026-05-26T14:42:34+00:00
2023-09-29,Mkt-RF,FF,0.995,0.013976917770194887,0.10569345013650061,0.16580706381006596,0,0,synthetic-v1,F16_default,786ddba614cca0b18e42a1f878450d559eb8ae0e389535813e5f1d8226f594e7,ff4006c,0.1.0,2026-05-26T14:42:34+00:00
2023-10-02,Mkt-RF,FF,0.99,0.019130986778795916,0.08199579655560808,0.12919279511731957,0,0,synthetic-v1,F16_default,786ddba614cca0b18e42a1f878450d559eb8ae0e389535813e5f1d8226f594e7,ff4006c,0.1.0,2026-05-26T14:42:34+00:00
2023-10-02,Mkt-RF,FF,0.995,0.019130986778795916,0.10578250665576587,0.16584601548584707,0,0,synthetic-v1,F16_default,786ddba614cca0b18e42a1f878450d559eb8ae0e389535813e5f1d8226f594e7,ff4006c,0.1.0,2026-05-26T14:42:34+00:00
2023-10-03,Mkt-RF,FF,0.99,-0.006856435521240643,0.0813543576177988,0.12716964197333067,0,0,synthetic-v1,F16_default,786ddba614cca0b18e42a1f878450d559eb8ae0e389535813e5f1d8226f594e7,ff4006c,0.1.0,2026-05-26T14:42:34+00:00
2023-10-03,Mkt-RF,FF,0.995,-0.006856435521240643,0.10450836806442548,0.16305851449902636,0,0,synthetic-v1,F16_default,786ddba614cca0b18e42a1f878450d559eb8ae0e389535813e5f1d8226f594e7,ff4006c,0.1.0,2026-05-26T14:42:34+00:00
2023-10-04,Mkt-RF,FF,0.99,0.0009938659208125805,0.08105678246635692,0.12708954728118355,0,0,synthetic-v1,F16_default,786ddba614cca0b18e42a1f878450d559eb8ae0e389535813e5f1d8226f594e7,ff4006c,0.1.0,2026-05-26T14:42:34+00:00
2023-10-04,Mkt-RF,FF,0.995,0.0009938659208125805,0.10423673301466774,0.16294184208280887,0,0,synthetic-v1,F16_default,786ddba614cca0b18e42a1f878450d559eb8ae0e389535813e5f1d8226f594e7,ff4006c,0.1.0,2026-05-26T14:42:34+00:00
2023-10-05,Mkt-RF,FF,0.99,-0.013794985004313481,0.08117788375523172,0.12696237238073382,0,0,synthetic-v1,F16_default,786ddba614cca0b18e42a1f878450d559eb8ae0e389535813e5f1d8226f594e7,ff4006c,0.1.0,2026-05-26T14:42:34+00:00
2023-10-05,Mkt-RF,FF,0.995,-0.013794985004313481,0.10426048207756411,0.16277632515939797,0,0,synthetic-v1,F16_default,786ddba614cca0b18e42a1f878450d559eb8ae0e389535813e5f1d8226f594e7,ff4006c,0.1.0,2026-05-26T14:42:34+00:00
2023-10-06,Mkt-RF,FF,0.99,-0.007423441023255297,0.08083315596272302,0.12654098758112237,0,0,synthetic-v1,F16_default,786ddba614cca0b18e42a1f878450d559eb8ae0e389535813e5f1d8226f594e7,ff4006c,0.1.0,2026-05-26T14:42:34+00:00
2023-10-06,Mkt-RF,FF,0.995,-0.007423441023255297,0.10370456130342719,0.16239936552104162,0,0,synthetic-v1,F16_default,786ddba614cca0b18e42a1f878450d559eb8ae0e389535813e5f1d8226f594e7,ff4006c,0.1.0,2026-05-26T14:42:34+00:00
2023-10-09,Mkt-RF,FF,0.99,-3.27437427055578e-05,0.08079767877313064,0.12650925664158594,0,0,synthetic-v1,F16_default,786ddba614cca0b18e42a1f878450d559eb8ae0e389535813e5f1d8226f594e7,ff4006c,0.1.0,2026-05-26T14:42:34+00:00
2023-10-09,Mkt-RF,FF,0.995,-3.27437427055578e-05,0.10386734972990873,0.1624402343363252,0,0,synthetic-v1,F16_default,786ddba614cca0b18e42a1f878450d559eb8ae0e389535813e5f1d8226f594e7,ff4006c,0.1.0,2026-05-26T14:42:34+00:00
2023-10-10,Mkt-RF,FF,0.99,0.00465304564048684,0.081320680115705,0.12678889029935778,0,0,synthetic-v1,F16_default,786ddba614cca0b18e42a1f878450d559eb8ae0e389535813e5f1d8226f594e7,ff4006c,0.1.0,2026-05-26T14:42:34+00:00
2023-10-10,Mkt-RF,FF,0.995,0.00465304564048684,0.1044569965607054,0.16249095117374732,0,0,synthetic-v1,F16_default,786ddba614cca0b18e42a1f878450d559eb8ae0e389535813e5f1d8226f594e7,ff4006c,0.1.0,2026-05-26T14:42:34+00:00
2023-10-11,Mkt-RF,FF,0.99,0.0004725037447889635,0.08125025492728367,0.12688965745389758,0,0,synthetic-v1,F16_default,786ddba614cca0b18e42a1f878450d559eb8ae0e389535813e5f1d8226f594e7,ff4006c,0.1.0,2026-05-26T14:42:34+00:00
2023-10-11,Mkt-RF,FF,0.995,0.0004725037447889635,0.104164391719506,0.16252844835068186,0,0,synthetic-v1,F16_default,786ddba614cca0b18e42a1f878450d559eb8ae0e389535813e5f1d8226f594e7,ff4006c,0.1.0,2026-05-26T14:42:34+00:00
2023-10-12,Mkt-RF,FF,0.99,-0.0040700969009550185,0.08149240524695862,0.12718897472256047,0,0,synthetic-v1,F16_default,786ddba614cca0b18e42a1f878450d559eb8ae0e389535813e5f1d8226f594e7,ff4006c,0.1.0,2026-05-26T14:42:34+00:00
2023-10-12,Mkt-RF,FF,0.995,-0.0040700969009550185,0.10436344957028457,0.16287380487398917,0,0,synthetic-v1,F16_default,786ddba614cca0b18e42a1f878450d559eb8ae0e389535813e5f1d8226f594e7,ff4006c,0.1.0,2026-05-26T14:42:34+00:00
2023-10-13,Mkt-RF,FF,0.99,0.009656558792587073,0.08154359057254443,0.12709009730138351,0,0,synthetic-v1,F16_default,786ddba614cca0b18e42a1f878450d559eb8ae0e389535813e5f1d8226f594e7,ff4006c,0.1.0,2026-05-26T14:42:34+00:00
2023-10-13,Mkt-RF,FF,0.995,0.009656558792587073,0.10439549685288292,0.1629599598281198,0,0,synthetic-v1,F16_default,786ddba614cca0b18e42a1f878450d559eb8ae0e389535813e5f1d8226f594e7,ff4006c,0.1.0,2026-05-26T14:42:34+00:00
2023-10-16,Mkt-RF,FF,0.99,0.007786575914459206,0.08125090551246263,0.1270700941793972,0,0,synthetic-v1,F16_default,786ddba614cca0b18e42a1f878450d559eb8ae0e389535813e5f1d8226f594e7,ff4006c,0.1.0,2026-05-26T14:42:34+00:00
2023-10-16,Mkt-RF,FF,0.995,0.007786575914459206,0.10464387276419178,0.16289843485231362,0,0,synthetic-v1,F16_default,786ddba614cca0b18e42a1f878450d559eb8ae0e389535813e5f1d8226f594e7,ff4006c,0.1.0,2026-05-26T14:42:34+00:00
2023-10-17,Mkt-RF,FF,0.99,0.01888363202708389,0.08214277752104275,0.12796693146496005,0,0,synthetic-v1,F16_default,786ddba614cca0b18e42a1f878450d559eb8ae0e389535813e5f1d8226f594e7,ff4006c,0.1.0,2026-05-26T14:42:34+00:00
2023-10-17,Mkt-RF,FF,0.995,0.01888363202708389,0.10506278561136055,0.16381604257715335,0,0,synthetic-v1,F16_default,786ddba614cca0b18e42a1f878450d559eb8ae0e389535813e5f1d8226f594e7,ff4006c,0.1.0,2026-05-26T14:42:34+00:00
2023-10-18,Mkt-RF,FF,0.99,-0.0008977412112257634,0.07745842667061917,0.11838164322054523,0,0,synthetic-v1,F16_default,786ddba614cca0b18e42a1f878450d559eb8ae0e389535813e5f1d8226f594e7,ff4006c,0.1.0,2026-05-26T14:42:34+00:00
2023-10-18,Mkt-RF,FF,0.995,-0.0008977412112257634,0.0987281152107575,0.14993180708616083,0,0,synthetic-v1,F16_default,786ddba614cca0b18e42a1f878450d559eb8ae0e389535813e5f1d8226f594e7,ff4006c,0.1.0,2026-05-26T14:42:34+00:00
2023-10-19,Mkt-RF,FF,0.99,0.03079443473572458,0.0779398056016312,0.11865007267569434,0,0,synthetic-v1,F16_default,786ddba614cca0b18e42a1f878450d559eb8ae0e389535813e5f1d8226f594e7,ff4006c,0.1.0,2026-05-26T14:42:34+00:00
2023-10-19,Mkt-RF,FF,0.995,0.03079443473572458,0.09872512081268436,0.1504494895152072,0,0,synthetic-v1,F16_default,786ddba614cca0b18e42a1f878450d559eb8ae0e389535813e5f1d8226f594e7,ff4006c,0.1.0,2026-05-26T14:42:34+00:00
2023-10-20,Mkt-RF,FF,0.99,0.015262333527785303,0.07735993063237398,0.11698506422481028,0,0,synthetic-v1,F16_default,786ddba614cca0b18e42a1f878450d559eb8ae0e389535813e5f1d8226f594e7,ff4006c,0.1.0,2026-05-26T14:42:34+00:00
2023-10-20,Mkt-RF,FF,0.995,0.015262333527785303,0.09790127872549767,0.1477225122785221,0,0,synthetic-v1,F16_default,786ddba614cca0b18e42a1f878450d559eb8ae0e389535813e5f1d8226f594e7,ff4006c,0.1.0,2026-05-26T14:42:34+00:00
2023-10-23,Mkt-RF,FF,0.99,-0.008934650639429427,0.07620269141829279,0.11562646978871137,0,0,synthetic-v1,F16_default,786ddba614cca0b18e42a1f878450d559eb8ae0e389535813e5f1d8226f594e7,ff4006c,0.1.0,2026-05-26T14:42:34+00:00
2023-10-23,Mkt-RF,FF,0.995,-0.008934650639429427,0.09653820678951881,0.14615633432454372,0,0,synthetic-v1,F16_default,786ddba614cca0b18e42a1f878450d559eb8ae0e389535813e5f1d8226f594e7,ff4006c,0.1.0,2026-05-26T14:42:34+00:00
2023-10-24,Mkt-RF,FF,0.99,0.004814794545143029,0.07616321640795065,0.11531144017991454,0,0,synthetic-v1,F16_default,786ddba614cca0b18e42a1f878450d559eb8ae0e389535813e5f1d8226f594e7,ff4006c,0.1.0,2026-05-26T14:42:34+00:00
2023-10-24,Mkt-RF,FF,0.995,0.004814794545143029,0.0965002452036779,0.14578331003890732,0,0,synthetic-v1,F16_default,786ddba614cca0b18e42a1f878450d559eb8ae0e389535813e5f1d8226f594e7,ff4006c,0.1.0,2026-05-26T14:42:34+00:00
2023-10-25,Mkt-RF,FF,0.99,-0.009098897366862256,0.07599199335574681,0.1149481045582388,0,0,synthetic-v1,F16_default,786ddba614cca0b18e42a1f878450d559eb8ae0e389535813e5f1d8226f594e7,ff4006c,0.1.0,2026-05-26T14:42:34+00:00
2023-10-25,Mkt-RF,FF,0.995,-0.009098897366862256,0.09599761784058294,0.1451201607942003,0,0,synthetic-v1,F16_default,786ddba614cca0b18e42a1f878450d559eb8ae0e389535813e5f1d8226f594e7,ff4006c,0.1.0,2026-05-26T14:42:34+00:00
2023-10-26,Mkt-RF,FF,0.99,-0.016610426578941132,0.07616957622407625,0.11503244622402536,0,0,synthetic-v1,F16_default,786ddba614cca0b18e42a1f878450d559eb8ae0e389535813e5f1d8226f594e7,ff4006c,0.1.0,2026-05-26T14:42:34+00:00
2023-10-26,Mkt-RF,FF,0.995,-0.016610426578941132,0.09629530772594552,0.1453569175566462,0,0,synthetic-v1,F16_default,786ddba614cca0b18e42a1f878450d559eb8ae0e389535813e5f1d8226f594e7,ff4006c,0.1.0,2026-05-26T14:42:34+00:00
2023-10-27,Mkt-RF,FF,0.99,0.004316960681292243,0.0763300346873968,0.11534628765159397,0,0,synthetic-v1,F16_default,786ddba614cca0b18e42a1f878450d559eb8ae0e389535813e5f1d8226f594e7,ff4006c,0.1.0,2026-05-26T14:42:34+00:00
2023-10-27,Mkt-RF,FF,0.995,0.004316960681292243,0.09659039781954225,0.14559640655442965,0,0,synthetic-v1,F16_default,786ddba614cca0b18e42a1f878450d559eb8ae0e389535813e5f1d8226f594e7,ff4006c,0.1.0,2026-05-26T14:42:34+00:00
2023-10-30,Mkt-RF,FF,0.99,0.007345893554526685,0.07634696099956073,0.11546163567030052,0,0,synthetic-v1,F16_default,786ddba614cca0b18e42a1f878450d559eb8ae0e389535813e5f1d8226f594e7,ff4006c,0.1.0,2026-05-26T14:42:34+00:00
2023-10-30,Mkt-RF,FF,0.995,0.007345893554526685,0.09669230859074869,0.14563398895070934,0,0,synthetic-v1,F16_default,786ddba614cca0b18e42a1f878450d559eb8ae0e389535813e5f1d8226f594e7,ff4006c,0.1.0,2026-05-26T14:42:34+00:00
2023-10-31,Mkt-RF,FF,0.99,-0.0054011030133621725,0.07643383315739409,0.11546009278833409,0,0,synthetic-v1,F16_default,786ddba614cca0b18e42a1f878450d559eb8ae0e389535813e5f1d8226f594e7,ff4006c,0.1.0,2026-05-26T14:42:34+00:00
2023-10-31,Mkt-RF,FF,0.995,-0.0054011030133621725,0.09655388244380189,0.1457422383320967,0,0,synthetic-v1,F16_default,786ddba614cca0b18e42a1f878450d559eb8ae0e389535813e5f1d8226f594e7,ff4006c,0.1.0,2026-05-26T14:42:34+00:00
2023-11-01,Mkt-RF,FF,0.99,0.0029828163686414764,0.07562661999230498,0.1149234882212809,0,0,synthetic-v1,F16_default,786ddba614cca0b18e42a1f878450d559eb8ae0e389535813e5f1d8226f594e7,ff4006c,0.1.0,2026-05-26T14:42:34+00:00
2023-11-01,Mkt-RF,FF,0.995,0.0029828163686414764,0.09622460486560871,0.14510846434502098,0,0,synthetic-v1,F16_default,786ddba614cca0b18e42a1f878450d559eb8ae0e389535813e5f1d8226f594e7,ff4006c,0.1.0,2026-05-26T14:42:34+00:00
2023-11-02,Mkt-RF,FF,0.99,0.00882876674440184,0.07593816603584125,0.11512419660938289,0,0,synthetic-v1,F16_default,786ddba614cca0b18e42a1f878450d559eb8ae0e389535813e5f1d8226f594e7,ff4006c,0.1.0,2026-05-26T14:42:34+00:00
2023-11-02,Mkt-RF,FF,0.995,0.00882876674440184,0.096212369932647,0.14531738852073936,0,0,synthetic-v1,F16_default,786ddba614cca0b18e42a1f878450d559eb8ae0e389535813e5f1d8226f594e7,ff4006c,0.1.0,2026-05-26T14:42:34+00:00
2023-11-03,Mkt-RF,FF,0.99,-0.012079993252269326,0.07595497024969708,0.11514098827175095,0,0,synthetic-v1,F16_default,786ddba614cca0b18e42a1f878450d559eb8ae0e389535813e5f1d8226f594e7,ff4006c,0.1.0,2026-05-26T14:42:34+00:00
2023-11-03,Mkt-RF,FF,0.995,-0.012079993252269326,0.09652932149391244,0.14550669438194008,0,0,synthetic-v1,F16_default,786ddba614cca0b18e42a1f878450d559eb8ae0e389535813e5f1d8226f594e7,ff4006c,0.1.0,2026-05-26T14:42:34+00:00
2023-11-06,Mkt-RF,FF,0.99,0.024028541151539157,0.08025006656825462,0.1241442890350847,0,0,synthetic-v1,F16_default,786ddba614cca0b18e42a1f878450d559eb8ae0e389535813e5f1d8226f594e7,ff4006c,0.1.0,2026-05-26T14:42:34+00:00
2023-11-06,Mkt-RF,FF,0.995,0.024028541151539157,0.10242228065233423,0.15843890708330777,0,0,synthetic-v1,F16_default,786ddba614cca0b18e42a1f878450d559eb8ae0e389535813e5f1d8226f594e7,ff4006c,0.1.0,2026-05-26T14:42:34+00:00
2023-11-07,Mkt-RF,FF,0.99,-0.0015560788128392738,0.08093574361182457,0.12500984295268808,0,0,synthetic-v1,F16_default,786ddba614cca0b18e42a1f878450d559eb8ae0e389535813e5f1d8226f594e7,ff4006c,0.1.0,2026-05-26T14:42:34+00:00
2023-11-07,Mkt-RF,FF,0.995,-0.0015560788128392738,0.1034251104135426,0.15920814045078663,0,0,synthetic-v1,F16_default,786ddba614cca0b18e42a1f878450d559eb8ae0e389535813e5f1d8226f594e7,ff4006c,0.1.0,2026-05-26T14:42:34+00:00
2023-11-08,Mkt-RF,FF,0.99,-0.0025000675051822917,0.07296799572525303,0.10956955292753691,0,0,synthetic-v1,F16_default,786ddba614cca0b18e42a1f878450d559eb8ae0e389535813e5f1d8226f594e7,ff4006c,0.1.0,2026-05-26T14:42:34+00:00
2023-11-08,Mkt-RF,FF,0.995,-0.0025000675051822917,0.09179396513726731,0.13774230124532374,0,0,synthetic-v1,F16_default,786ddba614cca0b18e42a1f878450d559eb8ae0e389535813e5f1d8226f594e7,ff4006c,0.1.0,2026-05-26T14:42:34+00:00
2023-11-09,Mkt-RF,FF,0.99,0.019496184869354106,0.07288067713383281,0.10929679257294439,0,0,synthetic-v1,F16_default,786ddba614cca0b18e42a1f878450d559eb8ae0e389535813e5f1d8226f594e7,ff4006c,0.1.0,2026-05-26T14:42:34+00:00
2023-11-09,Mkt-RF,FF,0.995,0.019496184869354106,0.09171393409435262,0.137714127392142,0,0,synthetic-v1,F16_default,786ddba614cca0b18e42a1f878450d559eb8ae0e389535813e5f1d8226f594e7,ff4006c,0.1.0,2026-05-26T14:42:34+00:00
2023-11-10,Mkt-RF,FF,0.99,-0.02645527559419311,0.07259668014040642,0.10916086556497032,0,0,synthetic-v1,F16_default,786ddba614cca0b18e42a1f878450d559eb8ae0e389535813e5f1d8226f594e7,ff4006c,0.1.0,2026-05-26T14:42:34+00:00
2023-11-10,Mkt-RF,FF,0.995,-0.02645527559419311,0.09181844549348814,0.13738128063412702,0,0,synthetic-v1,F16_default,786ddba614cca0b18e42a1f878450d559eb8ae0e389535813e5f1d8226f594e7,ff4006c,0.1.0,2026-05-26T14:42:34+00:00
2023-11-13,Mkt-RF,FF,0.99,-0.009688492487152155,0.07254970046725116,0.10908373494529375,0,0,synthetic-v1,F16_default,786ddba614cca0b18e42a1f878450d559eb8ae0e389535813e5f1d8226f594e7,ff4006c,0.1.0,2026-05-26T14:42:34+00:00
2023-11-13,Mkt-RF,FF,0.995,-0.009688492487152155,0.09188037578373776,0.13723073144271508,0,0,synthetic-v1,F16_default,786ddba614cca0b18e42a1f878450d559eb8ae0e389535813e5f1d8226f594e7,ff4006c,0.1.0,2026-05-26T14:42:34+00:00
2023-11-14,Mkt-RF,FF,0.99,0.036598566735590476,0.07242187739203161,0.10898435376663122,0,0,synthetic-v1,F16_default,786ddba614cca0b18e42a1f878450d559eb8ae0e389535813e5f1d8226f594e7,ff4006c,0.1.0,2026-05-26T14:42:34+00:00
2023-11-14,Mkt-RF,FF,0.995,0.036598566735590476,0.09170573958176455,0.13719111760206476,0,0,synthetic-v1,F16_default,786ddba614cca0b18e42a1f878450d559eb8ae0e389535813e5f1d8226f594e7,ff4006c,0.1.0,2026-05-26T14:42:34+00:00
2023-11-15,Mkt-RF,FF,0.99,-0.019613776465255733,0.0734202546534789,0.10989202096191322,0,0,synthetic-v1,F16_default,786ddba614cca0b18e42a1f878450d559eb8ae0e389535813e5f1d8226f594e7,ff4006c,0.1.0,2026-05-26T14:42:34+00:00
2023-11-15,Mkt-RF,FF,0.995,-0.019613776465255733,0.09221471792009647,0.1379454268769268,0,0,synthetic-v1,F16_default,786ddba614cca0b18e42a1f878450d559eb8ae0e389535813e5f1d8226f594e7,ff4006c,0.1.0,2026-05-26T14:42:34+00:00
2023-11-16,Mkt-RF,FF,0.99,-0.00892057597445058,0.07333667747117256,0.11003255542084968,0,0,synthetic-v1,F16_default,786ddba614cca0b18e42a1f878450d559eb8ae0e389535813e5f1d8226f594e7,ff4006c,0.1.0,2026-05-26T14:42:34+00:00
2023-11-16,Mkt-RF,FF,0.995,-0.00892057597445058,0.09260816556032014,0.13817447422306917,0,0,synthetic-v1,F16_default,786ddba614cca0b18e42a1f878450d559eb8ae0e389535813e5f1d8226f594e7,ff4006c,0.1.0,2026-05-26T14:42:34+00:00
2023-11-17,Mkt-RF,FF,0.99,0.010181896540597703,0.07347538429968516,0.10963910131545379,0,0,synthetic-v1,F16_default,786ddba614cca0b18e42a1f878450d559eb8ae0e389535813e5f1d8226f594e7,ff4006c,0.1.0,2026-05-26T14:42:34+00:00
2023-11-17,Mkt-RF,FF,0.995,0.010181896540597703,0.09238181751362161,0.13775657461101545,0,0,synthetic-v1,F16_default,786ddba614cca0b18e42a1f878450d559eb8ae0e389535813e5f1d8226f594e7,ff4006c,0.1.0,2026-05-26T14:42:34+00:00
2023-11-20,Mkt-RF,FF,0.99,-0.010223141981378454,0.07340085359411601,0.10957646053343464,0,0,synthetic-v1,F16_default,786ddba614cca0b18e42a1f878450d559eb8ae0e389535813e5f1d8226f594e7,ff4006c,0.1.0,2026-05-26T14:42:34+00:00
2023-11-20,Mkt-RF,FF,0.995,-0.010223141981378454,0.09245959751865997,0.1378869173667734,0,0,synthetic-v1,F16_default,786ddba614cca0b18e42a1f878450d559eb8ae0e389535813e5f1d8226f594e7,ff4006c,0.1.0,2026-05-26T14:42:34+00:00
2023-11-21,Mkt-RF,FF,0.99,0.026151539594977426,0.07332129154306277,0.10979534920501363,0,0,synthetic-v1,F16_default,786ddba614cca0b18e42a1f878450d559eb8ae0e389535813e5f1d8226f594e7,ff4006c,0.1.0,2026-05-26T14:42:34+00:00
2023-11-21,Mkt-RF,FF,0.995,0.026151539594977426,0.0924396355897252,0.13792090809505209,0,0,synthetic-v1,F16_default,786ddba614cca0b18e42a1f878450d559eb8ae0e389535813e5f1d8226f594e7,ff4006c,0.1.0,2026-05-26T14:42:34+00:00
2023-11-22,Mkt-RF,FF,0.99,0.00395158387371782,0.07417491964015985,0.1117721798728396,0,0,synthetic-v1,F16_default,786ddba614cca0b18e42a1f878450d559eb8ae0e389535813e5f1d8226f594e7,ff4006c,0.1.0,2026-05-26T14:42:34+00:00
2023-11-22,Mkt-RF,FF,0.995,0.00395158387371782,0.09371186393387856,0.14096160078733055,0,0,synthetic-v1,F16_default,786ddba614cca0b18e42a1f878450d559eb8ae0e389535813e5f1d8226f594e7,ff4006c,0.1.0,2026-05-26T14:42:34+00:00
2023-11-23,Mkt-RF,FF,0.99,0.013040811809177757,0.07401491201565648,0.11168851530981744,0,0,synthetic-v1,F16_default,786ddba614cca0b18e42a1f878450d559eb8ae0e389535813e5f1d8226f594e7,ff4006c,0.1.0,2026-05-26T14:42:34+00:00
2023-11-23,Mkt-RF,FF,0.995,0.013040811809177757,0.09361215748535616,0.14080014634427485,0,0,synthetic-v1,F16_default,786ddba614cca0b18e42a1f878450d559eb8ae0e389535813e5f1d8226f594e7,ff4006c,0.1.0,2026-05-26T14:42:34+00:00
2023-11-24,Mkt-RF,FF,0.99,-0.006686305870422926,0.07417126084679401,0.11163736838461413,0,0,synthetic-v1,F16_default,786ddba614cca0b18e42a1f878450d559eb8ae0e389535813e5f1d8226f594e7,ff4006c,0.1.0,2026-05-26T14:42:34+00:00
2023-11-24,Mkt-RF,FF,0.995,-0.006686305870422926,0.09342198157487856,0.14063977244658168,0,0,synthetic-v1,F16_default,786ddba614cca0b18e42a1f878450d559eb8ae0e389535813e5f1d8226f594e7,ff4006c,0.1.0,2026-05-26T14:42:34+00:00
2023-11-27,Mkt-RF,FF,0.99,-0.037336972327321506,0.07393284765481661,0.11162740452813602,0,0,synthetic-v1,F16_default,786ddba614cca0b18e42a1f878450d559eb8ae0e389535813e5f1d8226f594e7,ff4006c,0.1.0,2026-05-26T14:42:34+00:00
2023-11-27,Mkt-RF,FF,0.995,-0.037336972327321506,0.09351198853810401,0.14080206519643318,0,0,synthetic-v1,F16_default,786ddba614cca0b18e42a1f878450d559eb8ae0e389535813e5f1d8226f594e7,ff4006c,0.1.0,2026-05-26T14:42:34+00:00
2023-11-28,Mkt-RF,FF,0.99,0.013340374559697506,0.07384406711952418,0.11097951800252105,0,0,synthetic-v1,F16_default,786ddba614cca0b18e42a1f878450d559eb8ae0e389535813e5f1d8226f594e7,ff4006c,0.1.0,2026-05-26T14:42:34+00:00
2023-11-28,Mkt-RF,FF,0.995,0.013340374559697506,0.09288885860729136,0.13991972233016947,0,0,synthetic-v1,F16_default,786ddba614cca0b18e42a1f878450d559eb8ae0e389535813e5f1d8226f594e7,ff4006c,0.1.0,2026-05-26T14:42:34+00:00
2023-11-29,Mkt-RF,FF,0.99,-0.006662704652098967,0.07352024335432818,0.11089924183698571,0,0,synthetic-v1,F16_default,786ddba614cca0b18e42a1f878450d559eb8ae0e389535813e5f1d8226f594e7,ff4006c,0.1.0,2026-05-26T14:42:34+00:00
2023-11-29,Mkt-RF,FF,0.995,-0.006662704652098967,0.09295923698087595,0.1397544406244458,0,0,synthetic-v1,F16_default,786ddba614cca0b18e42a1f878450d559eb8ae0e389535813e5f1d8226f594e7,ff4006c,0.1.0,2026-05-26T14:42:34+00:00
2023-11-30,Mkt-RF,FF,0.99,-0.013484673495390507,0.07323381832228273,0.1106862496432931,0,0,synthetic-v1,F16_default,786ddba614cca0b18e42a1f878450d559eb8ae0e389535813e5f1d8226f594e7,ff4006c,0.1.0,2026-05-26T14:42:34+00:00
2023-11-30,Mkt-RF,FF,0.995,-0.013484673495390507,0.09290310478786004,0.13951600303280898,0,0,synthetic-v1,F16_default,786ddba614cca0b18e42a1f878450d559eb8ae0e389535813e5f1d8226f594e7,ff4006c,0.1.0,2026-05-26T14:42:34+00:00
2023-12-01,Mkt-RF,FF,0.99,0.006466174153251638,0.07370110959940598,0.11091660593855962,0,0,synthetic-v1,F16_default,786ddba614cca0b18e42a1f878450d559eb8ae0e389535813e5f1d8226f594e7,ff4006c,0.1.0,2026-05-26T14:42:34+00:00
2023-12-01,Mkt-RF,FF,0.995,0.006466174153251638,0.09296852735741484,0.14002241737415133,0,0,synthetic-v1,F16_default,786ddba614cca0b18e42a1f878450d559eb8ae0e389535813e5f1d8226f594e7,ff4006c,0.1.0,2026-05-26T14:42:34+00:00
2023-12-04,Mkt-RF,FF,0.99,-0.005939429991291969,0.0714028636157434,0.10832169843933531,0,0,synthetic-v1,F16_default,786ddba614cca0b18e42a1f878450d559eb8ae0e389535813e5f1d8226f594e7,ff4006c,0.1.0,2026-05-26T14:42:34+00:00
2023-12-04,Mkt-RF,FF,0.995,-0.005939429991291969,0.09066680254956477,0.13710916948960575,0,0,synthetic-v1,F16_default,786ddba614cca0b18e42a1f878450d559eb8ae0e389535813e5f1d8226f594e7,ff4006c,0.1.0,2026-05-26T14:42:34+00:00
2023-12-05,Mkt-RF,FF,0.99,0.01690619756006294,0.07178469700500921,0.10900818730161005,0,0,synthetic-v1,F16_default,786ddba614cca0b18e42a1f878450d559eb8ae0e389535813e5f1d8226f594e7,ff4006c,0.1.0,2026-05-26T14:42:34+00:00
2023-12-05,Mkt-RF,FF,0.995,0.01690619756006294,0.09105059014386493,0.13799732986453248,0,0,synthetic-v1,F16_default,786ddba614cca0b18e42a1f878450d559eb8ae0e389535813e5f1d8226f594e7,ff4006c,0.1.0,2026-05-26T14:42:34+00:00
2023-12-06,Mkt-RF,FF,0.99,0.02172089235825748,0.07186899713670554,0.10910406994143808,0,0,synthetic-v1,F16_default,786ddba614cca0b18e42a1f878450d559eb8ae0e389535813e5f1d8226f594e7,ff4006c,0.1.0,2026-05-26T14:42:34+00:00
2023-12-06,Mkt-RF,FF,0.995,0.02172089235825748,0.09114590290863007,0.13811482748986614,0,0,synthetic-v1,F16_default,786ddba614cca0b18e42a1f878450d559eb8ae0e389535813e5f1d8226f594e7,ff4006c,0.1.0,2026-05-26T14:42:34+00:00
2023-12-07,Mkt-RF,FF,0.99,-0.0024724656820343882,0.07605202030308451,0.11830129678775414,0,0,synthetic-v1,F16_default,786ddba614cca0b18e42a1f878450d559eb8ae0e389535813e5f1d8226f594e7,ff4006c,0.1.0,2026-05-26T14:42:34+00:00
2023-12-07,Mkt-RF,FF,0.995,-0.0024724656820343882,0.09758348807740437,0.15136145362246856,0,0,synthetic-v1,F16_default,786ddba614cca0b18e42a1f878450d559eb8ae0e389535813e5f1d8226f594e7,ff4006c,0.1.0,2026-05-26T14:42:34+00:00
2023-12-08,Mkt-RF,FF,0.99,0.02985434881961466,0.07609089139395796,0.11847125432138474,0,0,synthetic-v1,F16_default,786ddba614cca0b18e42a1f878450d559eb8ae0e389535813e5f1d8226f594e7,ff4006c,0.1.0,2026-05-26T14:42:34+00:00
2023-12-08,Mkt-RF,FF,0.995,0.02985434881961466,0.09752919530374735,0.15166939773639837,0,0,synthetic-v1,F16_default,786ddba614cca0b18e42a1f878450d559eb8ae0e389535813e5f1d8226f594e7,ff4006c,0.1.0,2026-05-26T14:42:34+00:00
2023-12-11,Mkt-RF,FF,0.99,0.00791104478917536,0.07278587459280522,0.11121689157627565,0,0,synthetic-v1,F16_default,786ddba614cca0b18e42a1f878450d559eb8ae0e389535813e5f1d8226f594e7,ff4006c,0.1.0,2026-05-26T14:42:34+00:00
2023-12-11,Mkt-RF,FF,0.995,0.00791104478917536,0.09256510316869865,0.14104804683324038,0,0,synthetic-v1,F16_default,786ddba614cca0b18e42a1f878450d559eb8ae0e389535813e5f1d8226f594e7,ff4006c,0.1.0,2026-05-26T14:42:34+00:00
2023-12-12,Mkt-RF,FF,0.99,0.015226808457533048,0.07278522826994299,0.11111050497643184,0,0,synthetic-v1,F16_default,786ddba614cca0b18e42a1f878450d559eb8ae0e389535813e5f1d8226f594e7,ff4006c,0.1.0,2026-05-26T14:42:34+00:00
2023-12-12,Mkt-RF,FF,0.995,0.015226808457533048,0.09262867637436163,0.14078470351432432,0,0,synthetic-v1,F16_default,786ddba614cca0b18e42a1f878450d559eb8ae0e389535813e5f1d8226f594e7,ff4006c,0.1.0,2026-05-26T14:42:34+00:00
2023-12-13,Mkt-RF,FF,0.99,-0.017768541177834694,0.07316041047739152,0.11149700462556777,0,0,synthetic-v1,F16_default,786ddba614cca0b18e42a1f878450d559eb8ae0e389535813e5f1d8226f594e7,ff4006c,0.1.0,2026-05-26T14:42:34+00:00
2023-12-13,Mkt-RF,FF,0.995,-0.017768541177834694,0.09280361580652592,0.14136158956476422,0,0,synthetic-v1,F16_default,786ddba614cca0b18e42a1f878450d559eb8ae0e389535813e5f1d8226f594e7,ff4006c,0.1.0,2026-05-26T14:42:34+00:00
2023-12-14,Mkt-RF,FF,0.99,0.007366020680919778,0.07715554843977682,0.12095956226714479,0,0,synthetic-v1,F16_default,786ddba614cca0b18e42a1f878450d559eb8ae0e389535813e5f1d8226f594e7,ff4006c,0.1.0,2026-05-26T14:42:34+00:00
2023-12-14,Mkt-RF,FF,0.995,0.007366020680919778,0.09926698032110096,0.15524306447306221,0,0,synthetic-v1,F16_default,786ddba614cca0b18e42a1f878450d559eb8ae0e389535813e5f1d8226f594e7,ff4006c,0.1.0,2026-05-26T14:42:34+00:00
2023-12-15,Mkt-RF,FF,0.99,0.01682645879779961,0.07748168647604468,0.12129445466628361,0,0,synthetic-v1,F16_default,786ddba614cca0b18e42a1f878450d559eb8ae0e389535813e5f1d8226f594e7,ff4006c,0.1.0,2026-05-26T14:42:34+00:00
2023-12-15,Mkt-RF,FF,0.995,0.01682645879779961,0.09953029147184966,0.1558777443510958,0,0,synthetic-v1,F16_default,786ddba614cca0b18e42a1f878450d559eb8ae0e389535813e5f1d8226f594e7,ff4006c,0.1.0,2026-05-26T14:42:34+00:00
2023-12-18,Mkt-RF,FF,0.99,0.004871009947275039,0.07733837079391209,0.12139159534621623,0,0,synthetic-v1,F16_default,786ddba614cca0b18e42a1f878450d559eb8ae0e389535813e5f1d8226f594e7,ff4006c,0.1.0,2026-05-26T14:42:34+00:00
2023-12-18,Mkt-RF,FF,0.995,0.004871009947275039,0.0996146434309921,0.15591320083568064,0,0,synthetic-v1,F16_default,786ddba614cca0b18e42a1f878450d559eb8ae0e389535813e5f1d8226f594e7,ff4006c,0.1.0,2026-05-26T14:42:34+00:00
2023-12-19,Mkt-RF,FF,0.99,-0.012523386752331927,0.07759283385391724,0.12184056808869884,0,0,synthetic-v1,F16_default,786ddba614cca0b18e42a1f878450d559eb8ae0e389535813e5f1d8226f594e7,ff4006c,0.1.0,2026-05-26T14:42:34+00:00
2023-12-19,Mkt-RF,FF,0.995,-0.012523386752331927,0.09974173843083618,0.15639966478553352,0,0,synthetic-v1,F16_default,786ddba614cca0b18e42a1f878450d559eb8ae0e389535813e5f1d8226f594e7,ff4006c,0.1.0,2026-05-26T14:42:34+00:00
2023-12-20,Mkt-RF,FF,0.99,0.013154859347156073,0.07816008951312244,0.12239249969202623,0,0,synthetic-v1,F16_default,786ddba614cca0b18e42a1f878450d559eb8ae0e389535813e5f1d8226f594e7,ff4006c,0.1.0,2026-05-26T14:42:34+00:00
2023-12-20,Mkt-RF,FF,0.995,0.013154859347156073,0.10054038617642498,0.15716902777175823,0,0,synthetic-v1,F16_default,786ddba614cca0b18e42a1f878450d559eb8ae0e389535813e5f1d8226f594e7,ff4006c,0.1.0,2026-05-26T14:42:34+00:00
2023-12-21,Mkt-RF,FF,0.99,-0.017688137814117537,0.07840754463943711,0.1227406572441822,0,0,synthetic-v1,F16_default,786ddba614cca0b18e42a1f878450d559eb8ae0e389535813e5f1d8226f594e7,ff4006c,0.1.0,2026-05-26T14:42:34+00:00
2023-12-21,Mkt-RF,FF,0.995,-0.017688137814117537,0.10060419033038151,0.15742208828669607,0,0,synthetic-v1,F16_default,786ddba614cca0b18e42a1f878450d559eb8ae0e389535813e5f1d8226f594e7,ff4006c,0.1.0,2026-05-26T14:42:34+00:00
2023-12-22,Mkt-RF,FF,0.99,0.011873437809199269,0.07856396761173609,0.12283773750810006,0,0,synthetic-v1,F16_default,786ddba614cca0b18e42a1f878450d559eb8ae0e389535813e5f1d8226f594e7,ff4006c,0.1.0,2026-05-26T14:42:34+00:00
2023-12-22,Mkt-RF,FF,0.995,0.011873437809199269,0.10066534449293299,0.15765776000327414,0,0,synthetic-v1,F16_default,786ddba614cca0b18e42a1f878450d559eb8ae0e389535813e5f1d8226f594e7,ff4006c,0.1.0,2026-05-26T14:42:34+00:00
2023-12-25,Mkt-RF,FF,0.99,0.03222450551390472,0.0780311326780797,0.12242980758432591,0,0,synthetic-v1,F16_default,786ddba614cca0b18e42a1f878450d559eb8ae0e389535813e5f1d8226f594e7,ff4006c,0.1.0,2026-05-26T14:42:34+00:00
2023-12-25,Mkt-RF,FF,0.995,0.03222450551390472,0.10035619086761305,0.15710164015622202,0,0,synthetic-v1,F16_default,786ddba614cca0b18e42a1f878450d559eb8ae0e389535813e5f1d8226f594e7,ff4006c,0.1.0,2026-05-26T14:42:34+00:00
2023-12-26,Mkt-RF,FF,0.99,-0.0031162143264218847,0.0801146548140076,0.12562708037816928,0,0,synthetic-v1,F16_default,786ddba614cca0b18e42a1f878450d559eb8ae0e389535813e5f1d8226f594e7,ff4006c,0.1.0,2026-05-26T14:42:34+00:00
2023-12-26,Mkt-RF,FF,0.995,-0.0031162143264218847,0.1029017599700568,0.1614685116012098,0,0,synthetic-v1,F16_default,786ddba614cca0b18e42a1f878450d559eb8ae0e389535813e5f1d8226f594e7,ff4006c,0.1.0,2026-05-26T14:42:34+00:00
2023-12-27,Mkt-RF,FF,0.99,-0.020122136247893416,0.07950536600750632,0.125321377651262,0,0,synthetic-v1,F16_default,786ddba614cca0b18e42a1f878450d559eb8ae0e389535813e5f1d8226f594e7,ff4006c,0.1.0,2026-05-26T14:42:34+00:00
2023-12-27,Mkt-RF,FF,0.995,-0.020122136247893416,0.10242940606511301,0.16093213314945304,0,0,synthetic-v1,F16_default,786ddba614cca0b18e42a1f878450d559eb8ae0e389535813e5f1d8226f594e7,ff4006c,0.1.0,2026-05-26T14:42:34+00:00
2023-12-28,Mkt-RF,FF,0.99,0.030086134439797824,0.07995545380276149,0.12618422312363808,0,0,synthetic-v1,F16_default,786ddba614cca0b18e42a1f878450d559eb8ae0e389535813e5f1d8226f594e7,ff4006c,0.1.0,2026-05-26T14:42:34+00:00
2023-12-28,Mkt-RF,FF,0.995,0.030086134439797824,0.1033251030730466,0.1622698508225743,0,0,synthetic-v1,F16_default,786ddba614cca0b18e42a1f878450d559eb8ae0e389535813e5f1d8226f594e7,ff4006c,0.1.0,2026-05-26T14:42:34+00:00
2023-12-29,Mkt-RF,FF,0.99,-2.981192383764266e-05,0.08007982052303476,0.12601019025658114,0,0,synthetic-v1,F16_default,786ddba614cca0b18e42a1f878450d559eb8ae0e389535813e5f1d8226f594e7,ff4006c,0.1.0,2026-05-26T14:42:34+00:00
2023-12-29,Mkt-RF,FF,0.995,-2.981192383764266e-05,0.10332508886716292,0.16198763503679253,0,0,synthetic-v1,F16_default,786ddba614cca0b18e42a1f878450d559eb8ae0e389535813e5f1d8226f594e7,ff4006c,0.1.0,2026-05-26T14:42:34+00:00
2024-01-01,Mkt-RF,FF,0.99,0.02403155513798427,0.08016306691947782,0.12592677023213122,0,0,synthetic-v1,F16_default,786ddba614cca0b18e42a1f878450d559eb8ae0e389535813e5f1d8226f594e7,ff4006c,0.1.0,2026-05-26T14:42:34+00:00
2024-01-01,Mkt-RF,FF,0.995,0.02403155513798427,0.10307975846604688,0.1619319201800638,0,0,synthetic-v1,F16_default,786ddba614cca0b18e42a1f878450d559eb8ae0e389535813e5f1d8226f594e7,ff4006c,0.1.0,2026-05-26T14:42:34+00:00
2024-01-02,Mkt-RF,FF,0.99,-0.0005721048017158103,0.07866576371809043,0.12351695744883409,0,0,synthetic-v1,F16_default,786ddba614cca0b18e42a1f878450d559eb8ae0e389535813e5f1d8226f594e7,ff4006c,0.1.0,2026-05-26T14:42:34+00:00
2024-01-02,Mkt-RF,FF,0.995,-0.0005721048017158103,0.10134073470722979,0.15869628480196468,0,0,synthetic-v1,F16_default,786ddba614cca0b18e42a1f878450d559eb8ae0e389535813e5f1d8226f594e7,ff4006c,0.1.0,2026-05-26T14:42:34+00:00
2024-01-03,Mkt-RF,FF,0.99,0.023630302644434723,0.07885754382493367,0.12371726990208468,0,0,synthetic-v1,F16_default,786ddba614cca0b18e42a1f878450d559eb8ae0e389535813e5f1d8226f594e7,ff4006c,0.1.0,2026-05-26T14:42:34+00:00
2024-01-03,Mkt-RF,FF,0.995,0.023630302644434723,0.10165982601816063,0.15887427963479148,0,0,synthetic-v1,F16_default,786ddba614cca0b18e42a1f878450d559eb8ae0e389535813e5f1d8226f594e7,ff4006c,0.1.0,2026-05-26T14:42:34+00:00
2024-01-04,Mkt-RF,FF,0.99,-0.003318194183534965,0.07901171840938552,0.12362783669290975,0,0,synthetic-v1,F16_default,786ddba614cca0b18e42a1f878450d559eb8ae0e389535813e5f1d8226f594e7,ff4006c,0.1.0,2026-05-26T14:42:34+00:00
2024-01-04,Mkt-RF,FF,0.995,-0.003318194183534965,0.101588724142077,0.15868403729029368,0,0,synthetic-v1,F16_default,786ddba614cca0b18e42a1f878450d559eb8ae0e389535813e5f1d8226f594e7,ff4006c,0.1.0,2026-05-26T14:42:34+00:00
2024-01-05,Mkt-RF,FF,0.99,0.011514109991939471,0.07725974565252698,0.12217740843704243,0,0,synthetic-v1,F16_default,786ddba614cca0b18e42a1f878450d559eb8ae0e389535813e5f1d8226f594e7,ff4006c,0.1.0,2026-05-26T14:42:34+00:00
2024-01-05,Mkt-RF,FF,0.995,0.011514109991939471,0.10010264344589467,0.15737649550242103,0,0,synthetic-v1,F16_default,786ddba614cca0b18e42a1f878450d559eb8ae0e389535813e5f1d8226f594e7,ff4006c,0.1.0,2026-05-26T14:42:34+00:00
2024-01-08,Mkt-RF,FF,0.99,-0.012408294862775874,0.07881745122152888,0.12433947604633926,0,0,synthetic-v1,F16_default,786ddba614cca0b18e42a1f878450d559eb8ae0e389535813e5f1d8226f594e7,ff4006c,0.1.0,2026-05-26T14:42:34+00:00
2024-01-08,Mkt-RF,FF,0.995,-0.012408294862775874,0.10204060302765001,0.15979002537400794,0,0,synthetic-v1,F16_default,786ddba614cca0b18e42a1f878450d559eb8ae0e389535813e5f1d8226f594e7,ff4006c,0.1.0,2026-05-26T14:42:34+00:00
2024-01-09,Mkt-RF,FF,0.99,-0.016434435522648887,0.0790585923032532,0.12445631183063982,0,0,synthetic-v1,F16_default,786ddba614cca0b18e42a1f878450d559eb8ae0e389535813e5f1d8226f594e7,ff4006c,0.1.0,2026-05-26T14:42:34+00:00
2024-01-09,Mkt-RF,FF,0.995,-0.016434435522648887,0.10208753826936,0.1603428418112552,0,0,synthetic-v1,F16_default,786ddba614cca0b18e42a1f878450d559eb8ae0e389535813e5f1d8226f594e7,ff4006c,0.1.0,2026-05-26T14:42:34+00:00
2024-01-10,Mkt-RF,FF,0.99,0.0323852813615763,0.0787837469469542,0.12427004764708947,0,0,synthetic-v1,F16_default,786ddba614cca0b18e42a1f878450d559eb8ae0e389535813e5f1d8226f594e7,ff4006c,0.1.0,2026-05-26T14:42:34+00:00
2024-01-10,Mkt-RF,FF,0.995,0.0323852813615763,0.10154223532034524,0.15981382542330225,0,0,synthetic-v1,F16_default,786ddba614cca0b18e42a1f878450d559eb8ae0e389535813e5f1d8226f594e7,ff4006c,0.1.0,2026-05-26T14:42:34+00:00
2024-01-11,Mkt-RF,FF,0.99,0.016072082070489713,0.07804589459245602,0.12272545023340914,0,0,synthetic-v1,F16_default,786ddba614cca0b18e42a1f878450d559eb8ae0e389535813e5f1d8226f594e7,ff4006c,0.1.0,2026-05-26T14:42:34+00:00
2024-01-11,Mkt-RF,FF,0.995,0.016072082070489713,0.10071306775114194,0.15754293052087798,0,0,synthetic-v1,F16_default,786ddba614cca0b18e42a1f878450d559eb8ae0e389535813e5f1d8226f594e7,ff4006c,0.1.0,2026-05-26T14:42:34+00:00
2024-01-12,Mkt-RF,FF,0.99,-0.003482658649836972,0.07814131750436912,0.12241070874526629,0,0,synthetic-v1,F16_default,786ddba614cca0b18e42a1f878450d559eb8ae0e389535813e5f1d8226f594e7,ff4006c,0.1.0,2026-05-26T14:42:34+00:00
2024-01-12,Mkt-RF,FF,0.995,-0.003482658649836972,0.10064141299948341,0.15727430116587565,0,0,synthetic-v1,F16_default,786ddba614cca0b18e42a1f878450d559eb8ae0e389535813e5f1d8226f594e7,ff4006c,0.1.0,2026-05-26T14:42:34+00:00
2024-01-15,Mkt-RF,FF,0.99,-0.023098059121574706,0.07796610383187833,0.12248050551612848,0,0,synthetic-v1,F16_default,786ddba614cca0b18e42a1f878450d559eb8ae0e389535813e5f1d8226f594e7,ff4006c,0.1.0,2026-05-26T14:42:34+00:00
2024-01-15,Mkt-RF,FF,0.995,-0.023098059121574706,0.10056626334920214,0.1571665595357183,0,0,synthetic-v1,F16_default,786ddba614cca0b18e42a1f878450d559eb8ae0e389535813e5f1d8226f594e7,ff4006c,0.1.0,2026-05-26T14:42:34+00:00
2024-01-16,Mkt-RF,FF,0.99,0.0036155840271837433,0.07802198315672672,0.12276152605359714,0,0,synthetic-v1,F16_default,786ddba614cca0b18e42a1f878450d559eb8ae0e389535813e5f1d8226f594e7,ff4006c,0.1.0,2026-05-26T14:42:34+00:00
2024-01-16,Mkt-RF,FF,0.995,0.0036155840271837433,0.10062849571584892,0.1573614082105996,0,0,synthetic-v1,F16_default,786ddba614cca0b18e42a1f878450d559eb8ae0e389535813e5f1d8226f594e7,ff4006c,0.1.0,2026-05-26T14:42:34+00:00
2024-01-17,Mkt-RF,FF,0.99,-0.013435117313457631,0.06986172373603461,0.10635569019581245,0,0,synthetic-v1,F16_default,786ddba614cca0b18e42a1f878450d559eb8ae0e389535813e5f1d8226f594e7,ff4006c,0.1.0,2026-05-26T14:42:34+00:00
2024-01-17,Mkt-RF,FF,0.995,-0.013435117313457631,0.08872215751353771,0.13443482316902697,0,0,synthetic-v1,F16_default,786ddba614cca0b18e42a1f878450d559eb8ae0e389535813e5f1d8226f594e7,ff4006c,0.1.0,2026-05-26T14:42:34+00:00
2024-01-18,Mkt-RF,FF,0.99,0.0028677980975132435,0.07004174583552572,0.10621659071261318,0,0,synthetic-v1,F16_default,786ddba614cca0b18e42a1f878450d559eb8ae0e389535813e5f1d8226f594e7,ff4006c,0.1.0,2026-05-26T14:42:34+00:00
2024-01-18,Mkt-RF,FF,0.995,0.0028677980975132435,0.08884209334438328,0.13431316414543992,0,0,synthetic-v1,F16_default,786ddba614cca0b18e42a1f878450d559eb8ae0e389535813e5f1d8226f594e7,ff4006c,0.1.0,2026-05-26T14:42:34+00:00
2024-01-19,Mkt-RF,FF,0.99,-0.010373332613664433,0.06989072913338523,0.1060161660114631,0,0,synthetic-v1,F16_default,786ddba614cca0b18e42a1f878450d559eb8ae0e389535813e5f1d8226f594e7,ff4006c,0.1.0,2026-05-26T14:42:34+00:00
2024-01-19,Mkt-RF,FF,0.995,-0.010373332613664433,0.0887097288783998,0.13415216585827372,0,0,synthetic-v1,F16_default,786ddba614cca0b18e42a1f878450d559eb8ae0e389535813e5f1d8226f594e7,ff4006c,0.1.0,2026-05-26T14:42:34+00:00
2024-01-22,Mkt-RF,FF,0.99,0.00045436405147713507,0.06863234916643389,0.10477109604692583,0,0,synthetic-v1,F16_default,786ddba614cca0b18e42a1f878450d559eb8ae0e389535813e5f1d8226f594e7,ff4006c,0.1.0,2026-05-26T14:42:34+00:00
2024-01-22,Mkt-RF,FF,0.995,0.00045436405147713507,0.08733138134425768,0.13282102882814392,0,0,synthetic-v1,F16_default,786ddba614cca0b18e42a1f878450d559eb8ae0e389535813e5f1d8226f594e7,ff4006c,0.1.0,2026-05-26T14:42:34+00:00
2024-01-23,Mkt-RF,FF,0.99,0.0038651559378782402,0.06852780658462847,0.10469246794909386,0,0,synthetic-v1,F16_default,786ddba614cca0b18e42a1f878450d559eb8ae0e389535813e5f1d8226f594e7,ff4006c,0.1.0,2026-05-26T14:42:34+00:00
2024-01-23,Mkt-RF,FF,0.995,0.0038651559378782402,0.08714742402087919,0.1327598349044219,0,0,synthetic-v1,F16_default,786ddba614cca0b18e42a1f878450d559eb8ae0e389535813e5f1d8226f594e7,ff4006c,0.1.0,2026-05-26T14:42:34+00:00
2024-01-24,Mkt-RF,FF,0.99,0.007222039976123719,0.06859647578737162,0.10488171988410114,0,0,synthetic-v1,F16_default,786ddba614cca0b18e42a1f878450d559eb8ae0e389535813e5f1d8226f594e7,ff4006c,0.1.0,2026-05-26T14:42:34+00:00
2024-01-24,Mkt-RF,FF,0.995,0.007222039976123719,0.0873180299814816,0.13299329141906116,0,0,synthetic-v1,F16_default,786ddba614cca0b18e42a1f878450d559eb8ae0e389535813e5f1d8226f594e7,ff4006c,0.1.0,2026-05-26T14:42:34+00:00
2024-01-25,Mkt-RF,FF,0.99,0.005459010497071798,0.06815085010388525,0.10451105061808622,0,0,synthetic-v1,F16_default,786ddba614cca0b18e42a1f878450d559eb8ae0e389535813e5f1d8226f594e7,ff4006c,0.1.0,2026-05-26T14:42:34+00:00
2024-01-25,Mkt-RF,FF,0.995,0.005459010497071798,0.08713323071088762,0.1326281565406776,0,0,synthetic-v1,F16_default,786ddba614cca0b18e42a1f878450d559eb8ae0e389535813e5f1d8226f594e7,ff4006c,0.1.0,2026-05-26T14:42:34+00:00
2024-01-26,Mkt-RF,FF,0.99,-0.007919970503315691,0.06812848965343593,0.10451737400326445,0,0,synthetic-v1,F16_default,786ddba614cca0b18e42a1f878450d559eb8ae0e389535813e5f1d8226f594e7,ff4006c,0.1.0,2026-05-26T14:42:34+00:00
2024-01-26,Mkt-RF,FF,0.995,-0.007919970503315691,0.08701492672577495,0.13269681201533243,0,0,synthetic-v1,F16_default,786ddba614cca0b18e42a1f878450d559eb8ae0e389535813e5f1d8226f594e7,ff4006c,0.1.0,2026-05-26T14:42:34+00:00
2024-01-29,Mkt-RF,FF,0.99,0.003109945174856815,0.0682319695916776,0.10465058151199304,0,0,synthetic-v1,F16_default,786ddba614cca0b18e42a1f878450d559eb8ae0e389535813e5f1d8226f594e7,ff4006c,0.1.0,2026-05-26T14:42:34+00:00
2024-01-29,Mkt-RF,FF,0.995,0.003109945174856815,0.08700956551050912,0.13271182778839777,0,0,synthetic-v1,F16_default,786ddba614cca0b18e42a1f878450d559eb8ae0e389535813e5f1d8226f594e7,ff4006c,0.1.0,2026-05-26T14:42:34+00:00
2024-01-30,Mkt-RF,FF,0.99,-0.0007419790804615319,0.06807558439138278,0.10463399029547224,0,0,synthetic-v1,F16_default,786ddba614cca0b18e42a1f878450d559eb8ae0e389535813e5f1d8226f594e7,ff4006c,0.1.0,2026-05-26T14:42:34+00:00
2024-01-30,Mkt-RF,FF,0.995,-0.0007419790804615319,0.08716704268419853,0.13275961123871377,0,0,synthetic-v1,F16_default,786ddba614cca0b18e42a1f878450d559eb8ae0e389535813e5f1d8226f594e7,ff4006c,0.1.0,2026-05-26T14:42:34+00:00
2024-01-31,Mkt-RF,FF,0.99,-0.015280139531969198,0.06823878533685615,0.1044528075819065,0,0,synthetic-v1,F16_default,786ddba614cca0b18e42a1f878450d559eb8ae0e389535813e5f1d8226f594e7,ff4006c,0.1.0,2026-05-26T14:42:34+00:00
2024-01-31,Mkt-RF,FF,0.995,-0.015280139531969198,0.08697844547708491,0.13252791133221983,0,0,synthetic-v1,F16_default,786ddba614cca0b18e42a1f878450d559eb8ae0e389535813e5f1d8226f594e7,ff4006c,0.1.0,2026-05-26T14:42:34+00:00
2024-02-01,Mkt-RF,FF,0.99,-0.012794621322605702,0.06811004229143564,0.10437203162590344,0,0,synthetic-v1,F16_default,786ddba614cca0b18e42a1f878450d559eb8ae0e389535813e5f1d8226f594e7,ff4006c,0.1.0,2026-05-26T14:42:34+00:00
2024-02-01,Mkt-RF,FF,0.995,-0.012794621322605702,0.08710963934252171,0.13251404511168238,0,0,synthetic-v1,F16_default,786ddba614cca0b18e42a1f878450d559eb8ae0e389535813e5f1d8226f594e7,ff4006c,0.1.0,2026-05-26T14:42:34+00:00
2024-02-02,Mkt-RF,FF,0.99,0.0038393997980201034,0.06788045343524199,0.10414933304388865,0,0,synthetic-v1,F16_default,786ddba614cca0b18e42a1f878450d559eb8ae0e389535813e5f1d8226f594e7,ff4006c,0.1.0,2026-05-26T14:42:34+00:00
2024-02-02,Mkt-RF,FF,0.995,0.0038393997980201034,0.08673375917141496,0.13242910029669608,0,0,synthetic-v1,F16_default,786ddba614cca0b18e42a1f878450d559eb8ae0e389535813e5f1d8226f594e7,ff4006c,0.1.0,2026-05-26T14:42:34+00:00
2024-02-05,Mkt-RF,FF,0.99,-0.005889637262208459,0.06784653281690844,0.10413179607037688,0,0,synthetic-v1,F16_default,786ddba614cca0b18e42a1f878450d559eb8ae0e389535813e5f1d8226f594e7,ff4006c,0.1.0,2026-05-26T14:42:34+00:00
2024-02-05,Mkt-RF,FF,0.995,-0.005889637262208459,0.08685135456563231,0.13237923333321636,0,0,synthetic-v1,F16_default,786ddba614cca0b18e42a1f878450d559eb8ae0e389535813e5f1d8226f594e7,ff4006c,0.1.0,2026-05-26T14:42:34+00:00
2024-02-06,Mkt-RF,FF,0.99,-0.003382588559700012,0.06895151755579966,0.10551381556614797,0,0,synthetic-v1,F16_default,786ddba614cca0b18e42a1f878450d559eb8ae0e389535813e5f1d8226f594e7,ff4006c,0.1.0,2026-05-26T14:42:34+00:00
2024-02-06,Mkt-RF,FF,0.995,-0.003382588559700012,0.08779884166661517,0.13391423620743978,0,0,synthetic-v1,F16_default,786ddba614cca0b18e42a1f878450d559eb8ae0e389535813e5f1d8226f594e7,ff4006c,0.1.0,2026-05-26T14:42:34+00:00
2024-02-07,Mkt-RF,FF,0.99,0.011900031587935133,0.07154466891551917,0.11093867443612196,0,0,synthetic-v1,F16_default,786ddba614cca0b18e42a1f878450d559eb8ae0e389535813e5f1d8226f594e7,ff4006c,0.1.0,2026-05-26T14:42:34+00:00
2024-02-07,Mkt-RF,FF,0.995,0.011900031587935133,0.09162363671610455,0.14149409855789802,0,0,synthetic-v1,F16_default,786ddba614cca0b18e42a1f878450d559eb8ae0e389535813e5f1d8226f594e7,ff4006c,0.1.0,2026-05-26T14:42:34+00:00
2024-02-08,Mkt-RF,FF,0.99,0.015785716634248596,0.07151389057609973,0.11038179794440114,0,0,synthetic-v1,F16_default,786ddba614cca0b18e42a1f878450d559eb8ae0e389535813e5f1d8226f594e7,ff4006c,0.1.0,2026-05-26T14:42:34+00:00
2024-02-08,Mkt-RF,FF,0.995,0.015785716634248596,0.091465571756425,0.14070373463058028,0,0,synthetic-v1,F16_default,786ddba614cca0b18e42a1f878450d559eb8ae0e389535813e5f1d8226f594e7,ff4006c,0.1.0,2026-05-26T14:42:34+00:00
2024-02-09,Mkt-RF,FF,0.99,0.003960534507621253,0.07157963978131862,0.11088112741042447,0,0,synthetic-v1,F16_default,786ddba614cca0b18e42a1f878450d559eb8ae0e389535813e5f1d8226f594e7,ff4006c,0.1.0,2026-05-26T14:42:34+00:00
2024-02-09,Mkt-RF,FF,0.995,0.003960534507621253,0.09174269037803794,0.1412848595541289,0,0,synthetic-v1,F16_default,786ddba614cca0b18e42a1f878450d559eb8ae0e389535813e5f1d8226f594e7,ff4006c,0.1.0,2026-05-26T14:42:34+00:00
2024-02-12,Mkt-RF,FF,0.99,0.009816070229342956,0.07132136712146675,0.11101701745556322,0,0,synthetic-v1,F16_default,786ddba614cca0b18e42a1f878450d559eb8ae0e389535813e5f1d8226f594e7,ff4006c,0.1.0,2026-05-26T14:42:34+00:00
2024-02-12,Mkt-RF,FF,0.995,0.009816070229342956,0.09156869903765649,0.14196726788611294,0,0,synthetic-v1,F16_default,786ddba614cca0b18e42a1f878450d559eb8ae0e389535813e5f1d8226f594e7,ff4006c,0.1.0,2026-05-26T14:42:34+00:00
2024-02-13,Mkt-RF,FF,0.99,-0.0042638142742151075,0.07158082712040421,0.11121702748712435,0,0,synthetic-v1,F16_default,786ddba614cca0b18e42a1f878450d559eb8ae0e389535813e5f1d8226f594e7,ff4006c,0.1.0,2026-05-26T14:42:34+00:00
2024-02-13,Mkt-RF,FF,0.995,-0.0042638142742151075,0.09170441526588974,0.14195564196453903,0,0,synthetic-v1,F16_default,786ddba614cca0b18e42a1f878450d559eb8ae0e389535813e5f1d8226f594e7,ff4006c,0.1.0,2026-05-26T14:42:34+00:00
2024-02-14,Mkt-RF,FF,0.99,-0.008301794199089258,0.06481385855926988,0.09982148413022662,0,0,synthetic-v1,F16_default,786ddba614cca0b18e42a1f878450d559eb8ae0e389535813e5f1d8226f594e7,ff4006c,0.1.0,2026-05-26T14:42:34+00:00
2024-02-14,Mkt-RF,FF,0.995,-0.008301794199089258,0.08291152068220708,0.12700165053779722,0,0,synthetic-v1,F16_default,786ddba614cca0b18e42a1f878450d559eb8ae0e389535813e5f1d8226f594e7,ff4006c,0.1.0,2026-05-26T14:42:34+00:00
2024-02-15,Mkt-RF,FF,0.99,0.005617809853439066,0.06450758432616338,0.09961690381426064,0,0,synthetic-v1,F16_default,786ddba614cca0b18e42a1f878450d559eb8ae0e389535813e5f1d8226f594e7,ff4006c,0.1.0,2026-05-26T14:42:34+00:00
2024-02-15,Mkt-RF,FF,0.995,0.005617809853439066,0.0826115641842737,0.12680986842751504,0,0,synthetic-v1,F16_default,786ddba614cca0b18e42a1f878450d559eb8ae0e389535813e5f1d8226f594e7,ff4006c,0.1.0,2026-05-26T14:42:34+00:00
2024-02-16,Mkt-RF,FF,0.99,0.02427673506115273,0.06440395760797293,0.09953479778284789,0,0,synthetic-v1,F16_default,786ddba614cca0b18e42a1f878450d559eb8ae0e389535813e5f1d8226f594e7,ff4006c,0.1.0,2026-05-26T14:42:34+00:00
2024-02-16,Mkt-RF,FF,0.995,0.02427673506115273,0.08254779288156305,0.12674952418516733,0,0,synthetic-v1,F16_default,786ddba614cca0b18e42a1f878450d559eb8ae0e389535813e5f1d8226f594e7,ff4006c,0.1.0,2026-05-26T14:42:34+00:00
2024-02-19,Mkt-RF,FF,0.99,0.007852446811068814,0.06108912583327701,0.09231784518756628,0,0,synthetic-v1,F16_default,786ddba614cca0b18e42a1f878450d559eb8ae0e389535813e5f1d8226f594e7,ff4006c,0.1.0,2026-05-26T14:42:34+00:00
2024-02-19,Mkt-RF,FF,0.995,0.007852446811068814,0.07745872583206875,0.11640881815302012,0,0,synthetic-v1,F16_default,786ddba614cca0b18e42a1f878450d559eb8ae0e389535813e5f1d8226f594e7,ff4006c,0.1.0,2026-05-26T14:42:34+00:00
2024-02-20,Mkt-RF,FF,0.99,-0.021649488967178415,0.06122355299899962,0.09223883721617647,0,0,synthetic-v1,F16_default,786ddba614cca0b18e42a1f878450d559eb8ae0e389535813e5f1d8226f594e7,ff4006c,0.1.0,2026-05-26T14:42:34+00:00
2024-02-20,Mkt-RF,FF,0.995,-0.021649488967178415,0.07756627066405906,0.11632065280653758,0,0,synthetic-v1,F16_default,786ddba614cca0b18e42a1f878450d559eb8ae0e389535813e5f1d8226f594e7,ff4006c,0.1.0,2026-05-26T14:42:34+00:00
2024-02-21,Mkt-RF,FF,0.99,-0.010046138952256773,0.06109247286035575,0.09218310760480071,0,0,synthetic-v1,F16_default,786ddba614cca0b18e42a1f878450d559eb8ae0e389535813e5f1d8226f594e7,ff4006c,0.1.0,2026-05-26T14:42:34+00:00
2024-02-21,Mkt-RF,FF,0.995,-0.010046138952256773,0.07736309265106169,0.11621288646151465,0,0,synthetic-v1,F16_default,786ddba614cca0b18e42a1f878450d559eb8ae0e389535813e5f1d8226f594e7,ff4006c,0.1.0,2026-05-26T14:42:34+00:00
2024-02-22,Mkt-RF,FF,0.99,-0.002940450530495429,0.060793331260610185,0.09207493452693277,0,0,synthetic-v1,F16_default,786ddba614cca0b18e42a1f878450d559eb8ae0e389535813e5f1d8226f594e7,ff4006c,0.1.0,2026-05-26T14:42:34+00:00
2024-02-22,Mkt-RF,FF,0.995,-0.002940450530495429,0.07741676090552312,0.11619839743255791,0,0,synthetic-v1,F16_default,786ddba614cca0b18e42a1f878450d559eb8ae0e389535813e5f1d8226f594e7,ff4006c,0.1.0,2026-05-26T14:42:34+00:00
2024-02-23,Mkt-RF,FF,0.99,0.0025261599739931214,0.061056495356220604,0.09267328212570322,0,0,synthetic-v1,F16_default,786ddba614cca0b18e42a1f878450d559eb8ae0e389535813e5f1d8226f594e7,ff4006c,0.1.0,2026-05-26T14:42:34+00:00
2024-02-23,Mkt-RF,FF,0.995,0.0025261599739931214,0.0775522204355188,0.11707406953302463,0,0,synthetic-v1,F16_default,786ddba614cca0b18e42a1f878450d559eb8ae0e389535813e5f1d8226f594e7,ff4006c,0.1.0,2026-05-26T14:42:34+00:00
2024-02-26,Mkt-RF,FF,0.99,0.008984829405056714,0.061058998076794366,0.09283869208278298,0,0,synthetic-v1,F16_default,786ddba614cca0b18e42a1f878450d559eb8ae0e389535813e5f1d8226f594e7,ff4006c,0.1.0,2026-05-26T14:42:34+00:00
2024-02-26,Mkt-RF,FF,0.995,0.008984829405056714,0.07770535536748495,0.11741965629428935,0,0,synthetic-v1,F16_default,786ddba614cca0b18e42a1f878450d559eb8ae0e389535813e5f1d8226f594e7,ff4006c,0.1.0,2026-05-26T14:42:34+00:00
2024-02-27,Mkt-RF,FF,0.99,-0.0006953325626023513,0.06419978479835885,0.09577552012636628,0,0,synthetic-v1,F16_default,786ddba614cca0b18e42a1f878450d559eb8ae0e389535813e5f1d8226f594e7,ff4006c,0.1.0,2026-05-26T14:42:34+00:00
2024-02-27,Mkt-RF,FF,0.995,-0.0006953325626023513,0.08083784878245563,0.120176173461752,0,0,synthetic-v1,F16_default,786ddba614cca0b18e42a1f878450d559eb8ae0e389535813e5f1d8226f594e7,ff4006c,0.1.0,2026-05-26T14:42:34+00:00
2024-02-28,Mkt-RF,FF,0.99,-0.009510917370286845,0.064148585766274,0.09586159325085439,0,0,synthetic-v1,F16_default,786ddba614cca0b18e42a1f878450d559eb8ae0e389535813e5f1d8226f594e7,ff4006c,0.1.0,2026-05-26T14:42:34+00:00
2024-02-28,Mkt-RF,FF,0.995,-0.009510917370286845,0.08080618929121447,0.12025383628861404,0,0,synthetic-v1,F16_default,786ddba614cca0b18e42a1f878450d559eb8ae0e389535813e5f1d8226f594e7,ff4006c,0.1.0,2026-05-26T14:42:34+00:00
2024-02-29,Mkt-RF,FF,0.99,0.015562031574453256,0.056951653146597336,0.08185291763777196,0,0,synthetic-v1,F16_default,786ddba614cca0b18e42a1f878450d559eb8ae0e389535813e5f1d8226f594e7,ff4006c,0.1.0,2026-05-26T14:42:34+00:00
2024-02-29,Mkt-RF,FF,0.995,0.015562031574453256,0.07056748710669587,0.1007136460387148,0,0,synthetic-v1,F16_default,786ddba614cca0b18e42a1f878450d559eb8ae0e389535813e5f1d8226f594e7,ff4006c,0.1.0,2026-05-26T14:42:34+00:00
2024-03-01,Mkt-RF,FF,0.99,0.00434003322812485,0.052617296142015206,0.07482003322162491,0,0,synthetic-v1,F16_default,786ddba614cca0b18e42a1f878450d559eb8ae0e389535813e5f1d8226f594e7,ff4006c,0.1.0,2026-05-26T14:42:34+00:00
2024-03-01,Mkt-RF,FF,0.995,0.00434003322812485,0.06489144032096626,0.09136087446564822,0,0,synthetic-v1,F16_default,786ddba614cca0b18e42a1f878450d559eb8ae0e389535813e5f1d8226f594e7,ff4006c,0.1.0,2026-05-26T14:42:34+00:00
2024-03-04,Mkt-RF,FF,0.99,-0.007036277240192408,0.05285263096049332,0.07484120676039294,0,0,synthetic-v1,F16_default,786ddba614cca0b18e42a1f878450d559eb8ae0e389535813e5f1d8226f594e7,ff4006c,0.1.0,2026-05-26T14:42:34+00:00
2024-03-04,Mkt-RF,FF,0.995,-0.007036277240192408,0.06484973076259867,0.09149892937860192,0,0,synthetic-v1,F16_default,786ddba614cca0b18e42a1f878450d559eb8ae0e389535813e5f1d8226f594e7,ff4006c,0.1.0,2026-05-26T14:42:34+00:00
2024-03-05,Mkt-RF,FF,0.99,-0.015191478886238705,0.05263339961275137,0.07469326861617456,0,0,synthetic-v1,F16_default,786ddba614cca0b18e42a1f878450d559eb8ae0e389535813e5f1d8226f594e7,ff4006c,0.1.0,2026-05-26T14:42:34+00:00
2024-03-05,Mkt-RF,FF,0.995,-0.015191478886238705,0.0649108021483018,0.0914005091367772,0,0,synthetic-v1,F16_default,786ddba614cca0b18e42a1f878450d559eb8ae0e389535813e5f1d8226f594e7,ff4006c,0.1.0,2026-05-26T14:42:34+00:00
2024-03-06,Mkt-RF,FF,0.99,-0.009416759328059882,0.05276778869864752,0.07423944224502033,0,0,synthetic-v1,F16_default,786ddba614cca0b18e42a1f878450d559eb8ae0e389535813e5f1d8226f594e7,ff4006c,0.1.0,2026-05-26T14:42:34+00:00
2024-03-06,Mkt-RF,FF,0.995,-0.009416759328059882,0.06475450852068383,0.09031569790988547,0,0,synthetic-v1,F16_default,786ddba614cca0b18e42a1f878450d559eb8ae0e389535813e5f1d8226f594e7,ff4006c,0.1.0,2026-05-26T14:42:34+00:00
2024-03-07,Mkt-RF,FF,0.99,0.016010624031910135,0.05283288372559992,0.0743494760580792,0,0,synthetic-v1,F16_default,786ddba614cca0b18e42a1f878450d559eb8ae0e389535813e5f1d8226f594e7,ff4006c,0.1.0,2026-05-26T14:42:34+00:00
2024-03-07,Mkt-RF,FF,0.995,0.016010624031910135,0.06494383479299926,0.09050957088087705,0,0,synthetic-v1,F16_default,786ddba614cca0b18e42a1f878450d559eb8ae0e389535813e5f1d8226f594e7,ff4006c,0.1.0,2026-05-26T14:42:34+00:00
2024-03-08,Mkt-RF,FF,0.99,0.005004280650402639,0.05277809657553929,0.0743864493856486,0,0,synthetic-v1,F16_default,786ddba614cca0b18e42a1f878450d559eb8ae0e389535813e5f1d8226f594e7,ff4006c,0.1.0,2026-05-26T14:42:34+00:00
2024-03-08,Mkt-RF,FF,0.995,0.005004280650402639,0.06489900223567918,0.09052553378347875,0,0,synthetic-v1,F16_default,786ddba614cca0b18e42a1f878450d559eb8ae0e389535813e5f1d8226f594e7,ff4006c,0.1.0,2026-05-26T14:42:34+00:00
2024-03-11,Mkt-RF,FF,0.99,-0.01022177808915295,0.05377282242433134,0.07603330637374289,0,0,synthetic-v1,F16_default,786ddba614cca0b18e42a1f878450d559eb8ae0e389535813e5f1d8226f594e7,ff4006c,0.1.0,2026-05-26T14:42:34+00:00
2024-03-11,Mkt-RF,FF,0.995,-0.01022177808915295,0.06599165458622887,0.09297172786378158,0,0,synthetic-v1,F16_default,786ddba614cca0b18e42a1f878450d559eb8ae0e389535813e5f1d8226f594e7,ff4006c,0.1.0,2026-05-26T14:42:34+00:00
2024-03-12,Mkt-RF,FF,0.99,0.013264854801872434,0.05289065911554586,0.07431161915026918,0,0,synthetic-v1,F16_default,786ddba614cca0b18e42a1f878450d559eb8ae0e389535813e5f1d8226f594e7,ff4006c,0.1.0,2026-05-26T14:42:34+00:00
2024-03-12,Mkt-RF,FF,0.995,0.013264854801872434,0.06489232898687347,0.0905004766423345,0,0,synthetic-v1,F16_default,786ddba614cca0b18e42a1f878450d559eb8ae0e389535813e5f1d8226f594e7,ff4006c,0.1.0,2026-05-26T14:42:34+00:00
2024-03-13,Mkt-RF,FF,0.99,-0.004017493742060964,0.053748647374004685,0.07607816311442465,0,0,synthetic-v1,F16_default,786ddba614cca0b18e42a1f878450d559eb8ae0e389535813e5f1d8226f594e7,ff4006c,0.1.0,2026-05-26T14:42:34+00:00
2024-03-13,Mkt-RF,FF,0.995,-0.004017493742060964,0.06595809709175937,0.09282262067175232,0,0,synthetic-v1,F16_default,786ddba614cca0b18e42a1f878450d559eb8ae0e389535813e5f1d8226f594e7,ff4006c,0.1.0,2026-05-26T14:42:34+00:00
2024-03-14,Mkt-RF,FF,0.99,0.014296476526355444,0.05270048238591336,0.07423101602521828,0,0,synthetic-v1,F16_default,786ddba614cca0b18e42a1f878450d559eb8ae0e389535813e5f1d8226f594e7,ff4006c,0.1.0,2026-05-26T14:42:34+00:00
2024-03-14,Mkt-RF,FF,0.995,0.014296476526355444,0.0645423843168775,0.09019528736866603,0,0,synthetic-v1,F16_default,786ddba614cca0b18e42a1f878450d559eb8ae0e389535813e5f1d8226f594e7,ff4006c,0.1.0,2026-05-26T14:42:34+00:00
2024-03-15,Mkt-RF,FF,0.99,-0.006560246734576328,0.053481393633673914,0.07570816899065683,0,0,synthetic-v1,F16_default,786ddba614cca0b18e42a1f878450d559eb8ae0e389535813e5f1d8226f594e7,ff4006c,0.1.0,2026-05-26T14:42:34+00:00
2024-03-15,Mkt-RF,FF,0.995,-0.006560246734576328,0.0656904811716701,0.09236814017537326,0,0,synthetic-v1,F16_default,786ddba614cca0b18e42a1f878450d559eb8ae0e389535813e5f1d8226f594e7,ff4006c,0.1.0,2026-05-26T14:42:34+00:00
2024-03-18,Mkt-RF,FF,0.99,-0.003041900495952729,0.053647019785658924,0.07574452593597347,0,0,synthetic-v1,F16_default,786ddba614cca0b18e42a1f878450d559eb8ae0e389535813e5f1d8226f594e7,ff4006c,0.1.0,2026-05-26T14:42:34+00:00
2024-03-18,Mkt-RF,FF,0.995,-0.003041900495952729,0.06573890309945885,0.09238169787823704,0,0,synthetic-v1,F16_default,786ddba614cca0b18e42a1f878450d559eb8ae0e389535813e5f1d8226f594e7,ff4006c,0.1.0,2026-05-26T14:42:34+00:00
2024-03-19,Mkt-RF,FF,0.99,0.0019545790003191355,0.05257916066385598,0.07381660734723938,0,0,synthetic-v1,F16_default,786ddba614cca0b18e42a1f878450d559eb8ae0e389535813e5f1d8226f594e7,ff4006c,0.1.0,2026-05-26T14:42:34+00:00
2024-03-19,Mkt-RF,FF,0.995,0.0019545790003191355,0.06428431660331438,0.08987603474846714,0,0,synthetic-v1,F16_default,786ddba614cca0b18e42a1f878450d559eb8ae0e389535813e5f1d8226f594e7,ff4006c,0.1.0,2026-05-26T14:42:34+00:00
2024-03-20,Mkt-RF,FF,0.99,0.006502573363425453,0.056461518379099504,0.08113517616580787,0,0,synthetic-v1,F16_default,786ddba614cca0b18e42a1f878450d559eb8ae0e389535813e5f1d8226f594e7,ff4006c,0.1.0,2026-05-26T14:42:34+00:00
2024-03-20,Mkt-RF,FF,0.995,0.006502573363425453,0.06991788495386653,0.0997690693592592,0,0,synthetic-v1,F16_default,786ddba614cca0b18e42a1f878450d559eb8ae0e389535813e5f1d8226f594e7,ff4006c,0.1.0,2026-05-26T14:42:34+00:00
2024-03-21,Mkt-RF,FF,0.99,-0.005172329317139802,0.060917045511608564,0.0898016083201429,0,0,synthetic-v1,F16_default,786ddba614cca0b18e42a1f878450d559eb8ae0e389535813e5f1d8226f594e7,ff4006c,0.1.0,2026-05-26T14:42:34+00:00
2024-03-21,Mkt-RF,FF,0.995,-0.005172329317139802,0.07632899079157854,0.11230113113347526,0,0,synthetic-v1,F16_default,786ddba614cca0b18e42a1f878450d559eb8ae0e389535813e5f1d8226f594e7,ff4006c,0.1.0,2026-05-26T14:42:34+00:00
2024-03-22,Mkt-RF,FF,0.99,0.006752854340159979,0.06105494050803766,0.09029707140695457,0,0,synthetic-v1,F16_default,786ddba614cca0b18e42a1f878450d559eb8ae0e389535813e5f1d8226f594e7,ff4006c,0.1.0,2026-05-26T14:42:34+00:00
2024-03-22,Mkt-RF,FF,0.995,0.006752854340159979,0.07659044413805348,0.1125850695506009,0,0,synthetic-v1,F16_default,786ddba614cca0b18e42a1f878450d559eb8ae0e389535813e5f1d8226f594e7,ff4006c,0.1.0,2026-05-26T14:42:34+00:00
2024-03-25,Mkt-RF,FF,0.99,-0.0180378369614402,0.061064874635626536,0.09013075448959568,0,0,synthetic-v1,F16_default,786ddba614cca0b18e42a1f878450d559eb8ae0e389535813e5f1d8226f594e7,ff4006c,0.1.0,2026-05-26T14:42:34+00:00
2024-03-25,Mkt-RF,FF,0.995,-0.0180378369614402,0.07650293713219924,0.11258586898822032,0,0,synthetic-v1,F16_default,786ddba614cca0b18e42a1f878450d559eb8ae0e389535813e5f1d8226f594e7,ff4006c,0.1.0,2026-05-26T14:42:34+00:00
2024-03-26,Mkt-RF,FF,0.99,0.0001919054195030616,0.0607755508819307,0.0899812722423766,0,0,synthetic-v1,F16_default,786ddba614cca0b18e42a1f878450d559eb8ae0e389535813e5f1d8226f594e7,ff4006c,0.1.0,2026-05-26T14:42:34+00:00
2024-03-26,Mkt-RF,FF,0.995,0.0001919054195030616,0.07627090014211496,0.1122560921530246,0,0,synthetic-v1,F16_default,786ddba614cca0b18e42a1f878450d559eb8ae0e389535813e5f1d8226f594e7,ff4006c,0.1.0,2026-05-26T14:42:34+00:00
2024-03-27,Mkt-RF,FF,0.99,-0.008531999697660145,0.06089406521812385,0.08991350688885785,0,0,synthetic-v1,F16_default,786ddba614cca0b18e42a1f878450d559eb8ae0e389535813e5f1d8226f594e7,ff4006c,0.1.0,2026-05-26T14:42:34+00:00
2024-03-27,Mkt-RF,FF,0.995,-0.008531999697660145,0.07631899718065573,0.11213155952253258,0,0,synthetic-v1,F16_default,786ddba614cca0b18e42a1f878450d559eb8ae0e389535813e5f1d8226f594e7,ff4006c,0.1.0,2026-05-26T14:42:34+00:00
2024-03-28,Mkt-RF,FF,0.99,0.002043794409702648,0.06079012443285526,0.08971646493806612,0,0,synthetic-v1,F16_default,786ddba614cca0b18e42a1f878450d559eb8ae0e389535813e5f1d8226f594e7,ff4006c,0.1.0,2026-05-26T14:42:34+00:00
2024-03-28,Mkt-RF,FF,0.995,0.002043794409702648,0.07620574677201468,0.11184757657057404,0,0,synthetic-v1,F16_default,786ddba614cca0b18e42a1f878450d559eb8ae0e389535813e5f1d8226f594e7,ff4006c,0.1.0,2026-05-26T14:42:34+00:00
2024-03-29,Mkt-RF,FF,0.99,-0.015471228329649296,0.060743941055206585,0.08964336536911996,0,0,synthetic-v1,F16_default,786ddba614cca0b18e42a1f878450d559eb8ae0e389535813e5f1d8226f594e7,ff4006c,0.1.0,2026-05-26T14:42:34+00:00
2024-03-29,Mkt-RF,FF,0.995,-0.015471228329649296,0.07605077526053275,0.11190037298525536,0,0,synthetic-v1,F16_default,786ddba614cca0b18e42a1f878450d559eb8ae0e389535813e5f1d8226f594e7,ff4006c,0.1.0,2026-05-26T14:42:34+00:00
2024-04-01,Mkt-RF,FF,0.99,-0.04648088267421973,0.06059838002470637,0.08945017723981073,0,0,synthetic-v1,F16_default,786ddba614cca0b18e42a1f878450d559eb8ae0e389535813e5f1d8226f594e7,ff4006c,0.1.0,2026-05-26T14:42:34+00:00
2024-04-01,Mkt-RF,FF,0.995,-0.04648088267421973,0.07587004946071935,0.11150381395827327,0,0,synthetic-v1,F16_default,786ddba614cca0b18e42a1f878450d559eb8ae0e389535813e5f1d8226f594e7,ff4006c,0.1.0,2026-05-26T14:42:34+00:00
2024-04-02,Mkt-RF,FF,0.99,0.03211171836756895,0.06056989520605583,0.08950056410525599,0,0,synthetic-v1,F16_default,786ddba614cca0b18e42a1f878450d559eb8ae0e389535813e5f1d8226f594e7,ff4006c,0.1.0,2026-05-26T14:42:34+00:00
2024-04-02,Mkt-RF,FF,0.995,0.03211171836756895,0.0759219826950083,0.11157648246372462,0,0,synthetic-v1,F16_default,786ddba614cca0b18e42a1f878450d559eb8ae0e389535813e5f1d8226f594e7,ff4006c,0.1.0,2026-05-26T14:42:34+00:00
2024-04-03,Mkt-RF,FF,0.99,0.004699368570866899,0.053725057199350924,0.07582393805904582,0,0,synthetic-v1,F16_default,786ddba614cca0b18e42a1f878450d559eb8ae0e389535813e5f1d8226f594e7,ff4006c,0.1.0,2026-05-26T14:42:34+00:00
2024-04-03,Mkt-RF,FF,0.995,0.004699368570866899,0.06587625751755315,0.09254441190590765,0,0,synthetic-v1,F16_default,786ddba614cca0b18e42a1f878450d559eb8ae0e389535813e5f1d8226f594e7,ff4006c,0.1.0,2026-05-26T14:42:34+00:00
2024-04-04,Mkt-RF,FF,0.99,-0.04403079769846995,0.053905266771709745,0.07614539831297461,0,0,synthetic-v1,F16_default,786ddba614cca0b18e42a1f878450d559eb8ae0e389535813e5f1d8226f594e7,ff4006c,0.1.0,2026-05-26T14:42:34+00:00
2024-04-04,Mkt-RF,FF,0.995,-0.04403079769846995,0.06615647083356532,0.09284899450836176,0,0,synthetic-v1,F16_default,786ddba614cca0b18e42a1f878450d559eb8ae0e389535813e5f1d8226f594e7,ff4006c,0.1.0,2026-05-26T14:42:34+00:00
2024-04-05,Mkt-RF,FF,0.99,0.035240730693223365,0.05423456589582685,0.0765689880183529,0,0,synthetic-v1,F16_default,786ddba614cca0b18e42a1f878450d559eb8ae0e389535813e5f1d8226f594e7,ff4006c,0.1.0,2026-05-26T14:42:34+00:00
2024-04-05,Mkt-RF,FF,0.995,0.035240730693223365,0.06671528113092762,0.09345413089148541,0,0,synthetic-v1,F16_default,786ddba614cca0b18e42a1f878450d559eb8ae0e389535813e5f1d8226f594e7,ff4006c,0.1.0,2026-05-26T14:42:34+00:00
2024-04-08,Mkt-RF,FF,0.99,0.028154968854102052,0.058062023128480196,0.08363073869898816,0,0,synthetic-v1,F16_default,786ddba614cca0b18e42a1f878450d559eb8ae0e389535813e5f1d8226f594e7,ff4006c,0.1.0,2026-05-26T14:42:34+00:00
2024-04-08,Mkt-RF,FF,0.995,0.028154968854102052,0.07224054138503921,0.10291392925672409,0,0,synthetic-v1,F16_default,786ddba614cca0b18e42a1f878450d559eb8ae0e389535813e5f1d8226f594e7,ff4006c,0.1.0,2026-05-26T14:42:34+00:00
2024-04-09,Mkt-RF,FF,0.99,0.008822517042454237,0.05142490278098456,0.07110174893892979,0,0,synthetic-v1,F16_default,786ddba614cca0b18e42a1f878450d559eb8ae0e389535813e5f1d8226f594e7,ff4006c,0.1.0,2026-05-26T14:42:34+00:00
2024-04-09,Mkt-RF,FF,0.995,0.008822517042454237,0.06248834239579471,0.0858791876830185,0,0,synthetic-v1,F16_default,786ddba614cca0b18e42a1f878450d559eb8ae0e389535813e5f1d8226f594e7,ff4006c,0.1.0,2026-05-26T14:42:34+00:00
2024-04-10,Mkt-RF,FF,0.99,0.0016599546984246637,0.05129349258402979,0.07107690048818681,0,0,synthetic-v1,F16_default,786ddba614cca0b18e42a1f878450d559eb8ae0e389535813e5f1d8226f594e7,ff4006c,0.1.0,2026-05-26T14:42:34+00:00
2024-04-10,Mkt-RF,FF,0.995,0.0016599546984246637,0.06253191570857251,0.08591670345950164,0,0,synthetic-v1,F16_default,786ddba614cca0b18e42a1f878450d559eb8ae0e389535813e5f1d8226f594e7,ff4006c,0.1.0,2026-05-26T14:42:34+00:00
2024-04-11,Mkt-RF,FF,0.99,0.003497673107887508,0.05143487788994404,0.0711576277929451,0,0,synthetic-v1,F16_default,786ddba614cca0b18e42a1f878450d559eb8ae0e389535813e5f1d8226f594e7,ff4006c,0.1.0,2026-05-26T14:42:34+00:00
2024-04-11,Mkt-RF,FF,0.995,0.003497673107887508,0.062454618907941045,0.08596719278761417,0,0,synthetic-v1,F16_default,786ddba614cca0b18e42a1f878450d559eb8ae0e389535813e5f1d8226f594e7,ff4006c,0.1.0,2026-05-26T14:42:34+00:00
2024-04-12,Mkt-RF,FF,0.99,0.024235401644788015,0.050358010124878894,0.06991942037033705,0,0,synthetic-v1,F16_default,786ddba614cca0b18e42a1f878450d559eb8ae0e389535813e5f1d8226f594e7,ff4006c,0.1.0,2026-05-26T14:42:34+00:00
2024-04-12,Mkt-RF,FF,0.995,0.024235401644788015,0.0614958943126545,0.08436662607007875,0,0,synthetic-v1,F16_default,786ddba614cca0b18e42a1f878450d559eb8ae0e389535813e5f1d8226f594e7,ff4006c,0.1.0,2026-05-26T14:42:34+00:00
2024-04-15,Mkt-RF,FF,0.99,-0.002393460898577627,0.04997221814016953,0.06927385148059746,0,0,synthetic-v1,F16_default,786ddba614cca0b18e42a1f878450d559eb8ae0e389535813e5f1d8226f594e7,ff4006c,0.1.0,2026-05-26T14:42:34+00:00
2024-04-15,Mkt-RF,FF,0.995,-0.002393460898577627,0.06100405029138582,0.08382202993312618,0,0,synthetic-v1,F16_default,786ddba614cca0b18e42a1f878450d559eb8ae0e389535813e5f1d8226f594e7,ff4006c,0.1.0,2026-05-26T14:42:34+00:00
2024-04-16,Mkt-RF,FF,0.99,-0.0007399349827916526,0.05017028350529841,0.06964473187119266,0,0,synthetic-v1,F16_default,786ddba614cca0b18e42a1f878450d559eb8ae0e389535813e5f1d8226f594e7,ff4006c,0.1.0,2026-05-26T14:42:34+00:00
2024-04-16,Mkt-RF,FF,0.995,-0.0007399349827916526,0.06112815456911855,0.08413395984942437,0,0,synthetic-v1,F16_default,786ddba614cca0b18e42a1f878450d559eb8ae0e389535813e5f1d8226f594e7,ff4006c,0.1.0,2026-05-26T14:42:34+00:00
2024-04-17,Mkt-RF,FF,0.99,-0.011314936720668883,0.05040188533820716,0.0699494514368409,0,0,synthetic-v1,F16_default,786ddba614cca0b18e42a1f878450d559eb8ae0e389535813e5f1d8226f594e7,ff4006c,0.1.0,2026-05-26T14:42:34+00:00
2024-04-17,Mkt-RF,FF,0.995,-0.011314936720668883,0.061549578748714036,0.08470804357038969,0,0,synthetic-v1,F16_default,786ddba614cca0b18e42a1f878450d559eb8ae0e389535813e5f1d8226f594e7,ff4006c,0.1.0,2026-05-26T14:42:34+00:00
2024-04-18,Mkt-RF,FF,0.99,0.01668107133870774,0.05040418657446292,0.06954274408612918,0,0,synthetic-v1,F16_default,786ddba614cca0b18e42a1f878450d559eb8ae0e389535813e5f1d8226f594e7,ff4006c,0.1.0,2026-05-26T14:42:34+00:00
2024-04-18,Mkt-RF,FF,0.995,0.01668107133870774,0.06132235140479093,0.0842140586572652,0,0,synthetic-v1,F16_default,786ddba614cca0b18e42a1f878450d559eb8ae0e389535813e5f1d8226f594e7,ff4006c,0.1.0,2026-05-26T14:42:34+00:00
2024-04-19,Mkt-RF,FF,0.99,-0.003128021289890636,0.05086704566693952,0.07072044099023202,0,0,synthetic-v1,F16_default,786ddba614cca0b18e42a1f878450d559eb8ae0e389535813e5f1d8226f594e7,ff4006c,0.1.0,2026-05-26T14:42:34+00:00
2024-04-19,Mkt-RF,FF,0.995,-0.003128021289890636,0.062019111948617055,0.08550397094146209,0,0,synthetic-v1,F16_default,786ddba614cca0b18e42a1f878450d559eb8ae0e389535813e5f1d8226f594e7,ff4006c,0.1.0,2026-05-26T14:42:34+00:00
2024-04-22,Mkt-RF,FF,0.99,0.0016880107129253023,0.05026263278204078,0.06987584614850903,0,0,synthetic-v1,F16_default,786ddba614cca0b18e42a1f878450d559eb8ae0e389535813e5f1d8226f594e7,ff4006c,0.1.0,2026-05-26T14:42:34+00:00
2024-04-22,Mkt-RF,FF,0.995,0.0016880107129253023,0.06139035787825432,0.08436113934500147,0,0,synthetic-v1,F16_default,786ddba614cca0b18e42a1f878450d559eb8ae0e389535813e5f1d8226f594e7,ff4006c,0.1.0,2026-05-26T14:42:34+00:00
2024-04-23,Mkt-RF,FF,0.99,0.0010089444443630324,0.05093259459312706,0.07057924174789279,0,0,synthetic-v1,F16_default,786ddba614cca0b18e42a1f878450d559eb8ae0e389535813e5f1d8226f594e7,ff4006c,0.1.0,2026-05-26T14:42:34+00:00
2024-04-23,Mkt-RF,FF,0.995,0.0010089444443630324,0.06194879478093813,0.08542589789984086,0,0,synthetic-v1,F16_default,786ddba614cca0b18e42a1f878450d559eb8ae0e389535813e5f1d8226f594e7,ff4006c,0.1.0,2026-05-26T14:42:34+00:00
2024-04-24,Mkt-RF,FF,0.99,0.008484239692509995,0.051186722345808046,0.07065453234855146,0,0,synthetic-v1,F16_default,786ddba614cca0b18e42a1f878450d559eb8ae0e389535813e5f1d8226f594e7,ff4006c,0.1.0,2026-05-26T14:42:34+00:00
2024-04-24,Mkt-RF,FF,0.995,0.008484239692509995,0.06216233749668658,0.08525215040783113,0,0,synthetic-v1,F16_default,786ddba614cca0b18e42a1f878450d559eb8ae0e389535813e5f1d8226f594e7,ff4006c,0.1.0,2026-05-26T14:42:34+00:00
2024-04-25,Mkt-RF,FF,0.99,-0.013041415426305557,0.05105198775954133,0.07051110948562758,0,0,synthetic-v1,F16_default,786ddba614cca0b18e42a1f878450d559eb8ae0e389535813e5f1d8226f594e7,ff4006c,0.1.0,2026-05-26T14:42:34+00:00
2024-04-25,Mkt-RF,FF,0.995,-0.013041415426305557,0.06212244581430402,0.0850540595431511,0,0,synthetic-v1,F16_default,786ddba614cca0b18e42a1f878450d559eb8ae0e389535813e5f1d8226f594e7,ff4006c,0.1.0,2026-05-26T14:42:34+00:00
2024-04-26,Mkt-RF,FF,0.99,-0.013680426712243137,0.05094740575681694,0.07016949605662154,0,0,synthetic-v1,F16_default,786ddba614cca0b18e42a1f878450d559eb8ae0e389535813e5f1d8226f594e7,ff4006c,0.1.0,2026-05-26T14:42:34+00:00
2024-04-26,Mkt-RF,FF,0.995,-0.013680426712243137,0.06162127470961044,0.08457753610001323,0,0,synthetic-v1,F16_default,786ddba614cca0b18e42a1f878450d559eb8ae0e389535813e5f1d8226f594e7,ff4006c,0.1.0,2026-05-26T14:42:34+00:00
2024-04-29,Mkt-RF,FF,0.99,-0.0031367392641283827,0.05064977000061287,0.07012394113569949,0,0,synthetic-v1,F16_default,786ddba614cca0b18e42a1f878450d559eb8ae0e389535813e5f1d8226f594e7,ff4006c,0.1.0,2026-05-26T14:42:34+00:00
2024-04-29,Mkt-RF,FF,0.995,-0.0031367392641283827,0.06174708433120765,0.08462254000135207,0,0,synthetic-v1,F16_default,786ddba614cca0b18e42a1f878450d559eb8ae0e389535813e5f1d8226f594e7,ff4006c,0.1.0,2026-05-26T14:42:34+00:00
2024-04-30,Mkt-RF,FF,0.99,0.0003970430753587325,0.050895115014807764,0.07016577969723546,0,0,synthetic-v1,F16_default,786ddba614cca0b18e42a1f878450d559eb8ae0e389535813e5f1d8226f594e7,ff4006c,0.1.0,2026-05-26T14:42:34+00:00
2024-04-30,Mkt-RF,FF,0.995,0.0003970430753587325,0.06182959360902913,0.08479484254089051,0,0,synthetic-v1,F16_default,786ddba614cca0b18e42a1f878450d559eb8ae0e389535813e5f1d8226f594e7,ff4006c,0.1.0,2026-05-26T14:42:34+00:00
2024-05-01,Mkt-RF,FF,0.99,0.029430237130197063,0.05081556885066202,0.07031372222501062,0,0,synthetic-v1,F16_default,786ddba614cca0b18e42a1f878450d559eb8ae0e389535813e5f1d8226f594e7,ff4006c,0.1.0,2026-05-26T14:42:34+00:00
2024-05-01,Mkt-RF,FF,0.995,0.029430237130197063,0.06189620295184572,0.08485501338490756,0,0,synthetic-v1,F16_default,786ddba614cca0b18e42a1f878450d559eb8ae0e389535813e5f1d8226f594e7,ff4006c,0.1.0,2026-05-26T14:42:34+00:00
2024-05-02,Mkt-RF,FF,0.99,0.011127517537322636,0.044910500185157735,0.06045826901697749,0,0,synthetic-v1,F16_default,786ddba614cca0b18e42a1f878450d559eb8ae0e389535813e5f1d8226f594e7,ff4006c,0.1.0,2026-05-26T14:42:34+00:00
2024-05-02,Mkt-RF,FF,0.995,0.011127517537322636,0.053801254475486844,0.07200688989761272,0,0,synthetic-v1,F16_default,786ddba614cca0b18e42a1f878450d559eb8ae0e389535813e5f1d8226f594e7,ff4006c,0.1.0,2026-05-26T14:42:34+00:00
2024-05-03,Mkt-RF,FF,0.99,0.0189921323136114,0.04484455602486574,0.06039015074744911,0,0,synthetic-v1,F16_default,786ddba614cca0b18e42a1f878450d559eb8ae0e389535813e5f1d8226f594e7,ff4006c,0.1.0,2026-05-26T14:42:34+00:00
2024-05-03,Mkt-RF,FF,0.995,0.0189921323136114,0.05370856323885023,0.07196748832280785,0,0,synthetic-v1,F16_default,786ddba614cca0b18e42a1f878450d559eb8ae0e389535813e5f1d8226f594e7,ff4006c,0.1.0,2026-05-26T14:42:34+00:00
2024-05-06,Mkt-RF,FF,0.99,-0.014177391691408482,0.044864521723611404,0.060490622010321765,0,0,synthetic-v1,F16_default,786ddba614cca0b18e42a1f878450d559eb8ae0e389535813e5f1d8226f594e7,ff4006c,0.1.0,2026-05-26T14:42:34+00:00
2024-05-06,Mkt-RF,FF,0.995,-0.014177391691408482,0.05375385709020449,0.0721110869650995,0,0,synthetic-v1,F16_default,786ddba614cca0b18e42a1f878450d559eb8ae0e389535813e5f1d8226f594e7,ff4006c,0.1.0,2026-05-26T14:42:34+00:00
2024-05-07,Mkt-RF,FF,0.99,-0.007970409935974044,0.04487492261732443,0.060423735231458615,0,0,synthetic-v1,F16_default,786ddba614cca0b18e42a1f878450d559eb8ae0e389535813e5f1d8226f594e7,ff4006c,0.1.0,2026-05-26T14:42:34+00:00
2024-05-07,Mkt-RF,FF,0.995,-0.007970409935974044,0.053790964067160704,0.07205190620281987,0,0,synthetic-v1,F16_default,786ddba614cca0b18e42a1f878450d559eb8ae0e389535813e5f1d8226f594e7,ff4006c,0.1.0,2026-05-26T14:42:34+00:00
2024-05-08,Mkt-RF,FF,0.99,0.008520976593725945,0.044911036657547636,0.06063804312400278,0,0,synthetic-v1,F16_default,786ddba614cca0b18e42a1f878450d559eb8ae0e389535813e5f1d8226f594e7,ff4006c,0.1.0,2026-05-26T14:42:34+00:00
2024-05-08,Mkt-RF,FF,0.995,0.008520976593725945,0.05398724813750806,0.07230182412907327,0,0,synthetic-v1,F16_default,786ddba614cca0b18e42a1f878450d559eb8ae0e389535813e5f1d8226f594e7,ff4006c,0.1.0,2026-05-26T14:42:34+00:00
2024-05-09,Mkt-RF,FF,0.99,0.0020535449330555057,0.044758392448866924,0.06057615470165836,0,0,synthetic-v1,F16_default,786ddba614cca0b18e42a1f878450d559eb8ae0e389535813e5f1d8226f594e7,ff4006c,0.1.0,2026-05-26T14:42:34+00:00
2024-05-09,Mkt-RF,FF,0.995,0.0020535449330555057,0.05387407891323655,0.07227750436112282,0,0,synthetic-v1,F16_default,786ddba614cca0b18e42a1f878450d559eb8ae0e389535813e5f1d8226f594e7,ff4006c,0.1.0,2026-05-26T14:42:34+00:00
2024-05-10,Mkt-RF,FF,0.99,-0.02749423895703747,0.0451765292984534,0.06111019384695873,0,0,synthetic-v1,F16_default,786ddba614cca0b18e42a1f878450d559eb8ae0e389535813e5f1d8226f594e7,ff4006c,0.1.0,2026-05-26T14:42:34+00:00
2024-05-10,Mkt-RF,FF,0.995,-0.02749423895703747,0.05440667193166283,0.07295544264625314,0,0,synthetic-v1,F16_default,786ddba614cca0b18e42a1f878450d559eb8ae0e389535813e5f1d8226f594e7,ff4006c,0.1.0,2026-05-26T14:42:34+00:00
2024-05-13,Mkt-RF,FF,0.99,-0.012125457883883436,0.04495164130728554,0.0607394027538994,0,0,synthetic-v1,F16_default,786ddba614cca0b18e42a1f878450d559eb8ae0e389535813e5f1d8226f594e7,ff4006c,0.1.0,2026-05-26T14:42:34+00:00
2024-05-13,Mkt-RF,FF,0.995,-0.012125457883883436,0.05401703920123545,0.07255295972305305,0,0,synthetic-v1,F16_default,786ddba614cca0b18e42a1f878450d559eb8ae0e389535813e5f1d8226f594e7,ff4006c,0.1.0,2026-05-26T14:42:34+00:00
2024-05-14,Mkt-RF,FF,0.99,-0.0026713750707841356,0.04513998435434281,0.06124168132028982,0,0,synthetic-v1,F16_default,786ddba614cca0b18e42a1f878450d559eb8ae0e389535813e5f1d8226f594e7,ff4006c,0.1.0,2026-05-26T14:42:34+00:00
2024-05-14,Mkt-RF,FF,0.995,-0.0026713750707841356,0.05437078579066103,0.07322513258300747,0,0,synthetic-v1,F16_default,786ddba614cca0b18e42a1f878450d559eb8ae0e389535813e5f1d8226f594e7,ff4006c,0.1.0,2026-05-26T14:42:34+00:00
2024-05-15,Mkt-RF,FF,0.99,-0.01657815852863555,0.04509991608799769,0.06125719681195087,0,0,synthetic-v1,F16_default,786ddba614cca0b18e42a1f878450d559eb8ae0e389535813e5f1d8226f594e7,ff4006c,0.1.0,2026-05-26T14:42:34+00:00
2024-05-15,Mkt-RF,FF,0.995,-0.01657815852863555,0.054625876838097574,0.07329327374248519,0,0,synthetic-v1,F16_default,786ddba614cca0b18e42a1f878450d559eb8ae0e389535813e5f1d8226f594e7,ff4006c,0.1.0,2026-05-26T14:42:34+00:00
2024-05-16,Mkt-RF,FF,0.99,-0.005477999424512284,0.04500828375759279,0.061277037233778184,0,0,synthetic-v1,F16_default,786ddba614cca0b18e42a1f878450d559eb8ae0e389535813e5f1d8226f594e7,ff4006c,0.1.0,2026-05-26T14:42:34+00:00
2024-05-16,Mkt-RF,FF,0.995,-0.005477999424512284,0.05434449623375757,0.07330401704865244,0,0,synthetic-v1,F16_default,786ddba614cca0b18e42a1f878450d559eb8ae0e389535813e5f1d8226f594e7,ff4006c,0.1.0,2026-05-26T14:42:34+00:00
2024-05-17,Mkt-RF,FF,0.99,-6.517206524627578e-05,0.045224982304387394,0.06130814814487062,0,0,synthetic-v1,F16_default,786ddba614cca0b18e42a1f878450d559eb8ae0e389535813e5f1d8226f594e7,ff4006c,0.1.0,2026-05-26T14:42:34+00:00
2024-05-17,Mkt-RF,FF,0.995,-6.517206524627578e-05,0.054429023618606666,0.0735198691988796,0,0,synthetic-v1,F16_default,786ddba614cca0b18e42a1f878450d559eb8ae0e389535813e5f1d8226f594e7,ff4006c,0.1.0,2026-05-26T14:42:34+00:00
2024-05-20,Mkt-RF,FF,0.99,0.0034277696122697356,0.04518868421128768,0.06140188912022396,0,0,synthetic-v1,F16_default,786ddba614cca0b18e42a1f878450d559eb8ae0e389535813e5f1d8226f594e7,ff4006c,0.1.0,2026-05-26T14:42:34+00:00
2024-05-20,Mkt-RF,FF,0.995,0.0034277696122697356,0.05444848558282024,0.0735291713959714,0,0,synthetic-v1,F16_default,786ddba614cca0b18e42a1f878450d559eb8ae0e389535813e5f1d8226f594e7,ff4006c,0.1.0,2026-05-26T14:42:34+00:00
2024-05-21,Mkt-RF,FF,0.99,-0.011587501275927201,0.04524480220201774,0.06157161307463715,0,0,synthetic-v1,F16_default,786ddba614cca0b18e42a1f878450d559eb8ae0e389535813e5f1d8226f594e7,ff4006c,0.1.0,2026-05-26T14:42:34+00:00
2024-05-21,Mkt-RF,FF,0.995,-0.011587501275927201,0.05463712067645258,0.07368282334230303,0,0,synthetic-v1,F16_default,786ddba614cca0b18e42a1f878450d559eb8ae0e389535813e5f1d8226f594e7,ff4006c,0.1.0,2026-05-26T14:42:34+00:00
2024-05-22,Mkt-RF,FF,0.99,-0.003717631167906398,0.04518157801016273,0.06152536730238142,0,0,synthetic-v1,F16_default,786ddba614cca0b18e42a1f878450d559eb8ae0e389535813e5f1d8226f594e7,ff4006c,0.1.0,2026-05-26T14:42:34+00:00
2024-05-22,Mkt-RF,FF,0.995,-0.003717631167906398,0.05444928082025015,0.07368572345376884,0,0,synthetic-v1,F16_default,786ddba614cca0b18e42a1f878450d559eb8ae0e389535813e5f1d8226f594e7,ff4006c,0.1.0,2026-05-26T14:42:34+00:00
2024-05-23,Mkt-RF,FF,0.99,-0.013684072792979412,0.04527355159863541,0.06143892544399548,0,0,synthetic-v1,F16_default,786ddba614cca0b18e42a1f878450d559eb8ae0e389535813e5f1d8226f594e7,ff4006c,0.1.0,2026-05-26T14:42:34+00:00
2024-05-23,Mkt-RF,FF,0.995,-0.013684072792979412,0.054423106021589736,0.07352405732134128,0,0,synthetic-v1,F16_default,786ddba614cca0b18e42a1f878450d559eb8ae0e389535813e5f1d8226f594e7,ff4006c,0.1.0,2026-05-26T14:42:34+00:00
2024-05-24,Mkt-RF,FF,0.99,-0.0026856105420515353,0.04415894584150119,0.05932223826623147,0,0,synthetic-v1,F16_default,786ddba614cca0b18e42a1f878450d559eb8ae0e389535813e5f1d8226f594e7,ff4006c,0.1.0,2026-05-26T14:42:34+00:00
2024-05-24,Mkt-RF,FF,0.995,-0.0026856105420515353,0.05297871178077217,0.0707699315473028,0,0,synthetic-v1,F16_default,786ddba614cca0b18e42a1f878450d559eb8ae0e389535813e5f1d8226f594e7,ff4006c,0.1.0,2026-05-26T14:42:34+00:00
2024-05-27,Mkt-RF,FF,0.99,-0.004313345410285297,0.04402399302748982,0.05948838520698721,0,0,synthetic-v1,F16_default,786ddba614cca0b18e42a1f878450d559eb8ae0e389535813e5f1d8226f594e7,ff4006c,0.1.0,2026-05-26T14:42:34+00:00
2024-05-27,Mkt-RF,FF,0.995,-0.004313345410285297,0.052944663513681,0.07080726276674859,0,0,synthetic-v1,F16_default,786ddba614cca0b18e42a1f878450d559eb8ae0e389535813e5f1d8226f594e7,ff4006c,0.1.0,2026-05-26T14:42:34+00:00
2024-05-28,Mkt-RF,FF,0.99,-0.022754528832931806,0.04384887765922807,0.05921605773408624,0,0,synthetic-v1,F16_default,786ddba614cca0b18e42a1f878450d559eb8ae0e389535813e5f1d8226f594e7,ff4006c,0.1.0,2026-05-26T14:42:34+00:00
2024-05-28,Mkt-RF,FF,0.995,-0.022754528832931806,0.05275755797061926,0.07063816181700114,0,0,synthetic-v1,F16_default,786ddba614cca0b18e42a1f878450d559eb8ae0e389535813e5f1d8226f594e7,ff4006c,0.1.0,2026-05-26T14:42:34+00:00
2024-05-29,Mkt-RF,FF,0.99,0.008129727987696475,0.05832639557733209,0.08578970963819933,0,0,synthetic-v1,F16_default,786ddba614cca0b18e42a1f878450d559eb8ae0e389535813e5f1d8226f594e7,ff4006c,0.1.0,2026-05-26T14:42:34+00:00
2024-05-29,Mkt-RF,FF,0.995,0.008129727987696475,0.07299341271580316,0.10690124384272255,0,0,synthetic-v1,F16_default,786ddba614cca0b18e42a1f878450d559eb8ae0e389535813e5f1d8226f594e7,ff4006c,0.1.0,2026-05-26T14:42:34+00:00
2024-05-30,Mkt-RF,FF,0.99,0.029528680231755217,0.05837654314536144,0.08575507511859559,0,0,synthetic-v1,F16_default,786ddba614cca0b18e42a1f878450d559eb8ae0e389535813e5f1d8226f594e7,ff4006c,0.1.0,2026-05-26T14:42:34+00:00
2024-05-30,Mkt-RF,FF,0.995,0.029528680231755217,0.07314112810817767,0.10689324882791107,0,0,synthetic-v1,F16_default,786ddba614cca0b18e42a1f878450d559eb8ae0e389535813e5f1d8226f594e7,ff4006c,0.1.0,2026-05-26T14:42:34+00:00
2024-05-31,Mkt-RF,FF,0.99,0.009108353714182175,0.04299643581577277,0.058520540377733285,0,0,synthetic-v1,F16_default,786ddba614cca0b18e42a1f878450d559eb8ae0e389535813e5f1d8226f594e7,ff4006c,0.1.0,2026-05-26T14:42:34+00:00
2024-05-31,Mkt-RF,FF,0.995,0.009108353714182175,0.051772357140128955,0.06989732627943795,0,0,synthetic-v1,F16_default,786ddba614cca0b18e42a1f878450d559eb8ae0e389535813e5f1d8226f594e7,ff4006c,0.1.0,2026-05-26T14:42:34+00:00
2024-06-03,Mkt-RF,FF,0.99,-0.010861537034358227,0.041202977137704974,0.055245548084159546,0,0,synthetic-v1,F16_default,786ddba614cca0b18e42a1f878450d559eb8ae0e389535813e5f1d8226f594e7,ff4006c,0.1.0,2026-05-26T14:42:34+00:00
2024-06-03,Mkt-RF,FF,0.995,-0.010861537034358227,0.04932954410365917,0.0657313817318723,0,0,synthetic-v1,F16_default,786ddba614cca0b18e42a1f878450d559eb8ae0e389535813e5f1d8226f594e7,ff4006c,0.1.0,2026-05-26T14:42:34+00:00
2024-06-04,Mkt-RF,FF,0.99,-0.0036657113623474015,0.041452981590652194,0.05549548244351746,0,0,synthetic-v1,F16_default,786ddba614cca0b18e42a1f878450d559eb8ae0e389535813e5f1d8226f594e7,ff4006c,0.1.0,2026-05-26T14:42:34+00:00
2024-06-04,Mkt-RF,FF,0.995,-0.0036657113623474015,0.04949791917087057,0.06594171083715705,0,0,synthetic-v1,F16_default,786ddba614cca0b18e42a1f878450d559eb8ae0e389535813e5f1d8226f594e7,ff4006c,0.1.0,2026-05-26T14:42:34+00:00
2024-06-05,Mkt-RF,FF,0.99,0.0020848464545073146,0.041460794622726636,0.05540651455019127,0,0,synthetic-v1,F16_default,786ddba614cca0b18e42a1f878450d559eb8ae0e389535813e5f1d8226f594e7,ff4006c,0.1.0,2026-05-26T14:42:34+00:00
2024-06-05,Mkt-RF,FF,0.995,0.0020848464545073146,0.04959095284206359,0.06603948324649499,0,0,synthetic-v1,F16_default,786ddba614cca0b18e42a1f878450d559eb8ae0e389535813e5f1d8226f594e7,ff4006c,0.1.0,2026-05-26T14:42:34+00:00
2024-06-06,Mkt-RF,FF,0.99,0.02634959927928212,0.0412410926280964,0.055324750893595315,0,0,synthetic-v1,F16_default,786ddba614cca0b18e42a1f878450d559eb8ae0e389535813e5f1d8226f594e7,ff4006c,0.1.0,2026-05-26T14:42:34+00:00
2024-06-06,Mkt-RF,FF,0.995,0.02634959927928212,0.04946839519024783,0.06566626987802876,0,0,synthetic-v1,F16_default,786ddba614cca0b18e42a1f878450d559eb8ae0e389535813e5f1d8226f594e7,ff4006c,0.1.0,2026-05-26T14:42:34+00:00
2024-06-07,Mkt-RF,FF,0.99,-0.021972771525408934,0.04051510218125488,0.05450516816056088,0,0,synthetic-v1,F16_default,786ddba614cca0b18e42a1f878450d559eb8ae0e389535813e5f1d8226f594e7,ff4006c,0.1.0,2026-05-26T14:42:34+00:00
2024-06-07,Mkt-RF,FF,0.995,-0.021972771525408934,0.04859281320629668,0.06482835699422702,0,0,synthetic-v1,F16_default,786ddba614cca0b18e42a1f878450d559eb8ae0e389535813e5f1d8226f594e7,ff4006c,0.1.0,2026-05-26T14:42:34+00:00
2024-06-10,Mkt-RF,FF,0.99,3.214396366250775e-05,0.04064451449230673,0.05461664179443569,0,0,synthetic-v1,F16_default,786ddba614cca0b18e42a1f878450d559eb8ae0e389535813e5f1d8226f594e7,ff4006c,0.1.0,2026-05-26T14:42:34+00:00
2024-06-10,Mkt-RF,FF,0.995,3.214396366250775e-05,0.04866607539275291,0.06507701949442214,0,0,synthetic-v1,F16_default,786ddba614cca0b18e42a1f878450d559eb8ae0e389535813e5f1d8226f594e7,ff4006c,0.1.0,2026-05-26T14:42:34+00:00
2024-06-11,Mkt-RF,FF,0.99,0.004038693888109678,0.04055859785387891,0.05460638673648657,0,0,synthetic-v1,F16_default,786ddba614cca0b18e42a1f878450d559eb8ae0e389535813e5f1d8226f594e7,ff4006c,0.1.0,2026-05-26T14:42:34+00:00
2024-06-11,Mkt-RF,FF,0.995,0.004038693888109678,0.048537940212308436,0.06495250339441978,0,0,synthetic-v1,F16_default,786ddba614cca0b18e42a1f878450d559eb8ae0e389535813e5f1d8226f594e7,ff4006c,0.1.0,2026-05-26T14:42:34+00:00
2024-06-12,Mkt-RF,FF,0.99,0.012098924155736797,0.04230729532334027,0.05783934422792795,0,0,synthetic-v1,F16_default,786ddba614cca0b18e42a1f878450d559eb8ae0e389535813e5f1d8226f594e7,ff4006c,0.1.0,2026-05-26T14:42:34+00:00
2024-06-12,Mkt-RF,FF,0.995,0.012098924155736797,0.05116792542066358,0.06930931671802353,0,0,synthetic-v1,F16_default,786ddba614cca0b18e42a1f878450d559eb8ae0e389535813e5f1d8226f594e7,ff4006c,0.1.0,2026-05-26T14:42:34+00:00
2024-06-13,Mkt-RF,FF,0.99,0.027666167233347003,0.041343799165917836,0.055893818404448695,0,0,synthetic-v1,F16_default,786ddba614cca0b18e42a1f878450d559eb8ae0e389535813e5f1d8226f594e7,ff4006c,0.1.0,2026-05-26T14:42:34+00:00
2024-06-13,Mkt-RF,FF,0.995,0.027666167233347003,0.04959175090036666,0.0665215369160311,0,0,synthetic-v1,F16_default,786ddba614cca0b18e42a1f878450d559eb8ae0e389535813e5f1d8226f594e7,ff4006c,0.1.0,2026-05-26T14:42:34+00:00
2024-06-14,Mkt-RF,FF,0.99,-0.0011074265417524878,0.040759546194838424,0.05515189541683191,0,0,synthetic-v1,F16_default,786ddba614cca0b18e42a1f878450d559eb8ae0e389535813e5f1d8226f594e7,ff4006c,0.1.0,2026-05-26T14:42:34+00:00
2024-06-14,Mkt-RF,FF,0.995,-0.0011074265417524878,0.04892153028853949,0.06594202498461746,0,0,synthetic-v1,F16_default,786ddba614cca0b18e42a1f878450d559eb8ae0e389535813e5f1d8226f594e7,ff4006c,0.1.0,2026-05-26T14:42:34+00:00
2024-06-17,Mkt-RF,FF,0.99,-0.006467065466330011,0.040607449289504466,0.055174693294515666,0,0,synthetic-v1,F16_default,786ddba614cca0b18e42a1f878450d559eb8ae0e389535813e5f1d8226f594e7,ff4006c,0.1.0,2026-05-26T14:42:34+00:00
2024-06-17,Mkt-RF,FF,0.995,-0.006467065466330011,0.04884905398861393,0.0658721164872412,0,0,synthetic-v1,F16_default,786ddba614cca0b18e42a1f878450d559eb8ae0e389535813e5f1d8226f594e7,ff4006c,0.1.0,2026-05-26T14:42:34+00:00
2024-06-18,Mkt-RF,FF,0.99,0.022058812140489797,0.040814189193602815,0.05531729031460045,0,0,synthetic-v1,F16_default,786ddba614cca0b18e42a1f878450d559eb8ae0e389535813e5f1d8226f594e7,ff4006c,0.1.0,2026-05-26T14:42:34+00:00
2024-06-18,Mkt-RF,FF,0.995,0.022058812140489797,0.04898488237064842,0.06615696965077292,0,0,synthetic-v1,F16_default,786ddba614cca0b18e42a1f878450d559eb8ae0e389535813e5f1d8226f594e7,ff4006c,0.1.0,2026-05-26T14:42:34+00:00
2024-06-19,Mkt-RF,FF,0.99,-0.004412374343210734,0.04018930232062781,0.054303595294447185,0,0,synthetic-v1,F16_default,786ddba614cca0b18e42a1f878450d559eb8ae0e389535813e5f1d8226f594e7,ff4006c,0.1.0,2026-05-26T14:42:34+00:00
2024-06-19,Mkt-RF,FF,0.995,-0.004412374343210734,0.04817106643230849,0.06464890635662507,0,0,synthetic-v1,F16_default,786ddba614cca0b18e42a1f878450d559eb8ae0e389535813e5f1d8226f594e7,ff4006c,0.1.0,2026-05-26T14:42:34+00:00
2024-06-20,Mkt-RF,FF,0.99,0.004644167187404278,0.04011911184295935,0.0544297800638982,0,0,synthetic-v1,F16_default,786ddba614cca0b18e42a1f878450d559eb8ae0e389535813e5f1d8226f594e7,ff4006c,0.1.0,2026-05-26T14:42:34+00:00
2024-06-20,Mkt-RF,FF,0.995,0.004644167187404278,0.04828461524741904,0.06519966726030876,0,0,synthetic-v1,F16_default,786ddba614cca0b18e42a1f878450d559eb8ae0e389535813e5f1d8226f594e7,ff4006c,0.1.0,2026-05-26T14:42:34+00:00
2024-06-21,Mkt-RF,FF,0.99,-0.0018135330205836953,0.040167920131133295,0.05450957332174953,0,0,synthetic-v1,F16_default,786ddba614cca0b18e42a1f878450d559eb8ae0e389535813e5f1d8226f594e7,ff4006c,0.1.0,2026-05-26T14:42:34+00:00
2024-06-21,Mkt-RF,FF,0.995,-0.0018135330205836953,0.048449970558065526,0.06528857918130213,0,0,synthetic-v1,F16_default,786ddba614cca0b18e42a1f878450d559eb8ae0e389535813e5f1d8226f594e7,ff4006c,0.1.0,2026-05-26T14:42:34+00:00
2024-06-24,Mkt-RF,FF,0.99,-0.012459622508815604,0.040339884272854995,0.05448386943815415,0,0,synthetic-v1,F16_default,786ddba614cca0b18e42a1f878450d559eb8ae0e389535813e5f1d8226f594e7,ff4006c,0.1.0,2026-05-26T14:42:34+00:00
2024-06-24,Mkt-RF,FF,0.995,-0.012459622508815604,0.048434566622898884,0.06527525203234232,0,0,synthetic-v1,F16_default,786ddba614cca0b18e42a1f878450d559eb8ae0e389535813e5f1d8226f594e7,ff4006c,0.1.0,2026-05-26T14:42:34+00:00
2024-06-25,Mkt-RF,FF,0.99,0.01727656587647859,0.0399910560284002,0.05437451594209496,0,0,synthetic-v1,F16_default,786ddba614cca0b18e42a1f878450d559eb8ae0e389535813e5f1d8226f594e7,ff4006c,0.1.0,2026-05-26T14:42:34+00:00
2024-06-25,Mkt-RF,FF,0.995,0.01727656587647859,0.04824484925819735,0.06498705231504986,0,0,synthetic-v1,F16_default,786ddba614cca0b18e42a1f878450d559eb8ae0e389535813e5f1d8226f594e7,ff4006c,0.1.0,2026-05-26T14:42:34+00:00
2024-06-26,Mkt-RF,FF,0.99,0.02164961107534634,0.04005920729579708,0.05410743987500108,0,0,synthetic-v1,F16_default,786ddba614cca0b18e42a1f878450d559eb8ae0e389535813e5f1d8226f594e7,ff4006c,0.1.0,2026-05-26T14:42:34+00:00
2024-06-26,Mkt-RF,FF,0.995,0.02164961107534634,0.048074207287638455,0.06477527034379238,0,0,synthetic-v1,F16_default,786ddba614cca0b18e42a1f878450d559eb8ae0e389535813e5f1d8226f594e7,ff4006c,0.1.0,2026-05-26T14:42:34+00:00
2024-06-27,Mkt-RF,FF,0.99,-0.01295594071179576,0.04016551090331197,0.05428691507601964,0,0,synthetic-v1,F16_default,786ddba614cca0b18e42a1f878450d559eb8ae0e389535813e5f1d8226f594e7,ff4006c,0.1.0,2026-05-26T14:42:34+00:00
2024-06-27,Mkt-RF,FF,0.995,-0.01295594071179576,0.048039034975289656,0.06480406863555911,0,0,synthetic-v1,F16_default,786ddba614cca0b18e42a1f878450d559eb8ae0e389535813e5f1d8226f594e7,ff4006c,0.1.0,2026-05-26T14:42:34+00:00
2024-06-28,Mkt-RF,FF,0.99,0.008032071624651669,0.04005161814451313,0.0540923489711645,0,0,synthetic-v1,F16_default,786ddba614cca0b18e42a1f878450d559eb8ae0e389535813e5f1d8226f594e7,ff4006c,0.1.0,2026-05-26T14:42:34+00:00
2024-06-28,Mkt-RF,FF,0.995,0.008032071624651669,0.048106894950745244,0.06462135420619268,0,0,synthetic-v1,F16_default,786ddba614cca0b18e42a1f878450d559eb8ae0e389535813e5f1d8226f594e7,ff4006c,0.1.0,2026-05-26T14:42:34+00:00
2024-07-01,Mkt-RF,FF,0.99,-0.02615290044703582,0.04010256298522963,0.05450072370223377,0,0,synthetic-v1,F16_default,786ddba614cca0b18e42a1f878450d559eb8ae0e389535813e5f1d8226f594e7,ff4006c,0.1.0,2026-05-26T14:42:34+00:00
2024-07-01,Mkt-RF,FF,0.995,-0.02615290044703582,0.04834113580853589,0.0651481763117799,0,0,synthetic-v1,F16_default,786ddba614cca0b18e42a1f878450d559eb8ae0e389535813e5f1d8226f594e7,ff4006c,0.1.0,2026-05-26T14:42:34+00:00
2024-07-02,Mkt-RF,FF,0.99,-0.009966698708077594,0.039897763356286836,0.0543352769427958,0,0,synthetic-v1,F16_default,786ddba614cca0b18e42a1f878450d559eb8ae0e389535813e5f1d8226f594e7,ff4006c,0.1.0,2026-05-26T14:42:34+00:00
2024-07-02,Mkt-RF,FF,0.995,-0.009966698708077594,0.048095920564590916,0.06498009968476753,0,0,synthetic-v1,F16_default,786ddba614cca0b18e42a1f878450d559eb8ae0e389535813e5f1d8226f594e7,ff4006c,0.1.0,2026-05-26T14:42:34+00:00
2024-07-03,Mkt-RF,FF,0.99,-0.001966419443352331,0.040225876910810233,0.054401691337353716,0,0,synthetic-v1,F16_default,786ddba614cca0b18e42a1f878450d559eb8ae0e389535813e5f1d8226f594e7,ff4006c,0.1.0,2026-05-26T14:42:34+00:00
2024-07-03,Mkt-RF,FF,0.995,-0.001966419443352331,0.048309228748359134,0.06497413669020635,0,0,synthetic-v1,F16_default,786ddba614cca0b18e42a1f878450d559eb8ae0e389535813e5f1d8226f594e7,ff4006c,0.1.0,2026-05-26T14:42:34+00:00
2024-07-04,Mkt-RF,FF,0.99,0.0015972933288933863,0.040001163555366946,0.05436007596964934,0,0,synthetic-v1,F16_default,786ddba614cca0b18e42a1f878450d559eb8ae0e389535813e5f1d8226f594e7,ff4006c,0.1.0,2026-05-26T14:42:34+00:00
2024-07-04,Mkt-RF,FF,0.995,0.0015972933288933863,0.04837799186340379,0.06490766116075364,0,0,synthetic-v1,F16_default,786ddba614cca0b18e42a1f878450d559eb8ae0e389535813e5f1d8226f594e7,ff4006c,0.1.0,2026-05-26T14:42:34+00:00
2024-07-05,Mkt-RF,FF,0.99,0.005886222734507095,0.04008122496970283,0.05435571303456806,0,0,synthetic-v1,F16_default,786ddba614cca0b18e42a1f878450d559eb8ae0e389535813e5f1d8226f594e7,ff4006c,0.1.0,2026-05-26T14:42:34+00:00
2024-07-05,Mkt-RF,FF,0.995,0.005886222734507095,0.04832160944955701,0.06476892216634955,0,0,synthetic-v1,F16_default,786ddba614cca0b18e42a1f878450d559eb8ae0e389535813e5f1d8226f594e7,ff4006c,0.1.0,2026-05-26T14:42:34+00:00
2024-07-08,Mkt-RF,FF,0.99,-0.01219039670455188,0.04012224466809705,0.05425556507191973,0,0,synthetic-v1,F16_default,786ddba614cca0b18e42a1f878450d559eb8ae0e389535813e5f1d8226f594e7,ff4006c,0.1.0,2026-05-26T14:42:34+00:00
2024-07-08,Mkt-RF,FF,0.995,-0.01219039670455188,0.048274202705294735,0.0647956381885467,0,0,synthetic-v1,F16_default,786ddba614cca0b18e42a1f878450d559eb8ae0e389535813e5f1d8226f594e7,ff4006c,0.1.0,2026-05-26T14:42:34+00:00
2024-07-09,Mkt-RF,FF,0.99,0.006669321231935859,0.04012828217132671,0.05450032571854081,0,0,synthetic-v1,F16_default,786ddba614cca0b18e42a1f878450d559eb8ae0e389535813e5f1d8226f594e7,ff4006c,0.1.0,2026-05-26T14:42:34+00:00
2024-07-09,Mkt-RF,FF,0.995,0.006669321231935859,0.04839185573967847,0.0650072428140141,0,0,synthetic-v1,F16_default,786ddba614cca0b18e42a1f878450d559eb8ae0e389535813e5f1d8226f594e7,ff4006c,0.1.0,2026-05-26T14:42:34+00:00
2024-07-10,Mkt-RF,FF,0.99,0.030632347726860795,0.040120043268651914,0.054387234315905454,0,0,synthetic-v1,F16_default,786ddba614cca0b18e42a1f878450d559eb8ae0e389535813e5f1d8226f594e7,ff4006c,0.1.0,2026-05-26T14:42:34+00:00
2024-07-10,Mkt-RF,FF,0.995,0.030632347726860795,0.04835666552498961,0.0650886121621328,0,0,synthetic-v1,F16_default,786ddba614cca0b18e42a1f878450d559eb8ae0e389535813e5f1d8226f594e7,ff4006c,0.1.0,2026-05-26T14:42:34+00:00
2024-07-11,Mkt-RF,FF,0.99,-0.016203492752389123,0.04026722403114078,0.054471949372056544,0,0,synthetic-v1,F16_default,786ddba614cca0b18e42a1f878450d559eb8ae0e389535813e5f1d8226f594e7,ff4006c,0.1.0,2026-05-26T14:42:34+00:00
2024-07-11,Mkt-RF,FF,0.995,-0.016203492752389123,0.04817919074060119,0.06488777941640862,0,0,synthetic-v1,F16_default,786ddba614cca0b18e42a1f878450d559eb8ae0e389535813e5f1d8226f594e7,ff4006c,0.1.0,2026-05-26T14:42:34+00:00
2024-07-12,Mkt-RF,FF,0.99,-0.004686679128264476,0.03831804652963337,0.05106373189834568,0,0,synthetic-v1,F16_default,786ddba614cca0b18e42a1f878450d559eb8ae0e389535813e5f1d8226f594e7,ff4006c,0.1.0,2026-05-26T14:42:34+00:00
2024-07-12,Mkt-RF,FF,0.995,-0.004686679128264476,0.04568054662007308,0.060501626912726564,0,0,synthetic-v1,F16_default,786ddba614cca0b18e42a1f878450d559eb8ae0e389535813e5f1d8226f594e7,ff4006c,0.1.0,2026-05-26T14:42:34+00:00
2024-07-15,Mkt-RF,FF,0.99,0.000364052493173494,0.0379425928012269,0.05017486616265916,0,0,synthetic-v1,F16_default,786ddba614cca0b18e42a1f878450d559eb8ae0e389535813e5f1d8226f594e7,ff4006c,0.1.0,2026-05-26T14:42:34+00:00
2024-07-15,Mkt-RF,FF,0.995,0.000364052493173494,0.04509661546681082,0.05939629305418876,0,0,synthetic-v1,F16_default,786ddba614cca0b18e42a1f878450d559eb8ae0e389535813e5f1d8226f594e7,ff4006c,0.1.0,2026-05-26T14:42:34+00:00
2024-07-16,Mkt-RF,FF,0.99,-0.012179082256597086,0.037710900452387855,0.05008709666037049,0,0,synthetic-v1,F16_default,786ddba614cca0b18e42a1f878450d559eb8ae0e389535813e5f1d8226f594e7,ff4006c,0.1.0,2026-05-26T14:42:34+00:00
2024-07-16,Mkt-RF,FF,0.995,-0.012179082256597086,0.044982736220888386,0.05915713017820216,0,0,synthetic-v1,F16_default,786ddba614cca0b18e42a1f878450d559eb8ae0e389535813e5f1d8226f594e7,ff4006c,0.1.0,2026-05-26T14:42:34+00:00
2024-07-17,Mkt-RF,FF,0.99,-0.006542429189688982,0.03800572082483183,0.05048576920068735,0,0,synthetic-v1,F16_default,786ddba614cca0b18e42a1f878450d559eb8ae0e389535813e5f1d8226f594e7,ff4006c,0.1.0,2026-05-26T14:42:34+00:00
2024-07-17,Mkt-RF,FF,0.995,-0.006542429189688982,0.0453946887847357,0.059758995734953094,0,0,synthetic-v1,F16_default,786ddba614cca0b18e42a1f878450d559eb8ae0e389535813e5f1d8226f594e7,ff4006c,0.1.0,2026-05-26T14:42:34+00:00
2024-07-18,Mkt-RF,FF,0.99,0.013371229107571218,0.03827837238606837,0.0511626892823553,0,0,synthetic-v1,F16_default,786ddba614cca0b18e42a1f878450d559eb8ae0e389535813e5f1d8226f594e7,ff4006c,0.1.0,2026-05-26T14:42:34+00:00
2024-07-18,Mkt-RF,FF,0.995,0.013371229107571218,0.04588274829167262,0.06043343090221617,0,0,synthetic-v1,F16_default,786ddba614cca0b18e42a1f878450d559eb8ae0e389535813e5f1d8226f594e7,ff4006c,0.1.0,2026-05-26T14:42:34+00:00
2024-07-19,Mkt-RF,FF,0.99,-0.0236688644380824,0.038173863881638986,0.05084928870762664,0,0,synthetic-v1,F16_default,786ddba614cca0b18e42a1f878450d559eb8ae0e389535813e5f1d8226f594e7,ff4006c,0.1.0,2026-05-26T14:42:34+00:00
2024-07-19,Mkt-RF,FF,0.995,-0.0236688644380824,0.045622837018685046,0.060241457907885765,0,0,synthetic-v1,F16_default,786ddba614cca0b18e42a1f878450d559eb8ae0e389535813e5f1d8226f594e7,ff4006c,0.1.0,2026-05-26T14:42:34+00:00
2024-07-22,Mkt-RF,FF,0.99,0.014824362149863716,0.03814277691334446,0.05086980256132701,0,0,synthetic-v1,F16_default,786ddba614cca0b18e42a1f878450d559eb8ae0e389535813e5f1d8226f594e7,ff4006c,0.1.0,2026-05-26T14:42:34+00:00
2024-07-22,Mkt-RF,FF,0.995,0.014824362149863716,0.04565005795672731,0.06022137073846614,0,0,synthetic-v1,F16_default,786ddba614cca0b18e42a1f878450d559eb8ae0e389535813e5f1d8226f594e7,ff4006c,0.1.0,2026-05-26T14:42:34+00:00
2024-07-23,Mkt-RF,FF,0.99,-0.0027563200472269607,0.03670012648668226,0.04846905701660807,0,0,synthetic-v1,F16_default,786ddba614cca0b18e42a1f878450d559eb8ae0e389535813e5f1d8226f594e7,ff4006c,0.1.0,2026-05-26T14:42:34+00:00
2024-07-23,Mkt-RF,FF,0.995,-0.0027563200472269607,0.04377463620787759,0.05700140101307358,0,0,synthetic-v1,F16_default,786ddba614cca0b18e42a1f878450d559eb8ae0e389535813e5f1d8226f594e7,ff4006c,0.1.0,2026-05-26T14:42:34+00:00
2024-07-24,Mkt-RF,FF,0.99,0.007728529484412718,0.03698786596207864,0.048623139344845495,0,0,synthetic-v1,F16_default,786ddba614cca0b18e42a1f878450d559eb8ae0e389535813e5f1d8226f594e7,ff4006c,0.1.0,2026-05-26T14:42:34+00:00
2024-07-24,Mkt-RF,FF,0.995,0.007728529484412718,0.04387756501933126,0.05719589227301694,0,0,synthetic-v1,F16_default,786ddba614cca0b18e42a1f878450d559eb8ae0e389535813e5f1d8226f594e7,ff4006c,0.1.0,2026-05-26T14:42:34+00:00
2024-07-25,Mkt-RF,FF,0.99,0.009206196039767734,0.03692011045433743,0.04885577675829924,0,0,synthetic-v1,F16_default,786ddba614cca0b18e42a1f878450d559eb8ae0e389535813e5f1d8226f594e7,ff4006c,0.1.0,2026-05-26T14:42:34+00:00
2024-07-25,Mkt-RF,FF,0.995,0.009206196039767734,0.04399648882598014,0.05737719693326203,0,0,synthetic-v1,F16_default,786ddba614cca0b18e42a1f878450d559eb8ae0e389535813e5f1d8226f594e7,ff4006c,0.1.0,2026-05-26T14:42:34+00:00
2024-07-26,Mkt-RF,FF,0.99,0.01636825987455929,0.0379676078268472,0.050413714025947375,0,0,synthetic-v1,F16_default,786ddba614cca0b18e42a1f878450d559eb8ae0e389535813e5f1d8226f594e7,ff4006c,0.1.0,2026-05-26T14:42:34+00:00
2024-07-26,Mkt-RF,FF,0.995,0.01636825987455929,0.04541249758882873,0.059327253089704116,0,0,synthetic-v1,F16_default,786ddba614cca0b18e42a1f878450d559eb8ae0e389535813e5f1d8226f594e7,ff4006c,0.1.0,2026-05-26T14:42:34+00:00
2024-07-29,Mkt-RF,FF,0.99,0.014790404128778974,0.03830136760584774,0.050824468990000704,0,0,synthetic-v1,F16_default,786ddba614cca0b18e42a1f878450d559eb8ae0e389535813e5f1d8226f594e7,ff4006c,0.1.0,2026-05-26T14:42:34+00:00
2024-07-29,Mkt-RF,FF,0.995,0.014790404128778974,0.045728485448055176,0.06006449504434787,0,0,synthetic-v1,F16_default,786ddba614cca0b18e42a1f878450d559eb8ae0e389535813e5f1d8226f594e7,ff4006c,0.1.0,2026-05-26T14:42:34+00:00
2024-07-30,Mkt-RF,FF,0.99,-0.0060737293738666025,0.037965768649515313,0.050262573689419825,0,0,synthetic-v1,F16_default,786ddba614cca0b18e42a1f878450d559eb8ae0e389535813e5f1d8226f594e7,ff4006c,0.1.0,2026-05-26T14:42:34+00:00
2024-07-30,Mkt-RF,FF,0.995,-0.0060737293738666025,0.04514723192595975,0.05928685891636812,0,0,synthetic-v1,F16_default,786ddba614cca0b18e42a1f878450d559eb8ae0e389535813e5f1d8226f594e7,ff4006c,0.1.0,2026-05-26T14:42:34+00:00
2024-07-31,Mkt-RF,FF,0.99,0.003532249393358561,0.036920319374137325,0.04890388486230368,0,0,synthetic-v1,F16_default,786ddba614cca0b18e42a1f878450d559eb8ae0e389535813e5f1d8226f594e7,ff4006c,0.1.0,2026-05-26T14:42:34+00:00
2024-07-31,Mkt-RF,FF,0.995,0.003532249393358561,0.044174625603327605,0.05761868636676097,0,0,synthetic-v1,F16_default,786ddba614cca0b18e42a1f878450d559eb8ae0e389535813e5f1d8226f594e7,ff4006c,0.1.0,2026-05-26T14:42:34+00:00
2024-08-01,Mkt-RF,FF,0.99,-0.00022437879391582838,0.037038021366606014,0.048883486428177345,0,0,synthetic-v1,F16_default,786ddba614cca0b18e42a1f878450d559eb8ae0e389535813e5f1d8226f594e7,ff4006c,0.1.0,2026-05-26T14:42:34+00:00
2024-08-01,Mkt-RF,FF,0.995,-0.00022437879391582838,0.04406234440604246,0.05747083994257278,0,0,synthetic-v1,F16_default,786ddba614cca0b18e42a1f878450d559eb8ae0e389535813e5f1d8226f594e7,ff4006c,0.1.0,2026-05-26T14:42:34+00:00
2024-08-02,Mkt-RF,FF,0.99,-0.008182177089957379,0.03777603624481636,0.049970459932811157,0,0,synthetic-v1,F16_default,786ddba614cca0b18e42a1f878450d559eb8ae0e389535813e5f1d8226f594e7,ff4006c,0.1.0,2026-05-26T14:42:34+00:00
2024-08-02,Mkt-RF,FF,0.995,-0.008182177089957379,0.04498797999032793,0.05886037898586844,0,0,synthetic-v1,F16_default,786ddba614cca0b18e42a1f878450d559eb8ae0e389535813e5f1d8226f594e7,ff4006c,0.1.0,2026-05-26T14:42:34+00:00
2024-08-05,Mkt-RF,FF,0.99,0.013554355724373492,0.037787829414394215,0.049995643507150724,0,0,synthetic-v1,F16_default,786ddba614cca0b18e42a1f878450d559eb8ae0e389535813e5f1d8226f594e7,ff4006c,0.1.0,2026-05-26T14:42:34+00:00
2024-08-05,Mkt-RF,FF,0.995,0.013554355724373492,0.045004004699634934,0.05885431984530763,0,0,synthetic-v1,F16_default,786ddba614cca0b18e42a1f878450d559eb8ae0e389535813e5f1d8226f594e7,ff4006c,0.1.0,2026-05-26T14:42:34+00:00
2024-08-06,Mkt-RF,FF,0.99,-0.03408977735274457,0.037685149740934246,0.050005128309380614,0,0,synthetic-v1,F16_default,786ddba614cca0b18e42a1f878450d559eb8ae0e389535813e5f1d8226f594e7,ff4006c,0.1.0,2026-05-26T14:42:34+00:00
2024-08-06,Mkt-RF,FF,0.995,-0.03408977735274457,0.045057921897647686,0.05889314217526623,0,0,synthetic-v1,F16_default,786ddba614cca0b18e42a1f878450d559eb8ae0e389535813e5f1d8226f594e7,ff4006c,0.1.0,2026-05-26T14:42:34+00:00
2024-08-07,Mkt-RF,FF,0.99,0.10972540924504381,0.03710356102060376,0.04886940308559842,1,0,synthetic-v1,F16_default,786ddba614cca0b18e42a1f878450d559eb8ae0e389535813e5f1d8226f594e7,ff4006c,0.1.0,2026-05-26T14:42:34+00:00
2024-08-07,Mkt-RF,FF,0.995,0.10972540924504381,0.044093851194339374,0.05757298738851087,1,0,synthetic-v1,F16_default,786ddba614cca0b18e42a1f878450d559eb8ae0e389535813e5f1d8226f594e7,ff4006c,0.1.0,2026-05-26T14:42:34+00:00
2024-08-08,Mkt-RF,FF,0.99,-0.005369805032112058,0.05272814548771774,0.07300708785351132,0,0,synthetic-v1,F16_default,786ddba614cca0b18e42a1f878450d559eb8ae0e389535813e5f1d8226f594e7,ff4006c,0.1.0,2026-05-26T14:42:34+00:00
2024-08-08,Mkt-RF,FF,0.995,-0.005369805032112058,0.06400337246836853,0.08802039726570848,0,0,synthetic-v1,F16_default,786ddba614cca0b18e42a1f878450d559eb8ae0e389535813e5f1d8226f594e7,ff4006c,0.1.0,2026-05-26T14:42:34+00:00
2024-08-09,Mkt-RF,FF,0.99,0.0020363570367880413,0.05309898237033811,0.07350616348669187,0,0,synthetic-v1,F16_default,786ddba614cca0b18e42a1f878450d559eb8ae0e389535813e5f1d8226f594e7,ff4006c,0.1.0,2026-05-26T14:42:34+00:00
2024-08-09,Mkt-RF,FF,0.995,0.0020363570367880413,0.06460163905916992,0.08857927308926662,0,0,synthetic-v1,F16_default,786ddba614cca0b18e42a1f878450d559eb8ae0e389535813e5f1d8226f594e7,ff4006c,0.1.0,2026-05-26T14:42:34+00:00
2024-08-12,Mkt-RF,FF,0.99,0.013044629364330792,0.05287527645998806,0.07319806188138119,0,0,synthetic-v1,F16_default,786ddba614cca0b18e42a1f878450d559eb8ae0e389535813e5f1d8226f594e7,ff4006c,0.1.0,2026-05-26T14:42:34+00:00
2024-08-12,Mkt-RF,FF,0.995,0.013044629364330792,0.06448456315047231,0.08856226620087396,0,0,synthetic-v1,F16_default,786ddba614cca0b18e42a1f878450d559eb8ae0e389535813e5f1d8226f594e7,ff4006c,0.1.0,2026-05-26T14:42:34+00:00
2024-08-13,Mkt-RF,FF,0.99,0.014499259557093696,0.05248962913193338,0.07282940411815647,0,0,synthetic-v1,F16_default,786ddba614cca0b18e42a1f878450d559eb8ae0e389535813e5f1d8226f594e7,ff4006c,0.1.0,2026-05-26T14:42:34+00:00
2024-08-13,Mkt-RF,FF,0.995,0.014499259557093696,0.06408049673737409,0.08797843040572835,0,0,synthetic-v1,F16_default,786ddba614cca0b18e42a1f878450d559eb8ae0e389535813e5f1d8226f594e7,ff4006c,0.1.0,2026-05-26T14:42:34+00:00
2024-08-14,Mkt-RF,FF,0.99,0.00908001085853639,0.052927554206999246,0.07312671001576404,0,0,synthetic-v1,F16_default,786ddba614cca0b18e42a1f878450d559eb8ae0e389535813e5f1d8226f594e7,ff4006c,0.1.0,2026-05-26T14:42:34+00:00
2024-08-14,Mkt-RF,FF,0.995,0.00908001085853639,0.064289701325563,0.08824651397537274,0,0,synthetic-v1,F16_default,786ddba614cca0b18e42a1f878450d559eb8ae0e389535813e5f1d8226f594e7,ff4006c,0.1.0,2026-05-26T14:42:34+00:00
2024-08-15,Mkt-RF,FF,0.99,-0.012036114498883314,0.05307064900663106,0.07325704662471617,0,0,synthetic-v1,F16_default,786ddba614cca0b18e42a1f878450d559eb8ae0e389535813e5f1d8226f594e7,ff4006c,0.1.0,2026-05-26T14:42:34+00:00
2024-08-15,Mkt-RF,FF,0.995,-0.012036114498883314,0.06455690234135794,0.08851433622949062,0,0,synthetic-v1,F16_default,786ddba614cca0b18e42a1f878450d559eb8ae0e389535813e5f1d8226f594e7,ff4006c,0.1.0,2026-05-26T14:42:34+00:00
2024-08-16,Mkt-RF,FF,0.99,0.006732993276321212,0.053025502506852194,0.07326306506181374,0,0,synthetic-v1,F16_default,786ddba614cca0b18e42a1f878450d559eb8ae0e389535813e5f1d8226f594e7,ff4006c,0.1.0,2026-05-26T14:42:34+00:00
2024-08-16,Mkt-RF,FF,0.995,0.006732993276321212,0.06452912424269343,0.08854535037900238,0,0,synthetic-v1,F16_default,786ddba614cca0b18e42a1f878450d559eb8ae0e389535813e5f1d8226f594e7,ff4006c,0.1.0,2026-05-26T14:42:34+00:00
2024-08-19,Mkt-RF,FF,0.99,0.019508875609036296,0.05298042333441426,0.07333517419307181,0,0,synthetic-v1,F16_default,786ddba614cca0b18e42a1f878450d559eb8ae0e389535813e5f1d8226f594e7,ff4006c,0.1.0,2026-05-26T14:42:34+00:00
2024-08-19,Mkt-RF,FF,0.995,0.019508875609036296,0.06445440621817444,0.08845147543127474,0,0,synthetic-v1,F16_default,786ddba614cca0b18e42a1f878450d559eb8ae0e389535813e5f1d8226f594e7,ff4006c,0.1.0,2026-05-26T14:42:34+00:00
2024-08-20,Mkt-RF,FF,0.99,-0.0015387637779723119,0.052813144129846314,0.0731000327080327,0,0,synthetic-v1,F16_default,786ddba614cca0b18e42a1f878450d559eb8ae0e389535813e5f1d8226f594e7,ff4006c,0.1.0,2026-05-26T14:42:34+00:00
2024-08-20,Mkt-RF,FF,0.995,-0.0015387637779723119,0.06418434898651347,0.0880949493160338,0,0,synthetic-v1,F16_default,786ddba614cca0b18e42a1f878450d559eb8ae0e389535813e5f1d8226f594e7,ff4006c,0.1.0,2026-05-26T14:42:34+00:00
2024-08-21,Mkt-RF,FF,0.99,-0.010610778216203702,0.05227944457289698,0.07227848496514891,0,0,synthetic-v1,F16_default,786ddba614cca0b18e42a1f878450d559eb8ae0e389535813e5f1d8226f594e7,ff4006c,0.1.0,2026-05-26T14:42:34+00:00
2024-08-21,Mkt-RF,FF,0.995,-0.010610778216203702,0.06338658800571484,0.08712394298132106,0,0,synthetic-v1,F16_default,786ddba614cca0b18e42a1f878450d559eb8ae0e389535813e5f1d8226f594e7,ff4006c,0.1.0,2026-05-26T14:42:34+00:00
2024-08-22,Mkt-RF,FF,0.99,-0.016828545883569017,0.05234185145745037,0.07223838126439457,0,0,synthetic-v1,F16_default,786ddba614cca0b18e42a1f878450d559eb8ae0e389535813e5f1d8226f594e7,ff4006c,0.1.0,2026-05-26T14:42:34+00:00
2024-08-22,Mkt-RF,FF,0.995,-0.016828545883569017,0.06355037023654629,0.08739984306944854,0,0,synthetic-v1,F16_default,786ddba614cca0b18e42a1f878450d559eb8ae0e389535813e5f1d8226f594e7,ff4006c,0.1.0,2026-05-26T14:42:34+00:00
2024-08-23,Mkt-RF,FF,0.99,0.003090575046386583,0.05237865558714347,0.07223770997405199,0,0,synthetic-v1,F16_default,786ddba614cca0b18e42a1f878450d559eb8ae0e389535813e5f1d8226f594e7,ff4006c,0.1.0,2026-05-26T14:42:34+00:00
2024-08-23,Mkt-RF,FF,0.995,0.003090575046386583,0.06327302443184847,0.08730304360106227,0,0,synthetic-v1,F16_default,786ddba614cca0b18e42a1f878450d559eb8ae0e389535813e5f1d8226f594e7,ff4006c,0.1.0,2026-05-26T14:42:34+00:00
2024-08-26,Mkt-RF,FF,0.99,0.0075255421354062475,0.052367401497340454,0.07214064155425212,0,0,synthetic-v1,F16_default,786ddba614cca0b18e42a1f878450d559eb8ae0e389535813e5f1d8226f594e7,ff4006c,0.1.0,2026-05-26T14:42:34+00:00
2024-08-26,Mkt-RF,FF,0.995,0.0075255421354062475,0.06338983281251002,0.08713272266134366,0,0,synthetic-v1,F16_default,786ddba614cca0b18e42a1f878450d559eb8ae0e389535813e5f1d8226f594e7,ff4006c,0.1.0,2026-05-26T14:42:34+00:00
2024-08-27,Mkt-RF,FF,0.99,0.0206871779688672,0.05208512397697771,0.07215864343186595,0,0,synthetic-v1,F16_default,786ddba614cca0b18e42a1f878450d559eb8ae0e389535813e5f1d8226f594e7,ff4006c,0.1.0,2026-05-26T14:42:34+00:00
2024-08-27,Mkt-RF,FF,0.995,0.0206871779688672,0.06327765963240267,0.0869639496443301,0,0,synthetic-v1,F16_default,786ddba614cca0b18e42a1f878450d559eb8ae0e389535813e5f1d8226f594e7,ff4006c,0.1.0,2026-05-26T14:42:34+00:00
2024-08-28,Mkt-RF,FF,0.99,0.017798183336842,0.0523274965962627,0.0723613517693324,0,0,synthetic-v1,F16_default,786ddba614cca0b18e42a1f878450d559eb8ae0e389535813e5f1d8226f594e7,ff4006c,0.1.0,2026-05-26T14:42:34+00:00
2024-08-28,Mkt-RF,FF,0.995,0.017798183336842,0.0636635601837173,0.08718084508141927,0,0,synthetic-v1,F16_default,786ddba614cca0b18e42a1f878450d559eb8ae0e389535813e5f1d8226f594e7,ff4006c,0.1.0,2026-05-26T14:42:34+00:00
2024-08-29,Mkt-RF,FF,0.99,0.023999175644156406,0.05278908584899978,0.07285085016251322,0,0,synthetic-v1,F16_default,786ddba614cca0b18e42a1f878450d559eb8ae0e389535813e5f1d8226f594e7,ff4006c,0.1.0,2026-05-26T14:42:34+00:00
2024-08-29,Mkt-RF,FF,0.995,0.023999175644156406,0.06413971457731328,0.08790003539995071,0,0,synthetic-v1,F16_default,786ddba614cca0b18e42a1f878450d559eb8ae0e389535813e5f1d8226f594e7,ff4006c,0.1.0,2026-05-26T14:42:34+00:00
2024-08-30,Mkt-RF,FF,0.99,-0.0005471184288187142,0.04971231401579657,0.06757430648225446,0,0,synthetic-v1,F16_default,786ddba614cca0b18e42a1f878450d559eb8ae0e389535813e5f1d8226f594e7,ff4006c,0.1.0,2026-05-26T14:42:34+00:00
2024-08-30,Mkt-RF,FF,0.995,-0.0005471184288187142,0.060037107999217514,0.08075018377147594,0,0,synthetic-v1,F16_default,786ddba614cca0b18e42a1f878450d559eb8ae0e389535813e5f1d8226f594e7,ff4006c,0.1.0,2026-05-26T14:42:34+00:00
2024-09-02,Mkt-RF,FF,0.99,0.004493801414166844,0.048801994668308944,0.06611704633317625,0,0,synthetic-v1,F16_default,786ddba614cca0b18e42a1f878450d559eb8ae0e389535813e5f1d8226f594e7,ff4006c,0.1.0,2026-05-26T14:42:34+00:00
2024-09-02,Mkt-RF,FF,0.995,0.004493801414166844,0.05861899043106566,0.0789770408316729,0,0,synthetic-v1,F16_default,786ddba614cca0b18e42a1f878450d559eb8ae0e389535813e5f1d8226f594e7,ff4006c,0.1.0,2026-05-26T14:42:34+00:00
2024-09-03,Mkt-RF,FF,0.99,0.0072440212405035535,0.0484432750491903,0.06586005928840923,0,0,synthetic-v1,F16_default,786ddba614cca0b18e42a1f878450d559eb8ae0e389535813e5f1d8226f594e7,ff4006c,0.1.0,2026-05-26T14:42:34+00:00
2024-09-03,Mkt-RF,FF,0.995,0.0072440212405035535,0.058247303909176734,0.07870789596191684,0,0,synthetic-v1,F16_default,786ddba614cca0b18e42a1f878450d559eb8ae0e389535813e5f1d8226f594e7,ff4006c,0.1.0,2026-05-26T14:42:34+00:00
2024-09-04,Mkt-RF,FF,0.99,0.013919462651637028,0.04838547134028829,0.06539953213936837,0,0,synthetic-v1,F16_default,786ddba614cca0b18e42a1f878450d559eb8ae0e389535813e5f1d8226f594e7,ff4006c,0.1.0,2026-05-26T14:42:34+00:00
2024-09-04,Mkt-RF,FF,0.995,0.013919462651637028,0.05833932120235474,0.07822240597521757,0,0,synthetic-v1,F16_default,786ddba614cca0b18e42a1f878450d559eb8ae0e389535813e5f1d8226f594e7,ff4006c,0.1.0,2026-05-26T14:42:34+00:00
2024-09-05,Mkt-RF,FF,0.99,-0.06772020569563535,0.04829102924547644,0.06547739673817721,0,0,synthetic-v1,F16_default,786ddba614cca0b18e42a1f878450d559eb8ae0e389535813e5f1d8226f594e7,ff4006c,0.1.0,2026-05-26T14:42:34+00:00
2024-09-05,Mkt-RF,FF,0.995,-0.06772020569563535,0.05820705752327368,0.07814508154615385,0,0,synthetic-v1,F16_default,786ddba614cca0b18e42a1f878450d559eb8ae0e389535813e5f1d8226f594e7,ff4006c,0.1.0,2026-05-26T14:42:34+00:00
2024-09-06,Mkt-RF,FF,0.99,-0.011030932568748006,0.04786563809631763,0.06487728603341375,0,0,synthetic-v1,F16_default,786ddba614cca0b18e42a1f878450d559eb8ae0e389535813e5f1d8226f594e7,ff4006c,0.1.0,2026-05-26T14:42:34+00:00
2024-09-06,Mkt-RF,FF,0.995,-0.011030932568748006,0.05762550269755705,0.07767696058631333,0,0,synthetic-v1,F16_default,786ddba614cca0b18e42a1f878450d559eb8ae0e389535813e5f1d8226f594e7,ff4006c,0.1.0,2026-05-26T14:42:34+00:00
2024-09-09,Mkt-RF,FF,0.99,0.009504666599415405,0.047809799414526656,0.06502981182482351,0,0,synthetic-v1,F16_default,786ddba614cca0b18e42a1f878450d559eb8ae0e389535813e5f1d8226f594e7,ff4006c,0.1.0,2026-05-26T14:42:34+00:00
2024-09-09,Mkt-RF,FF,0.995,0.009504666599415405,0.05747496312166707,0.07771460377402087,0,0,synthetic-v1,F16_default,786ddba614cca0b18e42a1f878450d559eb8ae0e389535813e5f1d8226f594e7,ff4006c,0.1.0,2026-05-26T14:42:34+00:00
2024-09-10,Mkt-RF,FF,0.99,0.0077644171475256115,0.047728296561977,0.06499544664653673,0,0,synthetic-v1,F16_default,786ddba614cca0b18e42a1f878450d559eb8ae0e389535813e5f1d8226f594e7,ff4006c,0.1.0,2026-05-26T14:42:34+00:00
2024-09-10,Mkt-RF,FF,0.995,0.0077644171475256115,0.05769996955512209,0.07774436352574446,0,0,synthetic-v1,F16_default,786ddba614cca0b18e42a1f878450d559eb8ae0e389535813e5f1d8226f594e7,ff4006c,0.1.0,2026-05-26T14:42:34+00:00
2024-09-11,Mkt-RF,FF,0.99,-0.009357597996536814,0.0478154399594657,0.06492226283758436,0,0,synthetic-v1,F16_default,786ddba614cca0b18e42a1f878450d559eb8ae0e389535813e5f1d8226f594e7,ff4006c,0.1.0,2026-05-26T14:42:34+00:00
2024-09-11,Mkt-RF,FF,0.995,-0.009357597996536814,0.05769595996112213,0.0777441866111568,0,0,synthetic-v1,F16_default,786ddba614cca0b18e42a1f878450d559eb8ae0e389535813e5f1d8226f594e7,ff4006c,0.1.0,2026-05-26T14:42:34+00:00
2024-09-12,Mkt-RF,FF,0.99,-0.008072532503713177,0.047776926428818964,0.06476247290075375,0,0,synthetic-v1,F16_default,786ddba614cca0b18e42a1f878450d559eb8ae0e389535813e5f1d8226f594e7,ff4006c,0.1.0,2026-05-26T14:42:34+00:00
2024-09-12,Mkt-RF,FF,0.995,-0.008072532503713177,0.05745864435048145,0.07758510244799294,0,0,synthetic-v1,F16_default,786ddba614cca0b18e42a1f878450d559eb8ae0e389535813e5f1d8226f594e7,ff4006c,0.1.0,2026-05-26T14:42:34+00:00
2024-09-13,Mkt-RF,FF,0.99,-0.004054812402192005,0.04756750349443944,0.0648564517445586,0,0,synthetic-v1,F16_default,786ddba614cca0b18e42a1f878450d559eb8ae0e389535813e5f1d8226f594e7,ff4006c,0.1.0,2026-05-26T14:42:34+00:00
2024-09-13,Mkt-RF,FF,0.995,-0.004054812402192005,0.05762665165337383,0.07765250097379742,0,0,synthetic-v1,F16_default,786ddba614cca0b18e42a1f878450d559eb8ae0e389535813e5f1d8226f594e7,ff4006c,0.1.0,2026-05-26T14:42:34+00:00
2024-09-16,Mkt-RF,FF,0.99,0.009473247937498014,0.04713500088339865,0.06425496054281998,0,0,synthetic-v1,F16_default,786ddba614cca0b18e42a1f878450d559eb8ae0e389535813e5f1d8226f594e7,ff4006c,0.1.0,2026-05-26T14:42:34+00:00
2024-09-16,Mkt-RF,FF,0.995,0.009473247937498014,0.057129985817137574,0.07693411136699858,0,0,synthetic-v1,F16_default,786ddba614cca0b18e42a1f878450d559eb8ae0e389535813e5f1d8226f594e7,ff4006c,0.1.0,2026-05-26T14:42:34+00:00
2024-09-17,Mkt-RF,FF,0.99,0.0076497115705175455,0.04716104750439141,0.06428988379659964,0,0,synthetic-v1,F16_default,786ddba614cca0b18e42a1f878450d559eb8ae0e389535813e5f1d8226f594e7,ff4006c,0.1.0,2026-05-26T14:42:34+00:00
2024-09-17,Mkt-RF,FF,0.995,0.0076497115705175455,0.057012817519503683,0.07688794055596904,0,0,synthetic-v1,F16_default,786ddba614cca0b18e42a1f878450d559eb8ae0e389535813e5f1d8226f594e7,ff4006c,0.1.0,2026-05-26T14:42:34+00:00
2024-09-18,Mkt-RF,FF,0.99,-0.00696536440167136,0.04735674602587134,0.06414862398289871,0,0,synthetic-v1,F16_default,786ddba614cca0b18e42a1f878450d559eb8ae0e389535813e5f1d8226f594e7,ff4006c,0.1.0,2026-05-26T14:42:34+00:00
2024-09-18,Mkt-RF,FF,0.995,-0.00696536440167136,0.056963290858371526,0.07687961905744106,0,0,synthetic-v1,F16_default,786ddba614cca0b18e42a1f878450d559eb8ae0e389535813e5f1d8226f594e7,ff4006c,0.1.0,2026-05-26T14:42:34+00:00
2024-09-19,Mkt-RF,FF,0.99,-0.0004943229741198909,0.04767206566829093,0.06477815427136263,0,0,synthetic-v1,F16_default,786ddba614cca0b18e42a1f878450d559eb8ae0e389535813e5f1d8226f594e7,ff4006c,0.1.0,2026-05-26T14:42:34+00:00
2024-09-19,Mkt-RF,FF,0.995,-0.0004943229741198909,0.05747034928068976,0.07752090811545342,0,0,synthetic-v1,F16_default,786ddba614cca0b18e42a1f878450d559eb8ae0e389535813e5f1d8226f594e7,ff4006c,0.1.0,2026-05-26T14:42:34+00:00
2024-09-20,Mkt-RF,FF,0.99,-0.013723387315735521,0.04727073381470736,0.0645385331173134,0,0,synthetic-v1,F16_default,786ddba614cca0b18e42a1f878450d559eb8ae0e389535813e5f1d8226f594e7,ff4006c,0.1.0,2026-05-26T14:42:34+00:00
2024-09-20,Mkt-RF,FF,0.995,-0.013723387315735521,0.05718115912272813,0.07734939202081707,0,0,synthetic-v1,F16_default,786ddba614cca0b18e42a1f878450d559eb8ae0e389535813e5f1d8226f594e7,ff4006c,0.1.0,2026-05-26T14:42:34+00:00
2024-09-23,Mkt-RF,FF,0.99,0.00275301123001706,0.04778758863364347,0.06495850533340537,0,0,synthetic-v1,F16_default,786ddba614cca0b18e42a1f878450d559eb8ae0e389535813e5f1d8226f594e7,ff4006c,0.1.0,2026-05-26T14:42:34+00:00
2024-09-23,Mkt-RF,FF,0.995,0.00275301123001706,0.057831920357233606,0.07776724292571213,0,0,synthetic-v1,F16_default,786ddba614cca0b18e42a1f878450d559eb8ae0e389535813e5f1d8226f594e7,ff4006c,0.1.0,2026-05-26T14:42:34+00:00
2024-09-24,Mkt-RF,FF,0.99,-0.03778482584880168,0.04756616434677753,0.06470071116247479,0,0,synthetic-v1,F16_default,786ddba614cca0b18e42a1f878450d559eb8ae0e389535813e5f1d8226f594e7,ff4006c,0.1.0,2026-05-26T14:42:34+00:00
2024-09-24,Mkt-RF,FF,0.995,-0.03778482584880168,0.057337979828600144,0.07743300362977307,0,0,synthetic-v1,F16_default,786ddba614cca0b18e42a1f878450d559eb8ae0e389535813e5f1d8226f594e7,ff4006c,0.1.0,2026-05-26T14:42:34+00:00
2024-09-25,Mkt-RF,FF,0.99,0.004806694686757192,0.04720660825211563,0.06460604622076398,0,0,synthetic-v1,F16_default,786ddba614cca0b18e42a1f878450d559eb8ae0e389535813e5f1d8226f594e7,ff4006c,0.1.0,2026-05-26T14:42:34+00:00
2024-09-25,Mkt-RF,FF,0.995,0.004806694686757192,0.057143638584311006,0.07727167601009755,0,0,synthetic-v1,F16_default,786ddba614cca0b18e42a1f878450d559eb8ae0e389535813e5f1d8226f594e7,ff4006c,0.1.0,2026-05-26T14:42:34+00:00
2024-09-26,Mkt-RF,FF,0.99,0.00391306848863895,0.047366015903985204,0.06459610216728792,0,0,synthetic-v1,F16_default,786ddba614cca0b18e42a1f878450d559eb8ae0e389535813e5f1d8226f594e7,ff4006c,0.1.0,2026-05-26T14:42:34+00:00
2024-09-26,Mkt-RF,FF,0.995,0.00391306848863895,0.057110150134199136,0.0772837403038788,0,0,synthetic-v1,F16_default,786ddba614cca0b18e42a1f878450d559eb8ae0e389535813e5f1d8226f594e7,ff4006c,0.1.0,2026-05-26T14:42:34+00:00
2024-09-27,Mkt-RF,FF,0.99,-0.000675724007654517,0.04737108766715412,0.064441894121131,0,0,synthetic-v1,F16_default,786ddba614cca0b18e42a1f878450d559eb8ae0e389535813e5f1d8226f594e7,ff4006c,0.1.0,2026-05-26T14:42:34+00:00
2024-09-27,Mkt-RF,FF,0.995,-0.000675724007654517,0.05730779548047814,0.07731926547880234,0,0,synthetic-v1,F16_default,786ddba614cca0b18e42a1f878450d559eb8ae0e389535813e5f1d8226f594e7,ff4006c,0.1.0,2026-05-26T14:42:34+00:00
2024-09-30,Mkt-RF,FF,0.99,-0.041558411724157536,0.04750989935102138,0.06446226500877475,0,0,synthetic-v1,F16_default,786ddba614cca0b18e42a1f878450d559eb8ae0e389535813e5f1d8226f594e7,ff4006c,0.1.0,2026-05-26T14:42:34+00:00
2024-09-30,Mkt-RF,FF,0.995,-0.041558411724157536,0.057271167492583215,0.07734536377159543,0,0,synthetic-v1,F16_default,786ddba614cca0b18e42a1f878450d559eb8ae0e389535813e5f1d8226f594e7,ff4006c,0.1.0,2026-05-26T14:42:34+00:00
2024-10-01,Mkt-RF,FF,0.99,0.016961759892953125,0.04912144716329605,0.06858515520040705,0,0,synthetic-v1,F16_default,786ddba614cca0b18e42a1f878450d559eb8ae0e389535813e5f1d8226f594e7,ff4006c,0.1.0,2026-05-26T14:42:34+00:00
2024-10-01,Mkt-RF,FF,0.995,0.016961759892953125,0.06011089012196003,0.0831967989667121,0,0,synthetic-v1,F16_default,786ddba614cca0b18e42a1f878450d559eb8ae0e389535813e5f1d8226f594e7,ff4006c,0.1.0,2026-05-26T14:42:34+00:00
2024-10-02,Mkt-RF,FF,0.99,-0.045269169937530385,0.04896973546515696,0.06833544840841095,0,0,synthetic-v1,F16_default,786ddba614cca0b18e42a1f878450d559eb8ae0e389535813e5f1d8226f594e7,ff4006c,0.1.0,2026-05-26T14:42:34+00:00
2024-10-02,Mkt-RF,FF,0.995,-0.045269169937530385,0.059779755448846464,0.08291242580096685,0,0,synthetic-v1,F16_default,786ddba614cca0b18e42a1f878450d559eb8ae0e389535813e5f1d8226f594e7,ff4006c,0.1.0,2026-05-26T14:42:34+00:00
2024-10-03,Mkt-RF,FF,0.99,0.008405148379193077,0.051258834366640194,0.07085647883048768,0,0,synthetic-v1,F16_default,786ddba614cca0b18e42a1f878450d559eb8ae0e389535813e5f1d8226f594e7,ff4006c,0.1.0,2026-05-26T14:42:34+00:00
2024-10-03,Mkt-RF,FF,0.995,0.008405148379193077,0.06234378131945049,0.08559309187027586,0,0,synthetic-v1,F16_default,786ddba614cca0b18e42a1f878450d559eb8ae0e389535813e5f1d8226f594e7,ff4006c,0.1.0,2026-05-26T14:42:34+00:00
2024-10-04,Mkt-RF,FF,0.99,0.011089796386996491,0.05110541345976059,0.07063995769843241,0,0,synthetic-v1,F16_default,786ddba614cca0b18e42a1f878450d559eb8ae0e389535813e5f1d8226f594e7,ff4006c,0.1.0,2026-05-26T14:42:34+00:00
2024-10-04,Mkt-RF,FF,0.995,0.011089796386996491,0.06228594867588453,0.08530020828103431,0,0,synthetic-v1,F16_default,786ddba614cca0b18e42a1f878450d559eb8ae0e389535813e5f1d8226f594e7,ff4006c,0.1.0,2026-05-26T14:42:34+00:00
2024-10-07,Mkt-RF,FF,0.99,0.02093865439200634,0.05090699054702225,0.07040447824235785,0,0,synthetic-v1,F16_default,786ddba614cca0b18e42a1f878450d559eb8ae0e389535813e5f1d8226f594e7,ff4006c,0.1.0,2026-05-26T14:42:34+00:00
2024-10-07,Mkt-RF,FF,0.995,0.02093865439200634,0.06187892605261966,0.08503231826709765,0,0,synthetic-v1,F16_default,786ddba614cca0b18e42a1f878450d559eb8ae0e389535813e5f1d8226f594e7,ff4006c,0.1.0,2026-05-26T14:42:34+00:00
2024-10-08,Mkt-RF,FF,0.99,-0.009243338938765172,0.050754903358163725,0.07046949653770847,0,0,synthetic-v1,F16_default,786ddba614cca0b18e42a1f878450d559eb8ae0e389535813e5f1d8226f594e7,ff4006c,0.1.0,2026-05-26T14:42:34+00:00
2024-10-08,Mkt-RF,FF,0.995,-0.009243338938765172,0.06189596621921981,0.08494691958783702,0,0,synthetic-v1,F16_default,786ddba614cca0b18e42a1f878450d559eb8ae0e389535813e5f1d8226f594e7,ff4006c,0.1.0,2026-05-26T14:42:34+00:00
2024-10-09,Mkt-RF,FF,0.99,0.006312683546410507,0.05081737278013779,0.07032697510923391,0,0,synthetic-v1,F16_default,786ddba614cca0b18e42a1f878450d559eb8ae0e389535813e5f1d8226f594e7,ff4006c,0.1.0,2026-05-26T14:42:34+00:00
2024-10-09,Mkt-RF,FF,0.995,0.006312683546410507,0.061854631233247914,0.08493742455843659,0,0,synthetic-v1,F16_default,786ddba614cca0b18e42a1f878450d559eb8ae0e389535813e5f1d8226f594e7,ff4006c,0.1.0,2026-05-26T14:42:34+00:00
2024-10-10,Mkt-RF,FF,0.99,0.008470297015065393,0.049869222865073316,0.06927032479624934,0,0,synthetic-v1,F16_default,786ddba614cca0b18e42a1f878450d559eb8ae0e389535813e5f1d8226f594e7,ff4006c,0.1.0,2026-05-26T14:42:34+00:00
2024-10-10,Mkt-RF,FF,0.995,0.008470297015065393,0.060707111992164185,0.08397722695459078,0,0,synthetic-v1,F16_default,786ddba614cca0b18e42a1f878450d559eb8ae0e389535813e5f1d8226f594e7,ff4006c,0.1.0,2026-05-26T14:42:34+00:00
2024-10-11,Mkt-RF,FF,0.99,0.014117475507255025,0.049658162778268344,0.06912844684049183,0,0,synthetic-v1,F16_default,786ddba614cca0b18e42a1f878450d559eb8ae0e389535813e5f1d8226f594e7,ff4006c,0.1.0,2026-05-26T14:42:34+00:00
2024-10-11,Mkt-RF,FF,0.995,0.014117475507255025,0.06057178778792578,0.08376309120450844,0,0,synthetic-v1,F16_default,786ddba614cca0b18e42a1f878450d559eb8ae0e389535813e5f1d8226f594e7,ff4006c,0.1.0,2026-05-26T14:42:34+00:00
2024-10-14,Mkt-RF,FF,0.99,0.01465581797201325,0.04977729742007175,0.06923658204209626,0,0,synthetic-v1,F16_default,786ddba614cca0b18e42a1f878450d559eb8ae0e389535813e5f1d8226f594e7,ff4006c,0.1.0,2026-05-26T14:42:34+00:00
2024-10-14,Mkt-RF,FF,0.995,0.01465581797201325,0.060720341938086,0.08378852111370207,0,0,synthetic-v1,F16_default,786ddba614cca0b18e42a1f878450d559eb8ae0e389535813e5f1d8226f594e7,ff4006c,0.1.0,2026-05-26T14:42:34+00:00
2024-10-15,Mkt-RF,FF,0.99,-0.011219710674090042,0.05015062046390421,0.06950999078253439,0,0,synthetic-v1,F16_default,786ddba614cca0b18e42a1f878450d559eb8ae0e389535813e5f1d8226f594e7,ff4006c,0.1.0,2026-05-26T14:42:34+00:00
2024-10-15,Mkt-RF,FF,0.995,-0.011219710674090042,0.06131136817909568,0.08427954618470582,0,0,synthetic-v1,F16_default,786ddba614cca0b18e42a1f878450d559eb8ae0e389535813e5f1d8226f594e7,ff4006c,0.1.0,2026-05-26T14:42:34+00:00
2024-10-16,Mkt-RF,FF,0.99,-0.0008284254223575208,0.05013775985160912,0.06971935094704311,0,0,synthetic-v1,F16_default,786ddba614cca0b18e42a1f878450d559eb8ae0e389535813e5f1d8226f594e7,ff4006c,0.1.0,2026-05-26T14:42:34+00:00
2024-10-16,Mkt-RF,FF,0.995,-0.0008284254223575208,0.0609857322396011,0.08417823549360609,0,0,synthetic-v1,F16_default,786ddba614cca0b18e42a1f878450d559eb8ae0e389535813e5f1d8226f594e7,ff4006c,0.1.0,2026-05-26T14:42:34+00:00
2024-10-17,Mkt-RF,FF,0.99,0.01730695126945373,0.04967940855844452,0.06935397371781124,0,0,synthetic-v1,F16_default,786ddba614cca0b18e42a1f878450d559eb8ae0e389535813e5f1d8226f594e7,ff4006c,0.1.0,2026-05-26T14:42:34+00:00
2024-10-17,Mkt-RF,FF,0.995,0.01730695126945373,0.06079614963769586,0.08409481537999426,0,0,synthetic-v1,F16_default,786ddba614cca0b18e42a1f878450d559eb8ae0e389535813e5f1d8226f594e7,ff4006c,0.1.0,2026-05-26T14:42:34+00:00
2024-10-18,Mkt-RF,FF,0.99,0.001577957199419076,0.049778410711043324,0.06936846388528159,0,0,synthetic-v1,F16_default,786ddba614cca0b18e42a1f878450d559eb8ae0e389535813e5f1d8226f594e7,ff4006c,0.1.0,2026-05-26T14:42:34+00:00
2024-10-18,Mkt-RF,FF,0.995,0.001577957199419076,0.06072273984637244,0.08409295550367629,0,0,synthetic-v1,F16_default,786ddba614cca0b18e42a1f878450d559eb8ae0e389535813e5f1d8226f594e7,ff4006c,0.1.0,2026-05-26T14:42:34+00:00
2024-10-21,Mkt-RF,FF,0.99,0.0074225663996925,0.04968260145950505,0.06927077369762293,0,0,synthetic-v1,F16_default,786ddba614cca0b18e42a1f878450d559eb8ae0e389535813e5f1d8226f594e7,ff4006c,0.1.0,2026-05-26T14:42:34+00:00
2024-10-21,Mkt-RF,FF,0.995,0.0074225663996925,0.06088736020485103,0.08393041089677883,0,0,synthetic-v1,F16_default,786ddba614cca0b18e42a1f878450d559eb8ae0e389535813e5f1d8226f594e7,ff4006c,0.1.0,2026-05-26T14:42:34+00:00
2024-10-22,Mkt-RF,FF,0.99,-0.0035615398035011674,0.049393582583678146,0.06905302257417772,0,0,synthetic-v1,F16_default,786ddba614cca0b18e42a1f878450d559eb8ae0e389535813e5f1d8226f594e7,ff4006c,0.1.0,2026-05-26T14:42:34+00:00
2024-10-22,Mkt-RF,FF,0.995,-0.0035615398035011674,0.06035688269865811,0.08377200481643154,0,0,synthetic-v1,F16_default,786ddba614cca0b18e42a1f878450d559eb8ae0e389535813e5f1d8226f594e7,ff4006c,0.1.0,2026-05-26T14:42:34+00:00
2024-10-23,Mkt-RF,FF,0.99,0.02548407199679859,0.04949310660766006,0.06914065904293945,0,0,synthetic-v1,F16_default,786ddba614cca0b18e42a1f878450d559eb8ae0e389535813e5f1d8226f594e7,ff4006c,0.1.0,2026-05-26T14:42:34+00:00
2024-10-23,Mkt-RF,FF,0.995,0.02548407199679859,0.06056723676897768,0.08377692145052523,0,0,synthetic-v1,F16_default,786ddba614cca0b18e42a1f878450d559eb8ae0e389535813e5f1d8226f594e7,ff4006c,0.1.0,2026-05-26T14:42:34+00:00
2024-10-24,Mkt-RF,FF,0.99,0.014735222869817878,0.046303994141222354,0.06360840254977476,0,0,synthetic-v1,F16_default,786ddba614cca0b18e42a1f878450d559eb8ae0e389535813e5f1d8226f594e7,ff4006c,0.1.0,2026-05-26T14:42:34+00:00
2024-10-24,Mkt-RF,FF,0.995,0.014735222869817878,0.056139424203097386,0.07643354336870706,0,0,synthetic-v1,F16_default,786ddba614cca0b18e42a1f878450d559eb8ae0e389535813e5f1d8226f594e7,ff4006c,0.1.0,2026-05-26T14:42:34+00:00
2024-10-25,Mkt-RF,FF,0.99,0.0038566214398961887,0.04586623840781577,0.06322326170527133,0,0,synthetic-v1,F16_default,786ddba614cca0b18e42a1f878450d559eb8ae0e389535813e5f1d8226f594e7,ff4006c,0.1.0,2026-05-26T14:42:34+00:00
2024-10-25,Mkt-RF,FF,0.995,0.0038566214398961887,0.055808221810499284,0.07603330373035949,0,0,synthetic-v1,F16_default,786ddba614cca0b18e42a1f878450d559eb8ae0e389535813e5f1d8226f594e7,ff4006c,0.1.0,2026-05-26T14:42:34+00:00
2024-10-28,Mkt-RF,FF,0.99,0.013875467392546347,0.04616125067985823,0.0634452360960065,0,0,synthetic-v1,F16_default,786ddba614cca0b18e42a1f878450d559eb8ae0e389535813e5f1d8226f594e7,ff4006c,0.1.0,2026-05-26T14:42:34+00:00
2024-10-28,Mkt-RF,FF,0.995,0.013875467392546347,0.055923044877862614,0.07625517056529803,0,0,synthetic-v1,F16_default,786ddba614cca0b18e42a1f878450d559eb8ae0e389535813e5f1d8226f594e7,ff4006c,0.1.0,2026-05-26T14:42:34+00:00
2024-10-29,Mkt-RF,FF,0.99,0.021420942038819432,0.04610220688801366,0.06351926575052803,0,0,synthetic-v1,F16_default,786ddba614cca0b18e42a1f878450d559eb8ae0e389535813e5f1d8226f594e7,ff4006c,0.1.0,2026-05-26T14:42:34+00:00
2024-10-29,Mkt-RF,FF,0.995,0.021420942038819432,0.056010196663014336,0.07643741381403076,0,0,synthetic-v1,F16_default,786ddba614cca0b18e42a1f878450d559eb8ae0e389535813e5f1d8226f594e7,ff4006c,0.1.0,2026-05-26T14:42:34+00:00
2024-10-30,Mkt-RF,FF,0.99,-0.011033456211598142,0.04601905493205898,0.06344584949497266,0,0,synthetic-v1,F16_default,786ddba614cca0b18e42a1f878450d559eb8ae0e389535813e5f1d8226f594e7,ff4006c,0.1.0,2026-05-26T14:42:34+00:00
2024-10-30,Mkt-RF,FF,0.995,-0.011033456211598142,0.05597394609376365,0.07637155985819438,0,0,synthetic-v1,F16_default,786ddba614cca0b18e42a1f878450d559eb8ae0e389535813e5f1d8226f594e7,ff4006c,0.1.0,2026-05-26T14:42:34+00:00
2024-10-31,Mkt-RF,FF,0.99,0.01426279750221504,0.04586139637183565,0.06304952086176904,0,0,synthetic-v1,F16_default,786ddba614cca0b18e42a1f878450d559eb8ae0e389535813e5f1d8226f594e7,ff4006c,0.1.0,2026-05-26T14:42:34+00:00
2024-10-31,Mkt-RF,FF,0.995,0.01426279750221504,0.05560830947018381,0.07601450521359146,0,0,synthetic-v1,F16_default,786ddba614cca0b18e42a1f878450d559eb8ae0e389535813e5f1d8226f594e7,ff4006c,0.1.0,2026-05-26T14:42:34+00:00
2024-11-01,Mkt-RF,FF,0.99,0.007386894776285435,0.046931857993662104,0.06452968440322293,0,0,synthetic-v1,F16_default,786ddba614cca0b18e42a1f878450d559eb8ae0e389535813e5f1d8226f594e7,ff4006c,0.1.0,2026-05-26T14:42:34+00:00
2024-11-01,Mkt-RF,FF,0.995,0.007386894776285435,0.05696559292747086,0.07762550783692966,0,0,synthetic-v1,F16_default,786ddba614cca0b18e42a1f878450d559eb8ae0e389535813e5f1d8226f594e7,ff4006c,0.1.0,2026-05-26T14:42:34+00:00
2024-11-04,Mkt-RF,FF,0.99,0.010921701794835585,0.04652362003787224,0.0639179014725908,0,0,synthetic-v1,F16_default,786ddba614cca0b18e42a1f878450d559eb8ae0e389535813e5f1d8226f594e7,ff4006c,0.1.0,2026-05-26T14:42:34+00:00
2024-11-04,Mkt-RF,FF,0.995,0.010921701794835585,0.05629882224961991,0.07690039453292982,0,0,synthetic-v1,F16_default,786ddba614cca0b18e42a1f878450d559eb8ae0e389535813e5f1d8226f594e7,ff4006c,0.1.0,2026-05-26T14:42:34+00:00
2024-11-05,Mkt-RF,FF,0.99,-0.008868376754884359,0.04574922788814547,0.0627893136443325,0,0,synthetic-v1,F16_default,786ddba614cca0b18e42a1f878450d559eb8ae0e389535813e5f1d8226f594e7,ff4006c,0.1.0,2026-05-26T14:42:34+00:00
2024-11-05,Mkt-RF,FF,0.995,-0.008868376754884359,0.05547772140338315,0.07563447213205098,0,0,synthetic-v1,F16_default,786ddba614cca0b18e42a1f878450d559eb8ae0e389535813e5f1d8226f594e7,ff4006c,0.1.0,2026-05-26T14:42:34+00:00
2024-11-06,Mkt-RF,FF,0.99,-0.0022332060806465664,0.046745087389220896,0.06435767524319169,0,0,synthetic-v1,F16_default,786ddba614cca0b18e42a1f878450d559eb8ae0e389535813e5f1d8226f594e7,ff4006c,0.1.0,2026-05-26T14:42:34+00:00
2024-11-06,Mkt-RF,FF,0.995,-0.0022332060806465664,0.056715006829568655,0.0774657806020061,0,0,synthetic-v1,F16_default,786ddba614cca0b18e42a1f878450d559eb8ae0e389535813e5f1d8226f594e7,ff4006c,0.1.0,2026-05-26T14:42:34+00:00
2024-11-07,Mkt-RF,FF,0.99,-0.019051453155846273,0.04695852592753049,0.06458341288938291,0,0,synthetic-v1,F16_default,786ddba614cca0b18e42a1f878450d559eb8ae0e389535813e5f1d8226f594e7,ff4006c,0.1.0,2026-05-26T14:42:34+00:00
2024-11-07,Mkt-RF,FF,0.995,-0.019051453155846273,0.057055189865044195,0.0776046528785658,0,0,synthetic-v1,F16_default,786ddba614cca0b18e42a1f878450d559eb8ae0e389535813e5f1d8226f594e7,ff4006c,0.1.0,2026-05-26T14:42:34+00:00
2024-11-08,Mkt-RF,FF,0.99,-0.003443588671562322,0.046889090598969355,0.064349474031886,0,0,synthetic-v1,F16_default,786ddba614cca0b18e42a1f878450d559eb8ae0e389535813e5f1d8226f594e7,ff4006c,0.1.0,2026-05-26T14:42:34+00:00
2024-11-08,Mkt-RF,FF,0.995,-0.003443588671562322,0.05683596912745312,0.07746426965362387,0,0,synthetic-v1,F16_default,786ddba614cca0b18e42a1f878450d559eb8ae0e389535813e5f1d8226f594e7,ff4006c,0.1.0,2026-05-26T14:42:34+00:00
2024-11-11,Mkt-RF,FF,0.99,-0.013108235764503852,0.046936767881519556,0.0646961746737557,0,0,synthetic-v1,F16_default,786ddba614cca0b18e42a1f878450d559eb8ae0e389535813e5f1d8226f594e7,ff4006c,0.1.0,2026-05-26T14:42:34+00:00
2024-11-11,Mkt-RF,FF,0.995,-0.013108235764503852,0.057322504039272845,0.07794333191177291,0,0,synthetic-v1,F16_default,786ddba614cca0b18e42a1f878450d559eb8ae0e389535813e5f1d8226f594e7,ff4006c,0.1.0,2026-05-26T14:42:34+00:00
2024-11-12,Mkt-RF,FF,0.99,0.005239634523468394,0.04661016422522368,0.06430632315915524,0,0,synthetic-v1,F16_default,786ddba614cca0b18e42a1f878450d559eb8ae0e389535813e5f1d8226f594e7,ff4006c,0.1.0,2026-05-26T14:42:34+00:00
2024-11-12,Mkt-RF,FF,0.995,0.005239634523468394,0.056741630653752824,0.07718250169811308,0,0,synthetic-v1,F16_default,786ddba614cca0b18e42a1f878450d559eb8ae0e389535813e5f1d8226f594e7,ff4006c,0.1.0,2026-05-26T14:42:34+00:00
2024-11-13,Mkt-RF,FF,0.99,0.015192431058487426,0.047172525864774745,0.06499472013789447,0,0,synthetic-v1,F16_default,786ddba614cca0b18e42a1f878450d559eb8ae0e389535813e5f1d8226f594e7,ff4006c,0.1.0,2026-05-26T14:42:34+00:00
2024-11-13,Mkt-RF,FF,0.995,0.015192431058487426,0.057208098899805306,0.07809799107700001,0,0,synthetic-v1,F16_default,786ddba614cca0b18e42a1f878450d559eb8ae0e389535813e5f1d8226f594e7,ff4006c,0.1.0,2026-05-26T14:42:34+00:00
2024-11-14,Mkt-RF,FF,0.99,0.020405606135126673,0.04628876250918962,0.06335172631830771,0,0,synthetic-v1,F16_default,786ddba614cca0b18e42a1f878450d559eb8ae0e389535813e5f1d8226f594e7,ff4006c,0.1.0,2026-05-26T14:42:34+00:00
2024-11-14,Mkt-RF,FF,0.995,0.020405606135126673,0.05604791314074001,0.07612429270979831,0,0,synthetic-v1,F16_default,786ddba614cca0b18e42a1f878450d559eb8ae0e389535813e5f1d8226f594e7,ff4006c,0.1.0,2026-05-26T14:42:34+00:00
2024-11-15,Mkt-RF,FF,0.99,0.012125340717509096,0.046749463974639464,0.06425808101817135,0,0,synthetic-v1,F16_default,786ddba614cca0b18e42a1f878450d559eb8ae0e389535813e5f1d8226f594e7,ff4006c,0.1.0,2026-05-26T14:42:34+00:00
2024-11-15,Mkt-RF,FF,0.995,0.012125340717509096,0.05664981681955519,0.07719778939058232,0,0,synthetic-v1,F16_default,786ddba614cca0b18e42a1f878450d559eb8ae0e389535813e5f1d8226f594e7,ff4006c,0.1.0,2026-05-26T14:42:34+00:00
2024-11-18,Mkt-RF,FF,0.99,-0.008255595926234705,0.04521215581635151,0.061841524358818664,0,0,synthetic-v1,F16_default,786ddba614cca0b18e42a1f878450d559eb8ae0e389535813e5f1d8226f594e7,ff4006c,0.1.0,2026-05-26T14:42:34+00:00
2024-11-18,Mkt-RF,FF,0.995,-0.008255595926234705,0.05473052711169387,0.07394564248348427,0,0,synthetic-v1,F16_default,786ddba614cca0b18e42a1f878450d559eb8ae0e389535813e5f1d8226f594e7,ff4006c,0.1.0,2026-05-26T14:42:34+00:00
2024-11-19,Mkt-RF,FF,0.99,-0.0028739258366524516,0.045328425668324415,0.06193096564383478,0,0,synthetic-v1,F16_default,786ddba614cca0b18e42a1f878450d559eb8ae0e389535813e5f1d8226f594e7,ff4006c,0.1.0,2026-05-26T14:42:34+00:00
2024-11-19,Mkt-RF,FF,0.995,-0.0028739258366524516,0.05475367713275799,0.07432184440349647,0,0,synthetic-v1,F16_default,786ddba614cca0b18e42a1f878450d559eb8ae0e389535813e5f1d8226f594e7,ff4006c,0.1.0,2026-05-26T14:42:34+00:00
2024-11-20,Mkt-RF,FF,0.99,0.01692869843496665,0.04529979831530834,0.061816663856944426,0,0,synthetic-v1,F16_default,786ddba614cca0b18e42a1f878450d559eb8ae0e389535813e5f1d8226f594e7,ff4006c,0.1.0,2026-05-26T14:42:34+00:00
2024-11-20,Mkt-RF,FF,0.995,0.01692869843496665,0.05472503897298374,0.07411594592347248,0,0,synthetic-v1,F16_default,786ddba614cca0b18e42a1f878450d559eb8ae0e389535813e5f1d8226f594e7,ff4006c,0.1.0,2026-05-26T14:42:34+00:00
2024-11-21,Mkt-RF,FF,0.99,0.01223447541334593,0.04527653334398622,0.06143726020718425,0,0,synthetic-v1,F16_default,786ddba614cca0b18e42a1f878450d559eb8ae0e389535813e5f1d8226f594e7,ff4006c,0.1.0,2026-05-26T14:42:34+00:00
2024-11-21,Mkt-RF,FF,0.995,0.01223447541334593,0.05450439504327218,0.07364077058949277,0,0,synthetic-v1,F16_default,786ddba614cca0b18e42a1f878450d559eb8ae0e389535813e5f1d8226f594e7,ff4006c,0.1.0,2026-05-26T14:42:34+00:00
2024-11-22,Mkt-RF,FF,0.99,-0.003713924250153679,0.04516891216676333,0.06154999984322601,0,0,synthetic-v1,F16_default,786ddba614cca0b18e42a1f878450d559eb8ae0e389535813e5f1d8226f594e7,ff4006c,0.1.0,2026-05-26T14:42:34+00:00
2024-11-22,Mkt-RF,FF,0.995,-0.003713924250153679,0.05452075186246339,0.07361140435927857,0,0,synthetic-v1,F16_default,786ddba614cca0b18e42a1f878450d559eb8ae0e389535813e5f1d8226f594e7,ff4006c,0.1.0,2026-05-26T14:42:34+00:00
2024-11-25,Mkt-RF,FF,0.99,0.020839156966519688,0.04511552725526347,0.061405080615484844,0,0,synthetic-v1,F16_default,786ddba614cca0b18e42a1f878450d559eb8ae0e389535813e5f1d8226f594e7,ff4006c,0.1.0,2026-05-26T14:42:34+00:00
2024-11-25,Mkt-RF,FF,0.995,0.020839156966519688,0.054500009205242755,0.07353205250141681,0,0,synthetic-v1,F16_default,786ddba614cca0b18e42a1f878450d559eb8ae0e389535813e5f1d8226f594e7,ff4006c,0.1.0,2026-05-26T14:42:34+00:00
2024-11-26,Mkt-RF,FF,0.99,-0.0024446889533618088,0.045475758720289784,0.06198796329969394,0,0,synthetic-v1,F16_default,786ddba614cca0b18e42a1f878450d559eb8ae0e389535813e5f1d8226f594e7,ff4006c,0.1.0,2026-05-26T14:42:34+00:00
2024-11-26,Mkt-RF,FF,0.995,-0.0024446889533618088,0.054851292719672665,0.07414797419738954,0,0,synthetic-v1,F16_default,786ddba614cca0b18e42a1f878450d559eb8ae0e389535813e5f1d8226f594e7,ff4006c,0.1.0,2026-05-26T14:42:34+00:00
2024-11-27,Mkt-RF,FF,0.99,0.0017228756373457214,0.044568912653573795,0.06074884750289808,0,0,synthetic-v1,F16_default,786ddba614cca0b18e42a1f878450d559eb8ae0e389535813e5f1d8226f594e7,ff4006c,0.1.0,2026-05-26T14:42:34+00:00
2024-11-27,Mkt-RF,FF,0.995,0.0017228756373457214,0.05386510726342592,0.07273445014326854,0,0,synthetic-v1,F16_default,786ddba614cca0b18e42a1f878450d559eb8ae0e389535813e5f1d8226f594e7,ff4006c,0.1.0,2026-05-26T14:42:34+00:00
2024-11-28,Mkt-RF,FF,0.99,-0.023701993859922506,0.044946567125938475,0.0612259757031538,0,0,synthetic-v1,F16_default,786ddba614cca0b18e42a1f878450d559eb8ae0e389535813e5f1d8226f594e7,ff4006c,0.1.0,2026-05-26T14:42:34+00:00
2024-11-28,Mkt-RF,FF,0.995,-0.023701993859922506,0.05439716481861278,0.07333355538567753,0,0,synthetic-v1,F16_default,786ddba614cca0b18e42a1f878450d559eb8ae0e389535813e5f1d8226f594e7,ff4006c,0.1.0,2026-05-26T14:42:34+00:00
2024-11-29,Mkt-RF,FF,0.99,-0.002620174157953714,0.045021505161747445,0.061277186543377826,0,0,synthetic-v1,F16_default,786ddba614cca0b18e42a1f878450d559eb8ae0e389535813e5f1d8226f594e7,ff4006c,0.1.0,2026-05-26T14:42:34+00:00
2024-11-29,Mkt-RF,FF,0.995,-0.002620174157953714,0.054375941414149725,0.07324637355791663,0,0,synthetic-v1,F16_default,786ddba614cca0b18e42a1f878450d559eb8ae0e389535813e5f1d8226f594e7,ff4006c,0.1.0,2026-05-26T14:42:34+00:00
2024-12-02,Mkt-RF,FF,0.99,0.0002838028926838624,0.04501147179590152,0.061336915085305366,0,0,synthetic-v1,F16_default,786ddba614cca0b18e42a1f878450d559eb8ae0e389535813e5f1d8226f594e7,ff4006c,0.1.0,2026-05-26T14:42:34+00:00
2024-12-02,Mkt-RF,FF,0.995,0.0002838028926838624,0.054417699008230264,0.07337082083044749,0,0,synthetic-v1,F16_default,786ddba614cca0b18e42a1f878450d559eb8ae0e389535813e5f1d8226f594e7,ff4006c,0.1.0,2026-05-26T14:42:34+00:00
2024-12-03,Mkt-RF,FF,0.99,-0.0010467590076137488,0.04509694305006677,0.06140448530612472,0,0,synthetic-v1,F16_default,786ddba614cca0b18e42a1f878450d559eb8ae0e389535813e5f1d8226f594e7,ff4006c,0.1.0,2026-05-26T14:42:34+00:00
2024-12-03,Mkt-RF,FF,0.995,-0.0010467590076137488,0.05451002943341935,0.07355703103751852,0,0,synthetic-v1,F16_default,786ddba614cca0b18e42a1f878450d559eb8ae0e389535813e5f1d8226f594e7,ff4006c,0.1.0,2026-05-26T14:42:34+00:00
2024-12-04,Mkt-RF,FF,0.99,-0.015878376692045865,0.04487867427096121,0.06117501178094858,0,0,synthetic-v1,F16_default,786ddba614cca0b18e42a1f878450d559eb8ae0e389535813e5f1d8226f594e7,ff4006c,0.1.0,2026-05-26T14:42:34+00:00
2024-12-04,Mkt-RF,FF,0.995,-0.015878376692045865,0.054366006627302496,0.07315853905957222,0,0,synthetic-v1,F16_default,786ddba614cca0b18e42a1f878450d559eb8ae0e389535813e5f1d8226f594e7,ff4006c,0.1.0,2026-05-26T14:42:34+00:00
2024-12-05,Mkt-RF,FF,0.99,0.0033646059595265365,0.044963775603501004,0.06130602823311673,0,0,synthetic-v1,F16_default,786ddba614cca0b18e42a1f878450d559eb8ae0e389535813e5f1d8226f594e7,ff4006c,0.1.0,2026-05-26T14:42:34+00:00
2024-12-05,Mkt-RF,FF,0.995,0.0033646059595265365,0.05430917752702596,0.0733124987430728,0,0,synthetic-v1,F16_default,786ddba614cca0b18e42a1f878450d559eb8ae0e389535813e5f1d8226f594e7,ff4006c,0.1.0,2026-05-26T14:42:34+00:00
2024-12-06,Mkt-RF,FF,0.99,-0.0302901098376139,0.04508414808772104,0.061325566959404915,0,0,synthetic-v1,F16_default,786ddba614cca0b18e42a1f878450d559eb8ae0e389535813e5f1d8226f594e7,ff4006c,0.1.0,2026-05-26T14:42:34+00:00
2024-12-06,Mkt-RF,FF,0.995,-0.0302901098376139,0.05441875352260948,0.07343871235432636,0,0,synthetic-v1,F16_default,786ddba614cca0b18e42a1f878450d559eb8ae0e389535813e5f1d8226f594e7,ff4006c,0.1.0,2026-05-26T14:42:34+00:00
2024-12-09,Mkt-RF,FF,0.99,-0.0017438523245780924,0.0452098328254841,0.06161604649002468,0,0,synthetic-v1,F16_default,786ddba614cca0b18e42a1f878450d559eb8ae0e389535813e5f1d8226f594e7,ff4006c,0.1.0,2026-05-26T14:42:34+00:00
2024-12-09,Mkt-RF,FF,0.995,-0.0017438523245780924,0.054660720755587214,0.07371324722467232,0,0,synthetic-v1,F16_default,786ddba614cca0b18e42a1f878450d559eb8ae0e389535813e5f1d8226f594e7,ff4006c,0.1.0,2026-05-26T14:42:34+00:00
2024-12-10,Mkt-RF,FF,0.99,0.013696590318348629,0.045214859498054386,0.06141015295649213,0,0,synthetic-v1,F16_default,786ddba614cca0b18e42a1f878450d559eb8ae0e389535813e5f1d8226f594e7,ff4006c,0.1.0,2026-05-26T14:42:34+00:00
2024-12-10,Mkt-RF,FF,0.995,0.013696590318348629,0.05452528680900007,0.07349839362726156,0,0,synthetic-v1,F16_default,786ddba614cca0b18e42a1f878450d559eb8ae0e389535813e5f1d8226f594e7,ff4006c,0.1.0,2026-05-26T14:42:34+00:00
2024-12-11,Mkt-RF,FF,0.99,0.01232116985395337,0.04555169261480015,0.062024550213155304,0,0,synthetic-v1,F16_default,786ddba614cca0b18e42a1f878450d559eb8ae0e389535813e5f1d8226f594e7,ff4006c,0.1.0,2026-05-26T14:42:34+00:00
2024-12-11,Mkt-RF,FF,0.995,0.01232116985395337,0.054927930802112064,0.07426340444416606,0,0,synthetic-v1,F16_default,786ddba614cca0b18e42a1f878450d559eb8ae0e389535813e5f1d8226f594e7,ff4006c,0.1.0,2026-05-26T14:42:34+00:00
2024-12-12,Mkt-RF,FF,0.99,0.009791362059782495,0.046418264776363766,0.06327614138852866,0,0,synthetic-v1,F16_default,786ddba614cca0b18e42a1f878450d559eb8ae0e389535813e5f1d8226f594e7,ff4006c,0.1.0,2026-05-26T14:42:34+00:00
2024-12-12,Mkt-RF,FF,0.995,0.009791362059782495,0.05606371514834136,0.07578587270235759,0,0,synthetic-v1,F16_default,786ddba614cca0b18e42a1f878450d559eb8ae0e389535813e5f1d8226f594e7,ff4006c,0.1.0,2026-05-26T14:42:34+00:00
2024-12-13,Mkt-RF,FF,0.99,0.023994799570967534,0.04641637755764721,0.06316098369270118,0,0,synthetic-v1,F16_default,786ddba614cca0b18e42a1f878450d559eb8ae0e389535813e5f1d8226f594e7,ff4006c,0.1.0,2026-05-26T14:42:34+00:00
2024-12-13,Mkt-RF,FF,0.995,0.023994799570967534,0.05594630717280933,0.0756198158235026,0,0,synthetic-v1,F16_default,786ddba614cca0b18e42a1f878450d559eb8ae0e389535813e5f1d8226f594e7,ff4006c,0.1.0,2026-05-26T14:42:34+00:00
2024-12-16,Mkt-RF,FF,0.99,-0.01019491057005363,0.04193583117896412,0.05684756927068545,0,0,synthetic-v1,F16_default,786ddba614cca0b18e42a1f878450d559eb8ae0e389535813e5f1d8226f594e7,ff4006c,0.1.0,2026-05-26T14:42:34+00:00
2024-12-16,Mkt-RF,FF,0.995,-0.01019491057005363,0.05056695325464567,0.06787332707440677,0,0,synthetic-v1,F16_default,786ddba614cca0b18e42a1f878450d559eb8ae0e389535813e5f1d8226f594e7,ff4006c,0.1.0,2026-05-26T14:42:34+00:00
2024-12-17,Mkt-RF,FF,0.99,0.019479704362128182,0.04194460462784583,0.056876805267824224,0,0,synthetic-v1,F16_default,786ddba614cca0b18e42a1f878450d559eb8ae0e389535813e5f1d8226f594e7,ff4006c,0.1.0,2026-05-26T14:42:34+00:00
2024-12-17,Mkt-RF,FF,0.995,0.019479704362128182,0.05055621287231566,0.06791470962164423,0,0,synthetic-v1,F16_default,786ddba614cca0b18e42a1f878450d559eb8ae0e389535813e5f1d8226f594e7,ff4006c,0.1.0,2026-05-26T14:42:34+00:00
2024-12-18,Mkt-RF,FF,0.99,0.003443448528029968,0.042378167968777664,0.05739536622859341,0,0,synthetic-v1,F16_default,786ddba614cca0b18e42a1f878450d559eb8ae0e389535813e5f1d8226f594e7,ff4006c,0.1.0,2026-05-26T14:42:34+00:00
2024-12-18,Mkt-RF,FF,0.995,0.003443448528029968,0.05094158596989533,0.06851006562356177,0,0,synthetic-v1,F16_default,786ddba614cca0b18e42a1f878450d559eb8ae0e389535813e5f1d8226f594e7,ff4006c,0.1.0,2026-05-26T14:42:34+00:00
2024-12-19,Mkt-RF,FF,0.99,0.011034343573535933,0.04191856886343683,0.05668732327978063,0,0,synthetic-v1,F16_default,786ddba614cca0b18e42a1f878450d559eb8ae0e389535813e5f1d8226f594e7,ff4006c,0.1.0,2026-05-26T14:42:34+00:00
2024-12-19,Mkt-RF,FF,0.995,0.011034343573535933,0.05025775298057859,0.06777397189462882,0,0,synthetic-v1,F16_default,786ddba614cca0b18e42a1f878450d559eb8ae0e389535813e5f1d8226f594e7,ff4006c,0.1.0,2026-05-26T14:42:34+00:00
2024-12-20,Mkt-RF,FF,0.99,0.0075240498542970095,0.041990188269199244,0.05695538736438861,0,0,synthetic-v1,F16_default,786ddba614cca0b18e42a1f878450d559eb8ae0e389535813e5f1d8226f594e7,ff4006c,0.1.0,2026-05-26T14:42:34+00:00
2024-12-20,Mkt-RF,FF,0.995,0.0075240498542970095,0.05052219529904184,0.06797415916286406,0,0,synthetic-v1,F16_default,786ddba614cca0b18e42a1f878450d559eb8ae0e389535813e5f1d8226f594e7,ff4006c,0.1.0,2026-05-26T14:42:34+00:00
2024-12-23,Mkt-RF,FF,0.99,0.0002952133861642978,0.04193484739018676,0.056997995790692556,0,0,synthetic-v1,F16_default,786ddba614cca0b18e42a1f878450d559eb8ae0e389535813e5f1d8226f594e7,ff4006c,0.1.0,2026-05-26T14:42:34+00:00
2024-12-23,Mkt-RF,FF,0.995,0.0002952133861642978,0.05074260548728986,0.06808672257869894,0,0,synthetic-v1,F16_default,786ddba614cca0b18e42a1f878450d559eb8ae0e389535813e5f1d8226f594e7,ff4006c,0.1.0,2026-05-26T14:42:34+00:00
2024-12-24,Mkt-RF,FF,0.99,0.015520508549412546,0.042155550283985994,0.056926310499227736,0,0,synthetic-v1,F16_default,786ddba614cca0b18e42a1f878450d559eb8ae0e389535813e5f1d8226f594e7,ff4006c,0.1.0,2026-05-26T14:42:34+00:00
2024-12-24,Mkt-RF,FF,0.995,0.015520508549412546,0.05070174283195815,0.06810247988606082,0,0,synthetic-v1,F16_default,786ddba614cca0b18e42a1f878450d559eb8ae0e389535813e5f1d8226f594e7,ff4006c,0.1.0,2026-05-26T14:42:34+00:00
2024-12-25,Mkt-RF,FF,0.99,-0.0002068487451871768,0.042495686063362695,0.05764358638589551,0,0,synthetic-v1,F16_default,786ddba614cca0b18e42a1f878450d559eb8ae0e389535813e5f1d8226f594e7,ff4006c,0.1.0,2026-05-26T14:42:34+00:00
2024-12-25,Mkt-RF,FF,0.995,-0.0002068487451871768,0.05129684485102081,0.0687525799513024,0,0,synthetic-v1,F16_default,786ddba614cca0b18e42a1f878450d559eb8ae0e389535813e5f1d8226f594e7,ff4006c,0.1.0,2026-05-26T14:42:34+00:00
2024-12-26,Mkt-RF,FF,0.99,0.012731540277230363,0.04286447989928566,0.058233371233140735,0,0,synthetic-v1,F16_default,786ddba614cca0b18e42a1f878450d559eb8ae0e389535813e5f1d8226f594e7,ff4006c,0.1.0,2026-05-26T14:42:34+00:00
2024-12-26,Mkt-RF,FF,0.995,0.012731540277230363,0.05174686165905187,0.06944906482935051,0,0,synthetic-v1,F16_default,786ddba614cca0b18e42a1f878450d559eb8ae0e389535813e5f1d8226f594e7,ff4006c,0.1.0,2026-05-26T14:42:34+00:00
2024-12-27,Mkt-RF,FF,0.99,-0.017331898630634023,0.042574520963900804,0.05777302841961216,0,0,synthetic-v1,F16_default,786ddba614cca0b18e42a1f878450d559eb8ae0e389535813e5f1d8226f594e7,ff4006c,0.1.0,2026-05-26T14:42:34+00:00
2024-12-27,Mkt-RF,FF,0.995,-0.017331898630634023,0.05120546100960078,0.06898122349289564,0,0,synthetic-v1,F16_default,786ddba614cca0b18e42a1f878450d559eb8ae0e389535813e5f1d8226f594e7,ff4006c,0.1.0,2026-05-26T14:42:34+00:00
2024-12-30,Mkt-RF,FF,0.99,0.0032318787150973213,0.04274957115080351,0.057871511409974694,0,0,synthetic-v1,F16_default,786ddba614cca0b18e42a1f878450d559eb8ae0e389535813e5f1d8226f594e7,ff4006c,0.1.0,2026-05-26T14:42:34+00:00
2024-12-30,Mkt-RF,FF,0.995,0.0032318787150973213,0.05147544600901112,0.06897849844269112,0,0,synthetic-v1,F16_default,786ddba614cca0b18e42a1f878450d559eb8ae0e389535813e5f1d8226f594e7,ff4006c,0.1.0,2026-05-26T14:42:34+00:00
2024-12-31,Mkt-RF,FF,0.99,0.0010057148893327793,0.04231767760307058,0.05740761464760441,0,0,synthetic-v1,F16_default,786ddba614cca0b18e42a1f878450d559eb8ae0e389535813e5f1d8226f594e7,ff4006c,0.1.0,2026-05-26T14:42:34+00:00
2024-12-31,Mkt-RF,FF,0.995,0.0010057148893327793,0.051041967462610846,0.06851536262177381,0,0,synthetic-v1,F16_default,786ddba614cca0b18e42a1f878450d559eb8ae0e389535813e5f1d8226f594e7,ff4006c,0.1.0,2026-05-26T14:42:34+00:00
