date,loss,var_99,es_99,var_995,es_995,estimator,window,crisis_flag,data_vintage,run_id,config_hash,git_hash,code_version,run_timestamp
2020-10-14,-0.007515007804214362,0.06455065601278467,0.09397469067884168,0.08053840632996344,0.11628882968420512,independent,400,0,synthetic-v1,F9_default,ab28b8cf35d72adba1224d88adfbe86e39d13ce6ab49a2f4a58855b93ab6ec1e,ff4006c,0.1.0,2026-05-26T14:40:38+00:00
2020-10-15,-0.018315363921068806,0.06468996933752548,0.09375888225670156,0.08033750813875973,0.11610493531666985,independent,400,0,synthetic-v1,F9_default,ab28b8cf35d72adba1224d88adfbe86e39d13ce6ab49a2f4a58855b93ab6ec1e,ff4006c,0.1.0,2026-05-26T14:40:38+00:00
2020-10-16,0.004839463183577236,0.06491062096547752,0.09436671149645301,0.08075572223028428,0.11682645994030666,independent,400,0,synthetic-v1,F9_default,ab28b8cf35d72adba1224d88adfbe86e39d13ce6ab49a2f4a58855b93ab6ec1e,ff4006c,0.1.0,2026-05-26T14:40:38+00:00
2020-10-19,-0.014288480552381303,0.06482227758865201,0.0943770192567679,0.08067479010479409,0.11692874705117956,independent,400,0,synthetic-v1,F9_default,ab28b8cf35d72adba1224d88adfbe86e39d13ce6ab49a2f4a58855b93ab6ec1e,ff4006c,0.1.0,2026-05-26T14:40:38+00:00
2020-10-20,-0.005739664595889313,0.0659447130746921,0.09588018474365576,0.08200674597673166,0.11871175813921839,independent,400,0,synthetic-v1,F9_default,ab28b8cf35d72adba1224d88adfbe86e39d13ce6ab49a2f4a58855b93ab6ec1e,ff4006c,0.1.0,2026-05-26T14:40:38+00:00
2020-10-21,-0.033553588102030706,0.06642049681452868,0.09709342529496597,0.08293674930303792,0.12031880565868872,independent,400,0,synthetic-v1,F9_default,ab28b8cf35d72adba1224d88adfbe86e39d13ce6ab49a2f4a58855b93ab6ec1e,ff4006c,0.1.0,2026-05-26T14:40:38+00:00
2020-10-22,-0.006546590303456166,0.0638286949346536,0.09206664014579541,0.07917485785108444,0.11348316571756858,independent,400,0,synthetic-v1,F9_default,ab28b8cf35d72adba1224d88adfbe86e39d13ce6ab49a2f4a58855b93ab6ec1e,ff4006c,0.1.0,2026-05-26T14:40:38+00:00
2020-10-23,0.013374123928679493,0.06370301775087742,0.0922044770234318,0.07932341736069504,0.11370405778543279,independent,400,0,synthetic-v1,F9_default,ab28b8cf35d72adba1224d88adfbe86e39d13ce6ab49a2f4a58855b93ab6ec1e,ff4006c,0.1.0,2026-05-26T14:40:38+00:00
2020-10-26,0.03204012308470456,0.06413778396232239,0.09273501368781462,0.07981645588446855,0.1144054636929936,independent,400,0,synthetic-v1,F9_default,ab28b8cf35d72adba1224d88adfbe86e39d13ce6ab49a2f4a58855b93ab6ec1e,ff4006c,0.1.0,2026-05-26T14:40:38+00:00
2020-10-27,0.006392205308549,0.06420194414368974,0.09302757899294778,0.07973124301149505,0.11484968842320994,independent,400,0,synthetic-v1,F9_default,ab28b8cf35d72adba1224d88adfbe86e39d13ce6ab49a2f4a58855b93ab6ec1e,ff4006c,0.1.0,2026-05-26T14:40:38+00:00
2020-10-28,-0.010429560068446399,0.06723788911419404,0.09888444430363305,0.08392329621364726,0.1230071213241676,independent,400,0,synthetic-v1,F9_default,ab28b8cf35d72adba1224d88adfbe86e39d13ce6ab49a2f4a58855b93ab6ec1e,ff4006c,0.1.0,2026-05-26T14:40:38+00:00
2020-10-29,0.0044434388481822806,0.06973206950272046,0.10312905607932644,,,independent,400,0,synthetic-v1,F9_default,ab28b8cf35d72adba1224d88adfbe86e39d13ce6ab49a2f4a58855b93ab6ec1e,ff4006c,0.1.0,2026-05-26T14:40:38+00:00
2020-10-30,0.007050234974400004,0.07006214296452094,0.10329871423538294,0.08779238660321166,0.12872275682205617,independent,400,0,synthetic-v1,F9_default,ab28b8cf35d72adba1224d88adfbe86e39d13ce6ab49a2f4a58855b93ab6ec1e,ff4006c,0.1.0,2026-05-26T14:40:38+00:00
2020-11-02,0.00653735719279403,0.06982267841558727,0.1026492931411422,0.08722725356235911,0.12760878072387588,independent,400,0,synthetic-v1,F9_default,ab28b8cf35d72adba1224d88adfbe86e39d13ce6ab49a2f4a58855b93ab6ec1e,ff4006c,0.1.0,2026-05-26T14:40:38+00:00
2020-11-03,-0.022751016281054897,0.0701009176058577,0.10339028388577665,0.08782846321702084,0.12866659356161572,independent,400,0,synthetic-v1,F9_default,ab28b8cf35d72adba1224d88adfbe86e39d13ce6ab49a2f4a58855b93ab6ec1e,ff4006c,0.1.0,2026-05-26T14:40:38+00:00
2020-11-04,0.00728758990826297,0.06949444943647175,0.10213522559100019,0.0867752617791678,0.12692199792941583,independent,400,0,synthetic-v1,F9_default,ab28b8cf35d72adba1224d88adfbe86e39d13ce6ab49a2f4a58855b93ab6ec1e,ff4006c,0.1.0,2026-05-26T14:40:38+00:00
2020-11-05,-0.0059466547817558025,0.06908827906125488,0.10169344456216785,0.0865339790446621,0.12639901142837937,independent,400,0,synthetic-v1,F9_default,ab28b8cf35d72adba1224d88adfbe86e39d13ce6ab49a2f4a58855b93ab6ec1e,ff4006c,0.1.0,2026-05-26T14:40:38+00:00
2020-11-06,-0.006545730651270614,0.06908919747982264,0.1013062215378298,0.08625527843572052,0.12577262488152105,independent,400,0,synthetic-v1,F9_default,ab28b8cf35d72adba1224d88adfbe86e39d13ce6ab49a2f4a58855b93ab6ec1e,ff4006c,0.1.0,2026-05-26T14:40:38+00:00
2020-11-09,0.007185388003963366,0.06910344360975267,0.10103112785992187,0.08621833242561583,0.1255661095478928,independent,400,0,synthetic-v1,F9_default,ab28b8cf35d72adba1224d88adfbe86e39d13ce6ab49a2f4a58855b93ab6ec1e,ff4006c,0.1.0,2026-05-26T14:40:38+00:00
2020-11-10,0.0053203001707479314,0.07054841105784508,0.10394150465445126,0.08862852614798146,0.12963835980385396,independent,400,0,synthetic-v1,F9_default,ab28b8cf35d72adba1224d88adfbe86e39d13ce6ab49a2f4a58855b93ab6ec1e,ff4006c,0.1.0,2026-05-26T14:40:38+00:00
2020-11-11,0.020470437810142975,0.07026947321521855,0.10352606107621624,0.08794478746941078,0.12909820846042597,independent,400,0,synthetic-v1,F9_default,ab28b8cf35d72adba1224d88adfbe86e39d13ce6ab49a2f4a58855b93ab6ec1e,ff4006c,0.1.0,2026-05-26T14:40:38+00:00
2020-11-12,0.01004045554770666,0.07037141337851296,0.10366352515381569,0.0879676554726586,0.1291194659504128,independent,400,0,synthetic-v1,F9_default,ab28b8cf35d72adba1224d88adfbe86e39d13ce6ab49a2f4a58855b93ab6ec1e,ff4006c,0.1.0,2026-05-26T14:40:38+00:00
2020-11-13,-0.006136861492937556,0.07044657071362914,0.10373349692617499,0.08812862519740358,0.12927668702403353,independent,400,0,synthetic-v1,F9_default,ab28b8cf35d72adba1224d88adfbe86e39d13ce6ab49a2f4a58855b93ab6ec1e,ff4006c,0.1.0,2026-05-26T14:40:38+00:00
2020-11-16,-0.013050272035155703,0.06969850993643484,0.10269322437878808,0.08733405046268444,0.12778610353057623,independent,400,0,synthetic-v1,F9_default,ab28b8cf35d72adba1224d88adfbe86e39d13ce6ab49a2f4a58855b93ab6ec1e,ff4006c,0.1.0,2026-05-26T14:40:38+00:00
2020-11-17,-0.029934896167537212,0.0695884982327969,0.10225986301951251,0.08701305110606308,0.12735964318668053,independent,400,0,synthetic-v1,F9_default,ab28b8cf35d72adba1224d88adfbe86e39d13ce6ab49a2f4a58855b93ab6ec1e,ff4006c,0.1.0,2026-05-26T14:40:38+00:00
2020-11-18,0.009988893518548784,0.06939980249929402,0.1022121822877729,0.08684064674155959,0.1271564148235901,independent,400,0,synthetic-v1,F9_default,ab28b8cf35d72adba1224d88adfbe86e39d13ce6ab49a2f4a58855b93ab6ec1e,ff4006c,0.1.0,2026-05-26T14:40:38+00:00
2020-11-19,0.0033756572136722112,0.06968418568781733,0.10271168315927785,0.08770076812753592,0.12770176343547374,independent,400,0,synthetic-v1,F9_default,ab28b8cf35d72adba1224d88adfbe86e39d13ce6ab49a2f4a58855b93ab6ec1e,ff4006c,0.1.0,2026-05-26T14:40:38+00:00
2020-11-20,-0.02458343197806696,0.07007785273413801,0.10307054082156199,0.08783077835013724,0.1284262335932686,independent,400,0,synthetic-v1,F9_default,ab28b8cf35d72adba1224d88adfbe86e39d13ce6ab49a2f4a58855b93ab6ec1e,ff4006c,0.1.0,2026-05-26T14:40:38+00:00
2020-11-23,0.005624452506437937,0.06995771962184107,0.10310041910877395,,,independent,400,0,synthetic-v1,F9_default,ab28b8cf35d72adba1224d88adfbe86e39d13ce6ab49a2f4a58855b93ab6ec1e,ff4006c,0.1.0,2026-05-26T14:40:38+00:00
2020-11-24,-0.008657659166604695,0.06989205876271343,0.10301796993582915,0.08763117072454378,0.12816215603361297,independent,400,0,synthetic-v1,F9_default,ab28b8cf35d72adba1224d88adfbe86e39d13ce6ab49a2f4a58855b93ab6ec1e,ff4006c,0.1.0,2026-05-26T14:40:38+00:00
2020-11-25,0.002095091045658936,0.0699021611598078,0.10266828686307236,0.08726034178154476,0.12780080788165682,independent,400,0,synthetic-v1,F9_default,ab28b8cf35d72adba1224d88adfbe86e39d13ce6ab49a2f4a58855b93ab6ec1e,ff4006c,0.1.0,2026-05-26T14:40:38+00:00
2020-11-26,0.009054023097270502,0.06988858798884444,0.1024750946703119,0.08743722652119829,0.1277530694950654,independent,400,0,synthetic-v1,F9_default,ab28b8cf35d72adba1224d88adfbe86e39d13ce6ab49a2f4a58855b93ab6ec1e,ff4006c,0.1.0,2026-05-26T14:40:38+00:00
2020-11-27,0.0037116286839878176,0.06961039249736886,0.10230313360816601,0.08706235457910186,0.12719868581827548,independent,400,0,synthetic-v1,F9_default,ab28b8cf35d72adba1224d88adfbe86e39d13ce6ab49a2f4a58855b93ab6ec1e,ff4006c,0.1.0,2026-05-26T14:40:38+00:00
2020-11-30,0.009711675272767922,0.0698393887308135,0.1027217064082957,0.08754178003864131,0.127840573665223,independent,400,0,synthetic-v1,F9_default,ab28b8cf35d72adba1224d88adfbe86e39d13ce6ab49a2f4a58855b93ab6ec1e,ff4006c,0.1.0,2026-05-26T14:40:38+00:00
2020-12-01,0.0005476802281770474,0.0705057384320428,0.10429820267186404,0.08849840299973559,0.13012597962497874,independent,400,0,synthetic-v1,F9_default,ab28b8cf35d72adba1224d88adfbe86e39d13ce6ab49a2f4a58855b93ab6ec1e,ff4006c,0.1.0,2026-05-26T14:40:38+00:00
2020-12-02,-0.0007210598551840746,0.07065889343773057,0.10450246614471392,0.08868616831283813,0.1301609520259541,independent,400,0,synthetic-v1,F9_default,ab28b8cf35d72adba1224d88adfbe86e39d13ce6ab49a2f4a58855b93ab6ec1e,ff4006c,0.1.0,2026-05-26T14:40:38+00:00
2020-12-03,-0.002086470439533605,0.0703613937737892,0.10424273994183247,0.08856050315832892,0.1299991364272711,independent,400,0,synthetic-v1,F9_default,ab28b8cf35d72adba1224d88adfbe86e39d13ce6ab49a2f4a58855b93ab6ec1e,ff4006c,0.1.0,2026-05-26T14:40:38+00:00
2020-12-04,0.005664158284172169,0.07062915179431246,0.10414184750962013,0.08844699837068971,0.13003662935433488,independent,400,0,synthetic-v1,F9_default,ab28b8cf35d72adba1224d88adfbe86e39d13ce6ab49a2f4a58855b93ab6ec1e,ff4006c,0.1.0,2026-05-26T14:40:38+00:00
2020-12-07,-0.0006072990486531875,0.07088350510194845,0.10451381712557134,0.08909492437106381,0.1303173809319251,independent,400,0,synthetic-v1,F9_default,ab28b8cf35d72adba1224d88adfbe86e39d13ce6ab49a2f4a58855b93ab6ec1e,ff4006c,0.1.0,2026-05-26T14:40:38+00:00
2020-12-08,-0.008612782472041442,0.06966692449012449,0.10245948267769027,0.08717904209525097,0.12737929420446922,independent,400,0,synthetic-v1,F9_default,ab28b8cf35d72adba1224d88adfbe86e39d13ce6ab49a2f4a58855b93ab6ec1e,ff4006c,0.1.0,2026-05-26T14:40:38+00:00
2020-12-09,-0.012366971225369998,0.0701703146912243,0.10349670890302644,0.08797350954348455,0.12896234320297323,independent,400,0,synthetic-v1,F9_default,ab28b8cf35d72adba1224d88adfbe86e39d13ce6ab49a2f4a58855b93ab6ec1e,ff4006c,0.1.0,2026-05-26T14:40:38+00:00
2020-12-10,-0.01654596030289077,0.07126084802791316,0.10602331383619992,0.08973895405463811,0.13234673500397443,independent,400,0,synthetic-v1,F9_default,ab28b8cf35d72adba1224d88adfbe86e39d13ce6ab49a2f4a58855b93ab6ec1e,ff4006c,0.1.0,2026-05-26T14:40:38+00:00
2020-12-11,0.005357832372400316,0.07255485314344613,0.10841767510219963,0.0913013179334569,0.1357532740202524,independent,400,0,synthetic-v1,F9_default,ab28b8cf35d72adba1224d88adfbe86e39d13ce6ab49a2f4a58855b93ab6ec1e,ff4006c,0.1.0,2026-05-26T14:40:38+00:00
2020-12-14,0.006228214000082855,0.07289528715842596,0.10904756182490304,0.09202766922037202,0.1368132557360699,independent,400,0,synthetic-v1,F9_default,ab28b8cf35d72adba1224d88adfbe86e39d13ce6ab49a2f4a58855b93ab6ec1e,ff4006c,0.1.0,2026-05-26T14:40:38+00:00
2020-12-15,0.00125930137284703,0.07301927271686148,0.1090507085120854,0.09170951733312419,0.13670599553746487,independent,400,0,synthetic-v1,F9_default,ab28b8cf35d72adba1224d88adfbe86e39d13ce6ab49a2f4a58855b93ab6ec1e,ff4006c,0.1.0,2026-05-26T14:40:38+00:00
2020-12-16,-0.018583954567314473,0.07300722634425752,0.10917051350592386,0.09192708851745549,0.13692996572595229,independent,400,0,synthetic-v1,F9_default,ab28b8cf35d72adba1224d88adfbe86e39d13ce6ab49a2f4a58855b93ab6ec1e,ff4006c,0.1.0,2026-05-26T14:40:38+00:00
2020-12-17,-0.016004853390041818,0.07510150271974109,0.11359459345218677,0.09522408760563231,0.14330277598367236,independent,400,0,synthetic-v1,F9_default,ab28b8cf35d72adba1224d88adfbe86e39d13ce6ab49a2f4a58855b93ab6ec1e,ff4006c,0.1.0,2026-05-26T14:40:38+00:00
2020-12-18,-0.005092493457294911,0.07486739032404578,0.11335200556857725,0.0947758612216641,0.14279325824556144,independent,400,0,synthetic-v1,F9_default,ab28b8cf35d72adba1224d88adfbe86e39d13ce6ab49a2f4a58855b93ab6ec1e,ff4006c,0.1.0,2026-05-26T14:40:38+00:00
2020-12-21,0.020207806328116185,0.07553606020565609,0.11400187699605611,0.09559727786987096,0.14384464962859575,independent,400,0,synthetic-v1,F9_default,ab28b8cf35d72adba1224d88adfbe86e39d13ce6ab49a2f4a58855b93ab6ec1e,ff4006c,0.1.0,2026-05-26T14:40:38+00:00
2020-12-22,-0.0020545714311274235,0.07570448251984091,0.11452292921772916,0.09594225355890819,0.14454132755394541,independent,400,0,synthetic-v1,F9_default,ab28b8cf35d72adba1224d88adfbe86e39d13ce6ab49a2f4a58855b93ab6ec1e,ff4006c,0.1.0,2026-05-26T14:40:38+00:00
2020-12-23,-0.013009004956661702,0.07564094860541665,0.11416827462944482,0.09569742550043958,0.14404551645177482,independent,400,0,synthetic-v1,F9_default,ab28b8cf35d72adba1224d88adfbe86e39d13ce6ab49a2f4a58855b93ab6ec1e,ff4006c,0.1.0,2026-05-26T14:40:38+00:00
2020-12-24,0.002035378532765167,0.07534480368220772,0.11368478530648182,0.0954113599810327,0.1433257221352373,independent,400,0,synthetic-v1,F9_default,ab28b8cf35d72adba1224d88adfbe86e39d13ce6ab49a2f4a58855b93ab6ec1e,ff4006c,0.1.0,2026-05-26T14:40:38+00:00
2020-12-25,0.015686173447103057,0.07561130421158556,0.1139609228518444,0.09554614504740978,0.14389460313808916,independent,400,0,synthetic-v1,F9_default,ab28b8cf35d72adba1224d88adfbe86e39d13ce6ab49a2f4a58855b93ab6ec1e,ff4006c,0.1.0,2026-05-26T14:40:38+00:00
2020-12-28,-0.001252557575919691,0.07527324008393413,0.11372076335120883,0.095426976160411,0.14325476785244323,independent,400,0,synthetic-v1,F9_default,ab28b8cf35d72adba1224d88adfbe86e39d13ce6ab49a2f4a58855b93ab6ec1e,ff4006c,0.1.0,2026-05-26T14:40:38+00:00
2020-12-29,0.015411419372123552,0.07560353884521621,0.11415792067041969,0.0956203095433907,0.14388848740358928,independent,400,0,synthetic-v1,F9_default,ab28b8cf35d72adba1224d88adfbe86e39d13ce6ab49a2f4a58855b93ab6ec1e,ff4006c,0.1.0,2026-05-26T14:40:38+00:00
2020-12-30,0.004144669216093049,0.07584365519123638,0.11467100676594569,0.09596911121812288,0.1446681476659149,independent,400,0,synthetic-v1,F9_default,ab28b8cf35d72adba1224d88adfbe86e39d13ce6ab49a2f4a58855b93ab6ec1e,ff4006c,0.1.0,2026-05-26T14:40:38+00:00
2020-12-31,0.01756185992644891,0.07569715915804597,0.1145531150209145,0.09589383134029583,0.14430387651824098,independent,400,0,synthetic-v1,F9_default,ab28b8cf35d72adba1224d88adfbe86e39d13ce6ab49a2f4a58855b93ab6ec1e,ff4006c,0.1.0,2026-05-26T14:40:38+00:00
2021-01-01,0.014143409903299792,0.07318441570144316,0.11010165865229385,0.09240010620411684,0.13856013968832037,independent,400,0,synthetic-v1,F9_default,ab28b8cf35d72adba1224d88adfbe86e39d13ce6ab49a2f4a58855b93ab6ec1e,ff4006c,0.1.0,2026-05-26T14:40:38+00:00
2021-01-04,0.02269301927439863,0.07299663873006447,0.10969120912625524,0.09213676705044815,0.13810383057270278,independent,400,0,synthetic-v1,F9_default,ab28b8cf35d72adba1224d88adfbe86e39d13ce6ab49a2f4a58855b93ab6ec1e,ff4006c,0.1.0,2026-05-26T14:40:38+00:00
2021-01-05,0.0015385363778586511,0.0723823977131555,0.10860632521564528,0.09140325306556003,0.13655127337972883,independent,400,0,synthetic-v1,F9_default,ab28b8cf35d72adba1224d88adfbe86e39d13ce6ab49a2f4a58855b93ab6ec1e,ff4006c,0.1.0,2026-05-26T14:40:38+00:00
2021-01-06,0.02773291838793851,0.07255836891212625,0.10901631585626308,0.0918294287143055,0.13720437363651267,independent,400,0,synthetic-v1,F9_default,ab28b8cf35d72adba1224d88adfbe86e39d13ce6ab49a2f4a58855b93ab6ec1e,ff4006c,0.1.0,2026-05-26T14:40:38+00:00
2021-01-07,-0.003507463613473128,0.06598391349038407,0.09944827635645279,0.08333112043419984,0.12547377547034005,independent,400,0,synthetic-v1,F9_default,ab28b8cf35d72adba1224d88adfbe86e39d13ce6ab49a2f4a58855b93ab6ec1e,ff4006c,0.1.0,2026-05-26T14:40:38+00:00
2021-01-08,0.011459773663401292,0.08195896250193274,0.1354023582616194,0.10751423929073542,0.17776479866168116,independent,400,0,synthetic-v1,F9_default,ab28b8cf35d72adba1224d88adfbe86e39d13ce6ab49a2f4a58855b93ab6ec1e,ff4006c,0.1.0,2026-05-26T14:40:38+00:00
2021-01-11,-0.007059441974846398,0.08051837832543338,0.1321012020044647,0.10534330926565613,0.1728508274363752,independent,400,0,synthetic-v1,F9_default,ab28b8cf35d72adba1224d88adfbe86e39d13ce6ab49a2f4a58855b93ab6ec1e,ff4006c,0.1.0,2026-05-26T14:40:38+00:00
2021-01-12,0.010056045265620667,0.08003653256161777,0.13087921981291062,0.10473874064538295,0.1709588940782954,independent,400,0,synthetic-v1,F9_default,ab28b8cf35d72adba1224d88adfbe86e39d13ce6ab49a2f4a58855b93ab6ec1e,ff4006c,0.1.0,2026-05-26T14:40:38+00:00
2021-01-13,0.0077541101082847985,0.07967060213624773,0.12994987629496335,0.10387060257581882,0.16969142452319932,independent,400,0,synthetic-v1,F9_default,ab28b8cf35d72adba1224d88adfbe86e39d13ce6ab49a2f4a58855b93ab6ec1e,ff4006c,0.1.0,2026-05-26T14:40:38+00:00
2021-01-14,0.002538046409935904,0.07976150797837961,0.1303078396630057,0.10410133052779204,0.17023435530683695,independent,400,0,synthetic-v1,F9_default,ab28b8cf35d72adba1224d88adfbe86e39d13ce6ab49a2f4a58855b93ab6ec1e,ff4006c,0.1.0,2026-05-26T14:40:38+00:00
2021-01-15,-0.009350293018262746,0.08019240905759346,0.13066634230691465,0.10456232028022262,0.17076169516383197,independent,400,0,synthetic-v1,F9_default,ab28b8cf35d72adba1224d88adfbe86e39d13ce6ab49a2f4a58855b93ab6ec1e,ff4006c,0.1.0,2026-05-26T14:40:38+00:00
2021-01-18,0.0005157433061080693,0.08029136376760354,0.13097640488549384,0.10487265725344183,0.17115553968043307,independent,400,0,synthetic-v1,F9_default,ab28b8cf35d72adba1224d88adfbe86e39d13ce6ab49a2f4a58855b93ab6ec1e,ff4006c,0.1.0,2026-05-26T14:40:38+00:00
2021-01-19,0.006971103119191727,0.08054061486021054,0.13169159578000478,0.1052768374852587,0.17238004470197021,independent,400,0,synthetic-v1,F9_default,ab28b8cf35d72adba1224d88adfbe86e39d13ce6ab49a2f4a58855b93ab6ec1e,ff4006c,0.1.0,2026-05-26T14:40:38+00:00
2021-01-20,-0.01127332929577306,0.0808111449885163,0.13234695290206994,0.10576507395198805,0.17309413313672556,independent,400,0,synthetic-v1,F9_default,ab28b8cf35d72adba1224d88adfbe86e39d13ce6ab49a2f4a58855b93ab6ec1e,ff4006c,0.1.0,2026-05-26T14:40:38+00:00
2021-01-21,-0.04310045303968747,0.08096332959770083,0.13261667569613367,0.10580722543224783,0.17338495316394947,independent,400,0,synthetic-v1,F9_default,ab28b8cf35d72adba1224d88adfbe86e39d13ce6ab49a2f4a58855b93ab6ec1e,ff4006c,0.1.0,2026-05-26T14:40:38+00:00
2021-01-22,-0.012952754919661302,0.08360574409125648,0.1388272103280545,0.10973542812739913,0.18276808543388717,independent,400,0,synthetic-v1,F9_default,ab28b8cf35d72adba1224d88adfbe86e39d13ce6ab49a2f4a58855b93ab6ec1e,ff4006c,0.1.0,2026-05-26T14:40:38+00:00
2021-01-25,-0.005034494151167545,0.08341103376674174,0.13846809453926606,0.10939385695086395,0.18216596333297652,independent,400,0,synthetic-v1,F9_default,ab28b8cf35d72adba1224d88adfbe86e39d13ce6ab49a2f4a58855b93ab6ec1e,ff4006c,0.1.0,2026-05-26T14:40:38+00:00
2021-01-26,0.02451410211445476,0.0838900393559988,0.1393970014936862,0.11014061729703555,0.1835110500475526,independent,400,0,synthetic-v1,F9_default,ab28b8cf35d72adba1224d88adfbe86e39d13ce6ab49a2f4a58855b93ab6ec1e,ff4006c,0.1.0,2026-05-26T14:40:38+00:00
2021-01-27,0.016044121198942846,0.08363841651422622,0.13932146969190046,0.10996189897109669,0.1834944983195374,independent,400,0,synthetic-v1,F9_default,ab28b8cf35d72adba1224d88adfbe86e39d13ce6ab49a2f4a58855b93ab6ec1e,ff4006c,0.1.0,2026-05-26T14:40:38+00:00
2021-01-28,0.013752128859807929,0.07809782275245483,0.12768958027148533,0.1018774763400106,0.16697524396866703,independent,400,0,synthetic-v1,F9_default,ab28b8cf35d72adba1224d88adfbe86e39d13ce6ab49a2f4a58855b93ab6ec1e,ff4006c,0.1.0,2026-05-26T14:40:38+00:00
2021-01-29,-0.004297720441399094,0.07952969036136129,0.12931044952183027,0.10401092712210473,0.16865635366076645,independent,400,0,synthetic-v1,F9_default,ab28b8cf35d72adba1224d88adfbe86e39d13ce6ab49a2f4a58855b93ab6ec1e,ff4006c,0.1.0,2026-05-26T14:40:38+00:00
2021-02-01,0.016938339474450972,0.08561695807992256,0.14322834758856062,0.1127009705627622,0.18898234401256184,independent,400,0,synthetic-v1,F9_default,ab28b8cf35d72adba1224d88adfbe86e39d13ce6ab49a2f4a58855b93ab6ec1e,ff4006c,0.1.0,2026-05-26T14:40:38+00:00
2021-02-02,0.003468413661836379,0.08423277246078718,0.1441998268410653,0.11216589828077446,0.19229423727755146,independent,400,0,synthetic-v1,F9_default,ab28b8cf35d72adba1224d88adfbe86e39d13ce6ab49a2f4a58855b93ab6ec1e,ff4006c,0.1.0,2026-05-26T14:40:38+00:00
2021-02-03,-0.002920387188609896,0.08436654362158401,0.14462959307039705,0.1125865322441301,0.19302848355880303,independent,400,0,synthetic-v1,F9_default,ab28b8cf35d72adba1224d88adfbe86e39d13ce6ab49a2f4a58855b93ab6ec1e,ff4006c,0.1.0,2026-05-26T14:40:38+00:00
2021-02-04,-0.009709601189634222,0.08430092170047583,0.1446941326894404,0.11258630263124267,0.19303194185877037,independent,400,0,synthetic-v1,F9_default,ab28b8cf35d72adba1224d88adfbe86e39d13ce6ab49a2f4a58855b93ab6ec1e,ff4006c,0.1.0,2026-05-26T14:40:38+00:00
2021-02-05,-0.04824789480849743,0.08425802199191978,0.1449441838731344,0.11284275411743114,0.19346703275796912,independent,400,0,synthetic-v1,F9_default,ab28b8cf35d72adba1224d88adfbe86e39d13ce6ab49a2f4a58855b93ab6ec1e,ff4006c,0.1.0,2026-05-26T14:40:38+00:00
2021-02-08,0.0048823265443172364,0.08411750506800625,0.14469152098093788,0.11250559098357935,0.19312643192755086,independent,400,0,synthetic-v1,F9_default,ab28b8cf35d72adba1224d88adfbe86e39d13ce6ab49a2f4a58855b93ab6ec1e,ff4006c,0.1.0,2026-05-26T14:40:38+00:00
2021-02-09,0.005023995109432176,0.07099681156067357,0.11538797227985889,0.0926289652686121,0.1505976866296653,independent,400,0,synthetic-v1,F9_default,ab28b8cf35d72adba1224d88adfbe86e39d13ce6ab49a2f4a58855b93ab6ec1e,ff4006c,0.1.0,2026-05-26T14:40:38+00:00
2021-02-10,-0.013732632937734267,0.07107113864696106,0.11590570503981718,0.0929964202016584,0.1512389544836582,independent,400,0,synthetic-v1,F9_default,ab28b8cf35d72adba1224d88adfbe86e39d13ce6ab49a2f4a58855b93ab6ec1e,ff4006c,0.1.0,2026-05-26T14:40:38+00:00
2021-02-11,0.003143801886878996,0.07134141242638399,0.11644115359518323,0.09332135098327511,0.1519512691892345,independent,400,0,synthetic-v1,F9_default,ab28b8cf35d72adba1224d88adfbe86e39d13ce6ab49a2f4a58855b93ab6ec1e,ff4006c,0.1.0,2026-05-26T14:40:38+00:00
2021-02-12,-0.016218355212155734,0.07152773440198917,0.11713844934214432,0.09366947582064242,0.1530386274219102,independent,400,0,synthetic-v1,F9_default,ab28b8cf35d72adba1224d88adfbe86e39d13ce6ab49a2f4a58855b93ab6ec1e,ff4006c,0.1.0,2026-05-26T14:40:38+00:00
2021-02-15,-0.010697004843948059,0.07146471353146511,0.11697935615052213,0.0935303334487758,0.15292000654277646,independent,400,0,synthetic-v1,F9_default,ab28b8cf35d72adba1224d88adfbe86e39d13ce6ab49a2f4a58855b93ab6ec1e,ff4006c,0.1.0,2026-05-26T14:40:38+00:00
2021-02-16,0.001919919964322518,0.07159847251650305,0.11737036545861437,0.09384053547815288,0.15346992899850248,independent,400,0,synthetic-v1,F9_default,ab28b8cf35d72adba1224d88adfbe86e39d13ce6ab49a2f4a58855b93ab6ec1e,ff4006c,0.1.0,2026-05-26T14:40:38+00:00
2021-02-17,0.020724077200352135,0.07203362102327743,0.11767901164932612,0.09423330467649316,0.15402926348212098,independent,400,0,synthetic-v1,F9_default,ab28b8cf35d72adba1224d88adfbe86e39d13ce6ab49a2f4a58855b93ab6ec1e,ff4006c,0.1.0,2026-05-26T14:40:38+00:00
2021-02-18,-0.01091362879772531,0.0709130929473952,0.11646414646929384,0.09311288901842248,0.15254114028102642,independent,400,0,synthetic-v1,F9_default,ab28b8cf35d72adba1224d88adfbe86e39d13ce6ab49a2f4a58855b93ab6ec1e,ff4006c,0.1.0,2026-05-26T14:40:38+00:00
2021-02-19,-0.011762975165965351,0.07122612490598978,0.11655458634531649,0.09307505987051437,0.152396822960805,independent,400,0,synthetic-v1,F9_default,ab28b8cf35d72adba1224d88adfbe86e39d13ce6ab49a2f4a58855b93ab6ec1e,ff4006c,0.1.0,2026-05-26T14:40:38+00:00
2021-02-22,-0.013827419791445791,0.07077164286478443,0.11530161789117695,0.09247534196381549,0.15052482053663385,independent,400,0,synthetic-v1,F9_default,ab28b8cf35d72adba1224d88adfbe86e39d13ce6ab49a2f4a58855b93ab6ec1e,ff4006c,0.1.0,2026-05-26T14:40:38+00:00
2021-02-23,0.0069413383520862855,0.07028342877263223,0.11427476880755538,0.09189469125712314,0.1489954164288404,independent,400,0,synthetic-v1,F9_default,ab28b8cf35d72adba1224d88adfbe86e39d13ce6ab49a2f4a58855b93ab6ec1e,ff4006c,0.1.0,2026-05-26T14:40:38+00:00
2021-02-24,0.005234154448963077,0.07787441490518976,0.13343744893486925,0.10394292282797538,0.1777182638487319,independent,400,0,synthetic-v1,F9_default,ab28b8cf35d72adba1224d88adfbe86e39d13ce6ab49a2f4a58855b93ab6ec1e,ff4006c,0.1.0,2026-05-26T14:40:38+00:00
2021-02-25,-0.008473832986019508,0.07737629894199577,0.1328001366665239,0.10378308838358045,0.17691813297700631,independent,400,0,synthetic-v1,F9_default,ab28b8cf35d72adba1224d88adfbe86e39d13ce6ab49a2f4a58855b93ab6ec1e,ff4006c,0.1.0,2026-05-26T14:40:38+00:00
2021-02-26,0.002335848542431887,0.07685395731699493,0.13289369019406386,0.1033304993428507,0.17762266067785923,independent,400,0,synthetic-v1,F9_default,ab28b8cf35d72adba1224d88adfbe86e39d13ce6ab49a2f4a58855b93ab6ec1e,ff4006c,0.1.0,2026-05-26T14:40:38+00:00
2021-03-01,-0.01658194879854865,0.07693023210543198,0.13337069890116454,0.1035374967647998,0.17821702323750174,independent,400,0,synthetic-v1,F9_default,ab28b8cf35d72adba1224d88adfbe86e39d13ce6ab49a2f4a58855b93ab6ec1e,ff4006c,0.1.0,2026-05-26T14:40:38+00:00
2021-03-02,-0.030209896539451702,0.07676362074263715,0.13246732166436992,0.10308898200124418,0.17693291444022335,independent,400,0,synthetic-v1,F9_default,ab28b8cf35d72adba1224d88adfbe86e39d13ce6ab49a2f4a58855b93ab6ec1e,ff4006c,0.1.0,2026-05-26T14:40:38+00:00
2021-03-03,-0.009915810341689868,0.07664457634608855,0.13217133789343177,0.1030267043673188,0.17648023329165768,independent,400,0,synthetic-v1,F9_default,ab28b8cf35d72adba1224d88adfbe86e39d13ce6ab49a2f4a58855b93ab6ec1e,ff4006c,0.1.0,2026-05-26T14:40:38+00:00
2021-03-04,-0.012122112297930409,0.0756821676744283,0.12974314997671516,0.10127163156420235,0.17289560178657865,independent,400,0,synthetic-v1,F9_default,ab28b8cf35d72adba1224d88adfbe86e39d13ce6ab49a2f4a58855b93ab6ec1e,ff4006c,0.1.0,2026-05-26T14:40:38+00:00
2021-03-05,0.004104775867967167,0.07501475854422368,0.1282475999739924,0.10023150187758825,0.17063412601643368,independent,400,0,synthetic-v1,F9_default,ab28b8cf35d72adba1224d88adfbe86e39d13ce6ab49a2f4a58855b93ab6ec1e,ff4006c,0.1.0,2026-05-26T14:40:38+00:00
2021-03-08,0.002318763009686643,0.07026079741253186,0.11670180245796985,0.09282617090078982,0.15331258734136477,independent,400,0,synthetic-v1,F9_default,ab28b8cf35d72adba1224d88adfbe86e39d13ce6ab49a2f4a58855b93ab6ec1e,ff4006c,0.1.0,2026-05-26T14:40:38+00:00
2021-03-09,0.01690691325671666,0.08120479215033655,0.13050470946734138,0.10538084762909265,0.16949046854510674,independent,400,0,synthetic-v1,F9_default,ab28b8cf35d72adba1224d88adfbe86e39d13ce6ab49a2f4a58855b93ab6ec1e,ff4006c,0.1.0,2026-05-26T14:40:38+00:00
2021-03-10,-0.0001797090613233622,0.08076893177412245,0.1293120670842812,0.10454448017577483,0.16776651770035383,independent,400,0,synthetic-v1,F9_default,ab28b8cf35d72adba1224d88adfbe86e39d13ce6ab49a2f4a58855b93ab6ec1e,ff4006c,0.1.0,2026-05-26T14:40:38+00:00
2021-03-11,0.001681286267591611,0.08043488865692484,0.1293363395122261,0.10444078145920274,0.1677531280843379,independent,400,0,synthetic-v1,F9_default,ab28b8cf35d72adba1224d88adfbe86e39d13ce6ab49a2f4a58855b93ab6ec1e,ff4006c,0.1.0,2026-05-26T14:40:38+00:00
2021-03-12,0.007397145539345941,0.08081931068023089,0.1298479586119354,0.10464792683832769,0.16839564108513622,independent,400,0,synthetic-v1,F9_default,ab28b8cf35d72adba1224d88adfbe86e39d13ce6ab49a2f4a58855b93ab6ec1e,ff4006c,0.1.0,2026-05-26T14:40:38+00:00
2021-03-15,0.031548676864320314,0.08077239630392861,0.12995615935911914,0.10486708315862629,0.16856887207115823,independent,400,0,synthetic-v1,F9_default,ab28b8cf35d72adba1224d88adfbe86e39d13ce6ab49a2f4a58855b93ab6ec1e,ff4006c,0.1.0,2026-05-26T14:40:38+00:00
2021-03-16,0.006934234888057632,0.07083849748483738,0.11860422222880201,0.09399008598141968,0.15635416907770694,independent,400,0,synthetic-v1,F9_default,ab28b8cf35d72adba1224d88adfbe86e39d13ce6ab49a2f4a58855b93ab6ec1e,ff4006c,0.1.0,2026-05-26T14:40:38+00:00
2021-03-17,-0.01934059571034191,0.07979865849623229,0.12817823588386937,0.10356098462162244,0.16619451854306422,independent,400,0,synthetic-v1,F9_default,ab28b8cf35d72adba1224d88adfbe86e39d13ce6ab49a2f4a58855b93ab6ec1e,ff4006c,0.1.0,2026-05-26T14:40:38+00:00
2021-03-18,-0.018769915697661572,0.07567020025723355,0.11758082465512737,0.09716087403681808,0.1503174192690702,independent,400,0,synthetic-v1,F9_default,ab28b8cf35d72adba1224d88adfbe86e39d13ce6ab49a2f4a58855b93ab6ec1e,ff4006c,0.1.0,2026-05-26T14:40:38+00:00
2021-03-19,0.0004877377239475651,0.07633498089432961,0.11873720074927985,0.09786422281250688,0.15176125658763698,independent,400,0,synthetic-v1,F9_default,ab28b8cf35d72adba1224d88adfbe86e39d13ce6ab49a2f4a58855b93ab6ec1e,ff4006c,0.1.0,2026-05-26T14:40:38+00:00
2021-03-22,0.015646336677903334,0.07641447508178142,0.1188859525879779,0.09798164106727093,0.15191342928853546,independent,400,0,synthetic-v1,F9_default,ab28b8cf35d72adba1224d88adfbe86e39d13ce6ab49a2f4a58855b93ab6ec1e,ff4006c,0.1.0,2026-05-26T14:40:38+00:00
2021-03-23,-0.008741045331851634,0.0763922194015362,0.11887948564934703,0.09802790416962585,0.15193339022155797,independent,400,0,synthetic-v1,F9_default,ab28b8cf35d72adba1224d88adfbe86e39d13ce6ab49a2f4a58855b93ab6ec1e,ff4006c,0.1.0,2026-05-26T14:40:38+00:00
2021-03-24,-0.02466483654272894,0.07715159554151828,0.12025608531271162,0.09920456352534486,0.1538873213723244,independent,400,0,synthetic-v1,F9_default,ab28b8cf35d72adba1224d88adfbe86e39d13ce6ab49a2f4a58855b93ab6ec1e,ff4006c,0.1.0,2026-05-26T14:40:38+00:00
2021-03-25,-0.024209477047187792,0.076430578498791,0.11919833669798179,0.09806020279026752,0.15234016913814152,independent,400,0,synthetic-v1,F9_default,ab28b8cf35d72adba1224d88adfbe86e39d13ce6ab49a2f4a58855b93ab6ec1e,ff4006c,0.1.0,2026-05-26T14:40:38+00:00
2021-03-26,0.006930095001029804,0.0765775171651452,0.11918978263583668,0.0980610600682012,0.15222153029500848,independent,400,0,synthetic-v1,F9_default,ab28b8cf35d72adba1224d88adfbe86e39d13ce6ab49a2f4a58855b93ab6ec1e,ff4006c,0.1.0,2026-05-26T14:40:38+00:00
2021-03-29,-0.015888907319468532,0.07643832720091318,0.11894497136865391,0.09795698518728119,0.15208667580945653,independent,400,0,synthetic-v1,F9_default,ab28b8cf35d72adba1224d88adfbe86e39d13ce6ab49a2f4a58855b93ab6ec1e,ff4006c,0.1.0,2026-05-26T14:40:38+00:00
2021-03-30,0.0019101307978991863,0.07644912250200372,0.11892969107577653,0.09776996075120223,0.1518729538189877,independent,400,0,synthetic-v1,F9_default,ab28b8cf35d72adba1224d88adfbe86e39d13ce6ab49a2f4a58855b93ab6ec1e,ff4006c,0.1.0,2026-05-26T14:40:38+00:00
2021-03-31,-0.027280577564011314,0.07632239943037783,0.11883415880609911,0.09799382941362561,0.15209393239877042,independent,400,0,synthetic-v1,F9_default,ab28b8cf35d72adba1224d88adfbe86e39d13ce6ab49a2f4a58855b93ab6ec1e,ff4006c,0.1.0,2026-05-26T14:40:38+00:00
2021-04-01,-0.012216481934525066,0.07641711580689405,0.11897740332583219,0.09797322608468005,0.15230243660906867,independent,400,0,synthetic-v1,F9_default,ab28b8cf35d72adba1224d88adfbe86e39d13ce6ab49a2f4a58855b93ab6ec1e,ff4006c,0.1.0,2026-05-26T14:40:38+00:00
2021-04-02,0.0047703684913227564,0.07641919965168927,0.11900576104907043,0.09807672847936351,0.15217618286081083,independent,400,0,synthetic-v1,F9_default,ab28b8cf35d72adba1224d88adfbe86e39d13ce6ab49a2f4a58855b93ab6ec1e,ff4006c,0.1.0,2026-05-26T14:40:38+00:00
2021-04-05,-0.006535875365568373,0.07659362421521544,0.11894443195046564,0.097979896435248,0.15206255900817445,independent,400,0,synthetic-v1,F9_default,ab28b8cf35d72adba1224d88adfbe86e39d13ce6ab49a2f4a58855b93ab6ec1e,ff4006c,0.1.0,2026-05-26T14:40:38+00:00
2021-04-06,-0.008546153156703793,0.07653675013286579,0.11895220674665946,0.09791686656091987,0.15225431366530046,independent,400,0,synthetic-v1,F9_default,ab28b8cf35d72adba1224d88adfbe86e39d13ce6ab49a2f4a58855b93ab6ec1e,ff4006c,0.1.0,2026-05-26T14:40:38+00:00
2021-04-07,0.013521569684052112,0.0762535957803152,0.11871682290066365,0.0980622161556592,0.15178646614683455,independent,400,0,synthetic-v1,F9_default,ab28b8cf35d72adba1224d88adfbe86e39d13ce6ab49a2f4a58855b93ab6ec1e,ff4006c,0.1.0,2026-05-26T14:40:38+00:00
2021-04-08,-0.01054145995716399,0.07642666655814678,0.11871558494237405,0.0981360239377302,0.15174540507435577,independent,400,0,synthetic-v1,F9_default,ab28b8cf35d72adba1224d88adfbe86e39d13ce6ab49a2f4a58855b93ab6ec1e,ff4006c,0.1.0,2026-05-26T14:40:38+00:00
2021-04-09,-0.010671258543023482,0.0763647558934968,0.11907220575122554,0.09811680492768256,0.15226607421959756,independent,400,0,synthetic-v1,F9_default,ab28b8cf35d72adba1224d88adfbe86e39d13ce6ab49a2f4a58855b93ab6ec1e,ff4006c,0.1.0,2026-05-26T14:40:38+00:00
2021-04-12,0.004989960272866159,0.07658016181797625,0.1191827369845436,0.09820782187628778,0.1524497444264941,independent,400,0,synthetic-v1,F9_default,ab28b8cf35d72adba1224d88adfbe86e39d13ce6ab49a2f4a58855b93ab6ec1e,ff4006c,0.1.0,2026-05-26T14:40:38+00:00
2021-04-13,0.0016019794600807705,0.07658744383637288,0.11941485687090911,0.09834992658942421,0.15271421775596117,independent,400,0,synthetic-v1,F9_default,ab28b8cf35d72adba1224d88adfbe86e39d13ce6ab49a2f4a58855b93ab6ec1e,ff4006c,0.1.0,2026-05-26T14:40:38+00:00
2021-04-14,0.005866816394823872,0.07645575260805774,0.11930821161789561,0.09826715442501974,0.15268635507327355,independent,400,0,synthetic-v1,F9_default,ab28b8cf35d72adba1224d88adfbe86e39d13ce6ab49a2f4a58855b93ab6ec1e,ff4006c,0.1.0,2026-05-26T14:40:38+00:00
2021-04-15,-0.0013975475441651175,0.07648971823596225,0.11919733757485132,0.09815949498493168,0.1524509312658693,independent,400,0,synthetic-v1,F9_default,ab28b8cf35d72adba1224d88adfbe86e39d13ce6ab49a2f4a58855b93ab6ec1e,ff4006c,0.1.0,2026-05-26T14:40:38+00:00
2021-04-16,0.005097772521728755,0.07630091681259588,0.11903535576683527,0.0979930618718948,0.1522362362447166,independent,400,0,synthetic-v1,F9_default,ab28b8cf35d72adba1224d88adfbe86e39d13ce6ab49a2f4a58855b93ab6ec1e,ff4006c,0.1.0,2026-05-26T14:40:38+00:00
2021-04-19,0.007113796527039865,0.07651562957850269,0.11914832578098733,0.0980301632626157,0.15229390831743247,independent,400,0,synthetic-v1,F9_default,ab28b8cf35d72adba1224d88adfbe86e39d13ce6ab49a2f4a58855b93ab6ec1e,ff4006c,0.1.0,2026-05-26T14:40:38+00:00
2021-04-20,-0.011078761249602281,0.07643387830485247,0.11898470827401494,0.0981676310007269,0.15224422817059333,independent,400,0,synthetic-v1,F9_default,ab28b8cf35d72adba1224d88adfbe86e39d13ce6ab49a2f4a58855b93ab6ec1e,ff4006c,0.1.0,2026-05-26T14:40:38+00:00
2021-04-21,-0.01731890067664146,0.07649264137200076,0.11890074802073836,0.09811827591397543,0.15205655864735795,independent,400,0,synthetic-v1,F9_default,ab28b8cf35d72adba1224d88adfbe86e39d13ce6ab49a2f4a58855b93ab6ec1e,ff4006c,0.1.0,2026-05-26T14:40:38+00:00
2021-04-22,-0.0025422651182793526,0.07632242550198473,0.11860536179270445,0.09771008299673827,0.15178428396445212,independent,400,0,synthetic-v1,F9_default,ab28b8cf35d72adba1224d88adfbe86e39d13ce6ab49a2f4a58855b93ab6ec1e,ff4006c,0.1.0,2026-05-26T14:40:38+00:00
2021-04-23,0.0018485301840659469,0.07630742373232786,0.11870362809339728,0.09783204266826587,0.15182737558884007,independent,400,0,synthetic-v1,F9_default,ab28b8cf35d72adba1224d88adfbe86e39d13ce6ab49a2f4a58855b93ab6ec1e,ff4006c,0.1.0,2026-05-26T14:40:38+00:00
2021-04-26,-0.004087226721237271,0.07606177663472705,0.11864557039431282,0.09781482468576991,0.15156091627770304,independent,400,0,synthetic-v1,F9_default,ab28b8cf35d72adba1224d88adfbe86e39d13ce6ab49a2f4a58855b93ab6ec1e,ff4006c,0.1.0,2026-05-26T14:40:38+00:00
2021-04-27,-0.006245176182172737,0.07628969878316087,0.11855824877198196,0.09776683298683024,0.15147366384857716,independent,400,0,synthetic-v1,F9_default,ab28b8cf35d72adba1224d88adfbe86e39d13ce6ab49a2f4a58855b93ab6ec1e,ff4006c,0.1.0,2026-05-26T14:40:38+00:00
2021-04-28,0.011437264227256203,0.07621467902523367,0.11867624664631071,0.09771688494983213,0.15170125947657226,independent,400,0,synthetic-v1,F9_default,ab28b8cf35d72adba1224d88adfbe86e39d13ce6ab49a2f4a58855b93ab6ec1e,ff4006c,0.1.0,2026-05-26T14:40:38+00:00
2021-04-29,-0.010116129479280698,0.07635009233092725,0.11894656305727674,0.09790367642348205,0.15174517039307184,independent,400,0,synthetic-v1,F9_default,ab28b8cf35d72adba1224d88adfbe86e39d13ce6ab49a2f4a58855b93ab6ec1e,ff4006c,0.1.0,2026-05-26T14:40:38+00:00
2021-04-30,-0.009433448741763035,0.07622363735130143,0.11832298211488011,0.09741280217333581,0.15120670863182,independent,400,0,synthetic-v1,F9_default,ab28b8cf35d72adba1224d88adfbe86e39d13ce6ab49a2f4a58855b93ab6ec1e,ff4006c,0.1.0,2026-05-26T14:40:38+00:00
2021-05-03,0.00199501205740626,0.0762120474884846,0.1181761269202786,0.09759128778724441,0.15113197289326874,independent,400,0,synthetic-v1,F9_default,ab28b8cf35d72adba1224d88adfbe86e39d13ce6ab49a2f4a58855b93ab6ec1e,ff4006c,0.1.0,2026-05-26T14:40:38+00:00
2021-05-04,0.026635715813792052,0.07597627849438582,0.11826921392172232,0.09743492779585582,0.15096541791212797,independent,400,0,synthetic-v1,F9_default,ab28b8cf35d72adba1224d88adfbe86e39d13ce6ab49a2f4a58855b93ab6ec1e,ff4006c,0.1.0,2026-05-26T14:40:38+00:00
2021-05-05,-0.0035314278334496697,0.0763098842500664,0.11866981413160015,0.09761977710812769,0.15134499182784025,independent,400,0,synthetic-v1,F9_default,ab28b8cf35d72adba1224d88adfbe86e39d13ce6ab49a2f4a58855b93ab6ec1e,ff4006c,0.1.0,2026-05-26T14:40:38+00:00
2021-05-06,-0.003608222283663367,0.07460495190824654,0.11619752249143005,0.09579205399691745,0.1485761921852457,independent,400,0,synthetic-v1,F9_default,ab28b8cf35d72adba1224d88adfbe86e39d13ce6ab49a2f4a58855b93ab6ec1e,ff4006c,0.1.0,2026-05-26T14:40:38+00:00
2021-05-07,-0.0011071439384268311,0.07474420937846193,0.11642159941794997,0.09563984148535522,0.14874311952709474,independent,400,0,synthetic-v1,F9_default,ab28b8cf35d72adba1224d88adfbe86e39d13ce6ab49a2f4a58855b93ab6ec1e,ff4006c,0.1.0,2026-05-26T14:40:38+00:00
2021-05-10,0.006285751534218923,0.07462688166052912,0.11609529134824931,0.0956344974622888,0.1486206159237061,independent,400,0,synthetic-v1,F9_default,ab28b8cf35d72adba1224d88adfbe86e39d13ce6ab49a2f4a58855b93ab6ec1e,ff4006c,0.1.0,2026-05-26T14:40:38+00:00
2021-05-11,-0.013296091751520866,0.0746835462173375,0.11621319304679967,0.09575135686848003,0.14870080701025018,independent,400,0,synthetic-v1,F9_default,ab28b8cf35d72adba1224d88adfbe86e39d13ce6ab49a2f4a58855b93ab6ec1e,ff4006c,0.1.0,2026-05-26T14:40:38+00:00
2021-05-12,0.013083495279224776,0.07465411682113905,0.11630489708760072,0.09558840863310947,0.14878191614716088,independent,400,0,synthetic-v1,F9_default,ab28b8cf35d72adba1224d88adfbe86e39d13ce6ab49a2f4a58855b93ab6ec1e,ff4006c,0.1.0,2026-05-26T14:40:38+00:00
2021-05-13,-0.003012251334578007,0.07460145576064323,0.11622787145201718,0.09560217612968941,0.14865444431244987,independent,400,0,synthetic-v1,F9_default,ab28b8cf35d72adba1224d88adfbe86e39d13ce6ab49a2f4a58855b93ab6ec1e,ff4006c,0.1.0,2026-05-26T14:40:38+00:00
2021-05-14,0.03226842530200844,0.07462055064455228,0.11641244671898607,0.095663079283005,0.14897135433941702,independent,400,0,synthetic-v1,F9_default,ab28b8cf35d72adba1224d88adfbe86e39d13ce6ab49a2f4a58855b93ab6ec1e,ff4006c,0.1.0,2026-05-26T14:40:38+00:00
2021-05-17,-0.013432845466712633,0.07619977527161373,0.11834161268020334,0.0974809940364339,0.1511203419425342,independent,400,0,synthetic-v1,F9_default,ab28b8cf35d72adba1224d88adfbe86e39d13ce6ab49a2f4a58855b93ab6ec1e,ff4006c,0.1.0,2026-05-26T14:40:38+00:00
2021-05-18,-0.014598935088658095,0.07393552937080762,0.11352925624700196,0.09422854421374138,0.1439724753821915,independent,400,0,synthetic-v1,F9_default,ab28b8cf35d72adba1224d88adfbe86e39d13ce6ab49a2f4a58855b93ab6ec1e,ff4006c,0.1.0,2026-05-26T14:40:38+00:00
2021-05-19,0.01115610459683741,0.0734734513259692,0.11244808756597008,0.09361808053744088,0.14246565851620846,independent,400,0,synthetic-v1,F9_default,ab28b8cf35d72adba1224d88adfbe86e39d13ce6ab49a2f4a58855b93ab6ec1e,ff4006c,0.1.0,2026-05-26T14:40:38+00:00
2021-05-20,0.002316764124666618,0.07525386241995587,0.11630616130604948,0.09632123048354976,0.1482863481663852,independent,400,0,synthetic-v1,F9_default,ab28b8cf35d72adba1224d88adfbe86e39d13ce6ab49a2f4a58855b93ab6ec1e,ff4006c,0.1.0,2026-05-26T14:40:38+00:00
2021-05-21,-0.027167668449726318,0.07552641732160613,0.11649365989145655,0.09627477248347345,0.1484398652341702,independent,400,0,synthetic-v1,F9_default,ab28b8cf35d72adba1224d88adfbe86e39d13ce6ab49a2f4a58855b93ab6ec1e,ff4006c,0.1.0,2026-05-26T14:40:38+00:00
2021-05-24,0.012994111811583277,0.07523394691324878,0.11626217512126331,0.09659184418180974,0.1480210911687701,independent,400,0,synthetic-v1,F9_default,ab28b8cf35d72adba1224d88adfbe86e39d13ce6ab49a2f4a58855b93ab6ec1e,ff4006c,0.1.0,2026-05-26T14:40:38+00:00
2021-05-25,-0.006223164987591605,0.07526058746758392,0.1162650980490037,0.09639684767742975,0.14830795373523564,independent,400,0,synthetic-v1,F9_default,ab28b8cf35d72adba1224d88adfbe86e39d13ce6ab49a2f4a58855b93ab6ec1e,ff4006c,0.1.0,2026-05-26T14:40:38+00:00
2021-05-26,-0.00503473320581289,0.0753805515568735,0.1162405778923718,0.096044633782746,0.1483202708423873,independent,400,0,synthetic-v1,F9_default,ab28b8cf35d72adba1224d88adfbe86e39d13ce6ab49a2f4a58855b93ab6ec1e,ff4006c,0.1.0,2026-05-26T14:40:38+00:00
2021-05-27,-0.012130479400704858,0.07552139113475338,0.11671432995170428,0.09652226850443876,0.1487474362867232,independent,400,0,synthetic-v1,F9_default,ab28b8cf35d72adba1224d88adfbe86e39d13ce6ab49a2f4a58855b93ab6ec1e,ff4006c,0.1.0,2026-05-26T14:40:38+00:00
2021-05-28,-0.0038281549400067164,0.07548661878227372,0.11665636219153641,0.09640438695406245,0.14897705296905184,independent,400,0,synthetic-v1,F9_default,ab28b8cf35d72adba1224d88adfbe86e39d13ce6ab49a2f4a58855b93ab6ec1e,ff4006c,0.1.0,2026-05-26T14:40:38+00:00
2021-05-31,0.019874079540694662,0.07565810910103246,0.11685537286361881,0.09653388348673346,0.14890050076891076,independent,400,0,synthetic-v1,F9_default,ab28b8cf35d72adba1224d88adfbe86e39d13ce6ab49a2f4a58855b93ab6ec1e,ff4006c,0.1.0,2026-05-26T14:40:38+00:00
2021-06-01,0.00380475415496213,0.07531900664790611,0.1168534906631528,0.09652745848254936,0.14885517617659466,independent,400,0,synthetic-v1,F9_default,ab28b8cf35d72adba1224d88adfbe86e39d13ce6ab49a2f4a58855b93ab6ec1e,ff4006c,0.1.0,2026-05-26T14:40:38+00:00
2021-06-02,0.026436715693973226,0.07576874986399408,0.11686787073274536,0.0967043580578384,0.14914353618274118,independent,400,0,synthetic-v1,F9_default,ab28b8cf35d72adba1224d88adfbe86e39d13ce6ab49a2f4a58855b93ab6ec1e,ff4006c,0.1.0,2026-05-26T14:40:38+00:00
2021-06-03,0.0021217997155606404,0.0726295360908482,0.11286149556729641,0.09307903483176533,0.1444719842267253,independent,400,0,synthetic-v1,F9_default,ab28b8cf35d72adba1224d88adfbe86e39d13ce6ab49a2f4a58855b93ab6ec1e,ff4006c,0.1.0,2026-05-26T14:40:38+00:00
2021-06-04,0.004923130347649968,0.07283551559848486,0.1135076632245933,0.09338364069131205,0.14524418359113733,independent,400,0,synthetic-v1,F9_default,ab28b8cf35d72adba1224d88adfbe86e39d13ce6ab49a2f4a58855b93ab6ec1e,ff4006c,0.1.0,2026-05-26T14:40:38+00:00
2021-06-07,-0.0008358952776916467,0.07294563710412257,0.1136191567341559,0.09328634017467169,0.14543406289872388,independent,400,0,synthetic-v1,F9_default,ab28b8cf35d72adba1224d88adfbe86e39d13ce6ab49a2f4a58855b93ab6ec1e,ff4006c,0.1.0,2026-05-26T14:40:38+00:00
2021-06-08,-0.02404665622301235,0.07449797834429696,0.1158744242175708,0.095610181449005,0.1480954588427117,independent,400,0,synthetic-v1,F9_default,ab28b8cf35d72adba1224d88adfbe86e39d13ce6ab49a2f4a58855b93ab6ec1e,ff4006c,0.1.0,2026-05-26T14:40:38+00:00
2021-06-09,0.007240432766246314,0.0750773821590919,0.1166254944910275,0.09601658661812722,0.14891038548573432,independent,400,0,synthetic-v1,F9_default,ab28b8cf35d72adba1224d88adfbe86e39d13ce6ab49a2f4a58855b93ab6ec1e,ff4006c,0.1.0,2026-05-26T14:40:38+00:00
2021-06-10,-0.008770113917333518,0.07483620414276167,0.1166055903067989,0.09587227938339057,0.14881577198250057,independent,400,0,synthetic-v1,F9_default,ab28b8cf35d72adba1224d88adfbe86e39d13ce6ab49a2f4a58855b93ab6ec1e,ff4006c,0.1.0,2026-05-26T14:40:38+00:00
2021-06-11,0.006845899918532409,0.07484457358199925,0.11641958245808276,0.09601127941393053,0.1489348270658685,independent,400,0,synthetic-v1,F9_default,ab28b8cf35d72adba1224d88adfbe86e39d13ce6ab49a2f4a58855b93ab6ec1e,ff4006c,0.1.0,2026-05-26T14:40:38+00:00
2021-06-14,-0.0007208126328081827,0.07510621340105098,0.11715431685455308,0.09632018685466753,0.14977057285275167,independent,400,0,synthetic-v1,F9_default,ab28b8cf35d72adba1224d88adfbe86e39d13ce6ab49a2f4a58855b93ab6ec1e,ff4006c,0.1.0,2026-05-26T14:40:38+00:00
2021-06-15,0.008908591976683198,0.07495033141906321,0.1170576811206612,0.09624318452315798,0.14958269878280644,independent,400,0,synthetic-v1,F9_default,ab28b8cf35d72adba1224d88adfbe86e39d13ce6ab49a2f4a58855b93ab6ec1e,ff4006c,0.1.0,2026-05-26T14:40:38+00:00
2021-06-16,0.017153103181374044,0.0751570048619044,0.11720884083116183,0.09630218463376113,0.14987855131887878,independent,400,0,synthetic-v1,F9_default,ab28b8cf35d72adba1224d88adfbe86e39d13ce6ab49a2f4a58855b93ab6ec1e,ff4006c,0.1.0,2026-05-26T14:40:38+00:00
2021-06-17,-0.013035478622979543,0.0748080559607697,0.11566414027669744,0.09570284156840789,0.14749347664788948,independent,400,0,synthetic-v1,F9_default,ab28b8cf35d72adba1224d88adfbe86e39d13ce6ab49a2f4a58855b93ab6ec1e,ff4006c,0.1.0,2026-05-26T14:40:38+00:00
2021-06-18,0.015219655431428435,0.0746448278182839,0.11567205587975196,0.0955115394399749,0.14753118900723822,independent,400,0,synthetic-v1,F9_default,ab28b8cf35d72adba1224d88adfbe86e39d13ce6ab49a2f4a58855b93ab6ec1e,ff4006c,0.1.0,2026-05-26T14:40:38+00:00
2021-06-21,0.0046739090736044875,0.0748392580467356,0.1159912755811125,0.0957323318217613,0.14793532224421294,independent,400,0,synthetic-v1,F9_default,ab28b8cf35d72adba1224d88adfbe86e39d13ce6ab49a2f4a58855b93ab6ec1e,ff4006c,0.1.0,2026-05-26T14:40:38+00:00
2021-06-22,-0.0017039800886417672,0.07286523561600511,0.11223780912062448,0.09307376524115299,0.1425615918282102,independent,400,0,synthetic-v1,F9_default,ab28b8cf35d72adba1224d88adfbe86e39d13ce6ab49a2f4a58855b93ab6ec1e,ff4006c,0.1.0,2026-05-26T14:40:38+00:00
2021-06-23,0.0018805042237177603,0.07310874997715344,0.1122377082714269,0.09300923745069549,0.14260538890691893,independent,400,0,synthetic-v1,F9_default,ab28b8cf35d72adba1224d88adfbe86e39d13ce6ab49a2f4a58855b93ab6ec1e,ff4006c,0.1.0,2026-05-26T14:40:38+00:00
2021-06-24,0.007446606190427761,0.073047659393494,0.11198062185141267,0.0929059140504392,0.14222150395415772,independent,400,0,synthetic-v1,F9_default,ab28b8cf35d72adba1224d88adfbe86e39d13ce6ab49a2f4a58855b93ab6ec1e,ff4006c,0.1.0,2026-05-26T14:40:38+00:00
2021-06-25,-0.02026690023538859,0.07274165773785504,0.11148719106592209,0.09272332461710542,0.14164404784741827,independent,400,0,synthetic-v1,F9_default,ab28b8cf35d72adba1224d88adfbe86e39d13ce6ab49a2f4a58855b93ab6ec1e,ff4006c,0.1.0,2026-05-26T14:40:38+00:00
2021-06-28,0.006011225715364956,0.07202363377181165,0.10996362562515699,0.09142999300667608,0.13905784934200227,independent,400,0,synthetic-v1,F9_default,ab28b8cf35d72adba1224d88adfbe86e39d13ce6ab49a2f4a58855b93ab6ec1e,ff4006c,0.1.0,2026-05-26T14:40:38+00:00
2021-06-29,0.009400389267104263,0.06644147117145428,0.0981039638572326,0.08339091918623472,0.12238546682598236,independent,400,0,synthetic-v1,F9_default,ab28b8cf35d72adba1224d88adfbe86e39d13ce6ab49a2f4a58855b93ab6ec1e,ff4006c,0.1.0,2026-05-26T14:40:38+00:00
2021-06-30,0.012304153547614077,0.06678078582244296,0.09894626192469738,0.08389934604802023,0.12363899097392356,independent,400,0,synthetic-v1,F9_default,ab28b8cf35d72adba1224d88adfbe86e39d13ce6ab49a2f4a58855b93ab6ec1e,ff4006c,0.1.0,2026-05-26T14:40:38+00:00
2021-07-01,-0.057933214014304825,0.06607417515846886,0.09797635884496729,0.08299085456268739,0.12238480961455489,independent,400,0,synthetic-v1,F9_default,ab28b8cf35d72adba1224d88adfbe86e39d13ce6ab49a2f4a58855b93ab6ec1e,ff4006c,0.1.0,2026-05-26T14:40:38+00:00
2021-07-02,-0.02799143452850672,0.0645085396843626,0.09420866277011604,0.08051342843522684,0.11678385106086002,independent,400,0,synthetic-v1,F9_default,ab28b8cf35d72adba1224d88adfbe86e39d13ce6ab49a2f4a58855b93ab6ec1e,ff4006c,0.1.0,2026-05-26T14:40:38+00:00
2021-07-05,-0.008610279658373587,0.06505878631738066,0.09479096983458138,0.08099531915233193,0.11750403400441976,independent,400,0,synthetic-v1,F9_default,ab28b8cf35d72adba1224d88adfbe86e39d13ce6ab49a2f4a58855b93ab6ec1e,ff4006c,0.1.0,2026-05-26T14:40:38+00:00
2021-07-06,-0.006376771807402887,0.06514957049638537,0.09523915526524705,0.08125251477676285,0.11794400964188859,independent,400,0,synthetic-v1,F9_default,ab28b8cf35d72adba1224d88adfbe86e39d13ce6ab49a2f4a58855b93ab6ec1e,ff4006c,0.1.0,2026-05-26T14:40:38+00:00
2021-07-07,0.003320764580549585,0.0648241342620077,0.09465092081060963,0.08089730037666563,0.11727842982957173,independent,400,0,synthetic-v1,F9_default,ab28b8cf35d72adba1224d88adfbe86e39d13ce6ab49a2f4a58855b93ab6ec1e,ff4006c,0.1.0,2026-05-26T14:40:38+00:00
2021-07-08,-0.008939157145592687,0.06460308494290433,0.0940106872410341,0.08041027200978346,0.1164270740637498,independent,400,0,synthetic-v1,F9_default,ab28b8cf35d72adba1224d88adfbe86e39d13ce6ab49a2f4a58855b93ab6ec1e,ff4006c,0.1.0,2026-05-26T14:40:38+00:00
2021-07-09,-0.00485827629340012,0.06441885730355384,0.0937547849038019,0.0801669850808994,0.11609175634744757,independent,400,0,synthetic-v1,F9_default,ab28b8cf35d72adba1224d88adfbe86e39d13ce6ab49a2f4a58855b93ab6ec1e,ff4006c,0.1.0,2026-05-26T14:40:38+00:00
2021-07-12,0.027951616405086213,0.06460407101980713,0.09419863383686349,0.08039090860046788,0.11667602420223798,independent,400,0,synthetic-v1,F9_default,ab28b8cf35d72adba1224d88adfbe86e39d13ce6ab49a2f4a58855b93ab6ec1e,ff4006c,0.1.0,2026-05-26T14:40:38+00:00
2021-07-13,0.012018902569607096,0.06187960449736208,0.09023012912650964,0.0768875674714748,0.1116823518576128,independent,400,0,synthetic-v1,F9_default,ab28b8cf35d72adba1224d88adfbe86e39d13ce6ab49a2f4a58855b93ab6ec1e,ff4006c,0.1.0,2026-05-26T14:40:38+00:00
2021-07-14,0.005360107929292416,0.06205892243719536,0.09014401423542712,0.07716880649247705,0.11177484963878094,independent,400,0,synthetic-v1,F9_default,ab28b8cf35d72adba1224d88adfbe86e39d13ce6ab49a2f4a58855b93ab6ec1e,ff4006c,0.1.0,2026-05-26T14:40:38+00:00
2021-07-15,-0.01069452163421617,0.062057784961497595,0.09052782554573187,0.07738272050956868,0.11229885679866619,independent,400,0,synthetic-v1,F9_default,ab28b8cf35d72adba1224d88adfbe86e39d13ce6ab49a2f4a58855b93ab6ec1e,ff4006c,0.1.0,2026-05-26T14:40:38+00:00
2021-07-16,-0.008638668076122376,0.06230896803410842,0.09083877734338555,0.07747670000843468,0.1127042714469623,independent,400,0,synthetic-v1,F9_default,ab28b8cf35d72adba1224d88adfbe86e39d13ce6ab49a2f4a58855b93ab6ec1e,ff4006c,0.1.0,2026-05-26T14:40:38+00:00
2021-07-19,-0.00018795703763491907,0.06209124299145997,0.0903941585678183,0.07727801357082018,0.11215154437195957,independent,400,0,synthetic-v1,F9_default,ab28b8cf35d72adba1224d88adfbe86e39d13ce6ab49a2f4a58855b93ab6ec1e,ff4006c,0.1.0,2026-05-26T14:40:38+00:00
2021-07-20,-0.022620531620549746,0.062087544810486645,0.09073065834765114,0.07740662970383941,0.11231272283822774,independent,400,0,synthetic-v1,F9_default,ab28b8cf35d72adba1224d88adfbe86e39d13ce6ab49a2f4a58855b93ab6ec1e,ff4006c,0.1.0,2026-05-26T14:40:38+00:00
2021-07-21,-0.028736316049541608,0.06325783577104944,0.09249072851555681,0.07870442550415255,0.11512785983215906,independent,400,0,synthetic-v1,F9_default,ab28b8cf35d72adba1224d88adfbe86e39d13ce6ab49a2f4a58855b93ab6ec1e,ff4006c,0.1.0,2026-05-26T14:40:38+00:00
2021-07-22,-0.011614427318579248,0.06647445406633255,0.09817082089293813,0.08348357209947058,0.12217211177111287,independent,400,0,synthetic-v1,F9_default,ab28b8cf35d72adba1224d88adfbe86e39d13ce6ab49a2f4a58855b93ab6ec1e,ff4006c,0.1.0,2026-05-26T14:40:38+00:00
2021-07-23,0.04089556848172825,0.06696627840221848,0.09896522938513304,0.08395925671180066,0.12322308480122028,independent,400,0,synthetic-v1,F9_default,ab28b8cf35d72adba1224d88adfbe86e39d13ce6ab49a2f4a58855b93ab6ec1e,ff4006c,0.1.0,2026-05-26T14:40:38+00:00
2021-07-26,-0.02848467854007817,0.0646447004418737,0.0947966891084514,0.08073298776302026,0.11786393309000703,independent,400,0,synthetic-v1,F9_default,ab28b8cf35d72adba1224d88adfbe86e39d13ce6ab49a2f4a58855b93ab6ec1e,ff4006c,0.1.0,2026-05-26T14:40:38+00:00
2021-07-27,0.023689985420839065,0.06657407594271617,0.09905643104469342,0.08359980323741338,0.12399247550187625,independent,400,0,synthetic-v1,F9_default,ab28b8cf35d72adba1224d88adfbe86e39d13ce6ab49a2f4a58855b93ab6ec1e,ff4006c,0.1.0,2026-05-26T14:40:38+00:00
2021-07-28,-0.005757818920071686,0.06579766116555841,0.09813213218378516,0.08241961848579261,0.12317621984316693,independent,400,0,synthetic-v1,F9_default,ab28b8cf35d72adba1224d88adfbe86e39d13ce6ab49a2f4a58855b93ab6ec1e,ff4006c,0.1.0,2026-05-26T14:40:38+00:00
2021-07-29,-0.0010021301143753913,0.06572640754675416,0.0980482265368581,0.0826636333751239,0.12285978264406862,independent,400,0,synthetic-v1,F9_default,ab28b8cf35d72adba1224d88adfbe86e39d13ce6ab49a2f4a58855b93ab6ec1e,ff4006c,0.1.0,2026-05-26T14:40:38+00:00
2021-07-30,-0.009870652670920113,0.06655585391907011,0.09966413995907639,0.08374394482112077,0.12531084099928116,independent,400,0,synthetic-v1,F9_default,ab28b8cf35d72adba1224d88adfbe86e39d13ce6ab49a2f4a58855b93ab6ec1e,ff4006c,0.1.0,2026-05-26T14:40:38+00:00
2021-08-02,0.011913675627136567,0.06727689128070906,0.10083385679952159,0.08452634239700946,0.12663465246976685,independent,400,0,synthetic-v1,F9_default,ab28b8cf35d72adba1224d88adfbe86e39d13ce6ab49a2f4a58855b93ab6ec1e,ff4006c,0.1.0,2026-05-26T14:40:38+00:00
2021-08-03,-0.02912074467767202,0.06716654110714264,0.10065638199120001,0.08439074558340144,0.12647926752347122,independent,400,0,synthetic-v1,F9_default,ab28b8cf35d72adba1224d88adfbe86e39d13ce6ab49a2f4a58855b93ab6ec1e,ff4006c,0.1.0,2026-05-26T14:40:38+00:00
2021-08-04,-0.010895986423500302,0.06497690821471223,0.09532353077693387,0.08107574611235134,0.11863381252231267,independent,400,0,synthetic-v1,F9_default,ab28b8cf35d72adba1224d88adfbe86e39d13ce6ab49a2f4a58855b93ab6ec1e,ff4006c,0.1.0,2026-05-26T14:40:38+00:00
2021-08-05,-0.008488622357578893,0.064788357988618,0.09561181278548019,0.08140804102461172,0.11908352508573086,independent,400,0,synthetic-v1,F9_default,ab28b8cf35d72adba1224d88adfbe86e39d13ce6ab49a2f4a58855b93ab6ec1e,ff4006c,0.1.0,2026-05-26T14:40:38+00:00
2021-08-06,-0.026935760388111324,0.0645054861490502,0.0941699664127637,0.080208367511967,0.1172129882986617,independent,400,0,synthetic-v1,F9_default,ab28b8cf35d72adba1224d88adfbe86e39d13ce6ab49a2f4a58855b93ab6ec1e,ff4006c,0.1.0,2026-05-26T14:40:38+00:00
2021-08-09,0.010456122972410513,0.06940248031103818,0.10527439475730449,0.08770400652475178,0.13322323755682394,independent,400,0,synthetic-v1,F9_default,ab28b8cf35d72adba1224d88adfbe86e39d13ce6ab49a2f4a58855b93ab6ec1e,ff4006c,0.1.0,2026-05-26T14:40:38+00:00
2021-08-10,0.02445786577511027,0.07006896801586711,0.1063665321984929,0.08864601524131276,0.13464966549070406,independent,400,0,synthetic-v1,F9_default,ab28b8cf35d72adba1224d88adfbe86e39d13ce6ab49a2f4a58855b93ab6ec1e,ff4006c,0.1.0,2026-05-26T14:40:38+00:00
2021-08-11,0.0033579468721565923,0.06854610915272863,0.10435290691825885,0.08678549813012364,0.1319657609669389,independent,400,0,synthetic-v1,F9_default,ab28b8cf35d72adba1224d88adfbe86e39d13ce6ab49a2f4a58855b93ab6ec1e,ff4006c,0.1.0,2026-05-26T14:40:38+00:00
2021-08-12,0.009273060762246073,0.06853565246322446,0.10382021236320568,0.08651328488528347,0.1312520296212794,independent,400,0,synthetic-v1,F9_default,ab28b8cf35d72adba1224d88adfbe86e39d13ce6ab49a2f4a58855b93ab6ec1e,ff4006c,0.1.0,2026-05-26T14:40:38+00:00
2021-08-13,-0.01308224106589304,0.06810897734119088,0.1030242383825517,0.08596406456914596,0.13003413741584752,independent,400,0,synthetic-v1,F9_default,ab28b8cf35d72adba1224d88adfbe86e39d13ce6ab49a2f4a58855b93ab6ec1e,ff4006c,0.1.0,2026-05-26T14:40:38+00:00
2021-08-16,0.008210772975865534,0.06825966774952932,0.10337597069074003,0.08620932158876364,0.1306145117785435,independent,400,0,synthetic-v1,F9_default,ab28b8cf35d72adba1224d88adfbe86e39d13ce6ab49a2f4a58855b93ab6ec1e,ff4006c,0.1.0,2026-05-26T14:40:38+00:00
2021-08-17,-0.002809333717711075,0.0681036163020391,0.10335177405628472,0.08630327136953699,0.13071402437117968,independent,400,0,synthetic-v1,F9_default,ab28b8cf35d72adba1224d88adfbe86e39d13ce6ab49a2f4a58855b93ab6ec1e,ff4006c,0.1.0,2026-05-26T14:40:38+00:00
2021-08-18,-0.008507013258576824,0.06858136745884762,0.10399141741748516,0.08685147466173247,0.13155295017725976,independent,400,0,synthetic-v1,F9_default,ab28b8cf35d72adba1224d88adfbe86e39d13ce6ab49a2f4a58855b93ab6ec1e,ff4006c,0.1.0,2026-05-26T14:40:38+00:00
2021-08-19,-0.024997863736628174,0.06743795994098516,0.10253452477736588,0.08524413516954611,0.12976486397329035,independent,400,0,synthetic-v1,F9_default,ab28b8cf35d72adba1224d88adfbe86e39d13ce6ab49a2f4a58855b93ab6ec1e,ff4006c,0.1.0,2026-05-26T14:40:38+00:00
2021-08-20,0.0016924354589016746,0.06677465734639511,0.10049116749574102,0.0840561544794511,0.1268919435119696,independent,400,0,synthetic-v1,F9_default,ab28b8cf35d72adba1224d88adfbe86e39d13ce6ab49a2f4a58855b93ab6ec1e,ff4006c,0.1.0,2026-05-26T14:40:38+00:00
2021-08-23,0.03056023196655544,0.06669999939163603,0.10054486750009702,0.08408359660211212,0.1268710419927471,independent,400,0,synthetic-v1,F9_default,ab28b8cf35d72adba1224d88adfbe86e39d13ce6ab49a2f4a58855b93ab6ec1e,ff4006c,0.1.0,2026-05-26T14:40:38+00:00
2021-08-24,0.005007910624932802,0.06867849209211996,0.10332127443682743,0.08654277388994813,0.13002904079255967,independent,400,0,synthetic-v1,F9_default,ab28b8cf35d72adba1224d88adfbe86e39d13ce6ab49a2f4a58855b93ab6ec1e,ff4006c,0.1.0,2026-05-26T14:40:38+00:00
2021-08-25,0.005448971449554197,0.06867042611257626,0.10319601771707167,0.08662909740121422,0.13003423408725878,independent,400,0,synthetic-v1,F9_default,ab28b8cf35d72adba1224d88adfbe86e39d13ce6ab49a2f4a58855b93ab6ec1e,ff4006c,0.1.0,2026-05-26T14:40:38+00:00
2021-08-26,0.015704347281945422,0.06866812303430046,0.10308909352662685,0.08661549964642713,0.12984908220185265,independent,400,0,synthetic-v1,F9_default,ab28b8cf35d72adba1224d88adfbe86e39d13ce6ab49a2f4a58855b93ab6ec1e,ff4006c,0.1.0,2026-05-26T14:40:38+00:00
2021-08-27,-0.0143829330887492,0.06897028854888715,0.10383091191424187,0.08682306000164788,0.13060660087542958,independent,400,0,synthetic-v1,F9_default,ab28b8cf35d72adba1224d88adfbe86e39d13ce6ab49a2f4a58855b93ab6ec1e,ff4006c,0.1.0,2026-05-26T14:40:38+00:00
2021-08-30,0.0028869119079170244,0.06925197068803031,0.10461402112097708,0.08762863116876426,0.13207647544353696,independent,400,0,synthetic-v1,F9_default,ab28b8cf35d72adba1224d88adfbe86e39d13ce6ab49a2f4a58855b93ab6ec1e,ff4006c,0.1.0,2026-05-26T14:40:38+00:00
2021-08-31,-0.009832061923351903,0.06931826401521132,0.10464542782730953,0.08763595624578824,0.13193791275950367,independent,400,0,synthetic-v1,F9_default,ab28b8cf35d72adba1224d88adfbe86e39d13ce6ab49a2f4a58855b93ab6ec1e,ff4006c,0.1.0,2026-05-26T14:40:38+00:00
2021-09-01,-0.008110572468611585,0.06922096474024027,0.10445658424472981,0.08744021139104392,0.13205868913982155,independent,400,0,synthetic-v1,F9_default,ab28b8cf35d72adba1224d88adfbe86e39d13ce6ab49a2f4a58855b93ab6ec1e,ff4006c,0.1.0,2026-05-26T14:40:38+00:00
2021-09-02,-0.0135917567067404,0.06913943724971916,0.10417039416854797,0.0871507243955157,0.13140365913254348,independent,400,0,synthetic-v1,F9_default,ab28b8cf35d72adba1224d88adfbe86e39d13ce6ab49a2f4a58855b93ab6ec1e,ff4006c,0.1.0,2026-05-26T14:40:38+00:00
2021-09-03,0.014986483812738313,0.06912958814508757,0.10431787821837621,0.08721366545797879,0.13143467643426443,independent,400,0,synthetic-v1,F9_default,ab28b8cf35d72adba1224d88adfbe86e39d13ce6ab49a2f4a58855b93ab6ec1e,ff4006c,0.1.0,2026-05-26T14:40:38+00:00
2021-09-06,-0.0031084632185381642,0.06912516331596472,0.10435699600091672,0.08752216258068264,0.13156989952924295,independent,400,0,synthetic-v1,F9_default,ab28b8cf35d72adba1224d88adfbe86e39d13ce6ab49a2f4a58855b93ab6ec1e,ff4006c,0.1.0,2026-05-26T14:40:38+00:00
2021-09-07,-0.029552573048125832,0.06861758551600694,0.10349396253538415,0.08660938238084892,0.13013587733295967,independent,400,0,synthetic-v1,F9_default,ab28b8cf35d72adba1224d88adfbe86e39d13ce6ab49a2f4a58855b93ab6ec1e,ff4006c,0.1.0,2026-05-26T14:40:38+00:00
2021-09-08,-0.002389359477213375,0.06891020390738632,0.10365674301788766,0.0868757963202858,0.13050826702377802,independent,400,0,synthetic-v1,F9_default,ab28b8cf35d72adba1224d88adfbe86e39d13ce6ab49a2f4a58855b93ab6ec1e,ff4006c,0.1.0,2026-05-26T14:40:38+00:00
2021-09-09,-0.0035790716031211655,0.06865561573952131,0.10288754695202051,0.0862628653980905,0.1292618004808295,independent,400,0,synthetic-v1,F9_default,ab28b8cf35d72adba1224d88adfbe86e39d13ce6ab49a2f4a58855b93ab6ec1e,ff4006c,0.1.0,2026-05-26T14:40:38+00:00
2021-09-10,-0.0014065108533264832,0.06844834498519357,0.1024242047911153,0.08604032316402392,0.12856788195743882,independent,400,0,synthetic-v1,F9_default,ab28b8cf35d72adba1224d88adfbe86e39d13ce6ab49a2f4a58855b93ab6ec1e,ff4006c,0.1.0,2026-05-26T14:40:38+00:00
2021-09-13,-0.010427668968664091,0.0675911391679541,0.10093784641351146,0.0850112626079375,0.12656891160457928,independent,400,0,synthetic-v1,F9_default,ab28b8cf35d72adba1224d88adfbe86e39d13ce6ab49a2f4a58855b93ab6ec1e,ff4006c,0.1.0,2026-05-26T14:40:38+00:00
2021-09-14,0.0023044161210400813,0.06746253769239213,0.10066409890533198,0.08488542888980428,0.12617511938572068,independent,400,0,synthetic-v1,F9_default,ab28b8cf35d72adba1224d88adfbe86e39d13ce6ab49a2f4a58855b93ab6ec1e,ff4006c,0.1.0,2026-05-26T14:40:38+00:00
2021-09-15,-0.005425644979834142,0.07003483925707904,0.10609268883782311,0.08855770008263197,0.13407887807078392,independent,400,0,synthetic-v1,F9_default,ab28b8cf35d72adba1224d88adfbe86e39d13ce6ab49a2f4a58855b93ab6ec1e,ff4006c,0.1.0,2026-05-26T14:40:38+00:00
2021-09-16,-0.002590110722242578,0.06994494283621759,0.10648487048676558,0.08878946424275555,0.13459128208157056,independent,400,0,synthetic-v1,F9_default,ab28b8cf35d72adba1224d88adfbe86e39d13ce6ab49a2f4a58855b93ab6ec1e,ff4006c,0.1.0,2026-05-26T14:40:38+00:00
2021-09-17,0.038070331114831824,0.07006111263850669,0.10614729023489655,0.0884517196160157,0.13411376388216073,independent,400,0,synthetic-v1,F9_default,ab28b8cf35d72adba1224d88adfbe86e39d13ce6ab49a2f4a58855b93ab6ec1e,ff4006c,0.1.0,2026-05-26T14:40:38+00:00
2021-09-20,0.010087729309099963,0.07310774778410825,0.11009180608229333,0.09229074949262238,0.13866969583613542,independent,400,0,synthetic-v1,F9_default,ab28b8cf35d72adba1224d88adfbe86e39d13ce6ab49a2f4a58855b93ab6ec1e,ff4006c,0.1.0,2026-05-26T14:40:38+00:00
2021-09-21,0.012239930272298574,0.07320225232253741,0.10994380556169832,0.09214260686102216,0.13839860605130028,independent,400,0,synthetic-v1,F9_default,ab28b8cf35d72adba1224d88adfbe86e39d13ce6ab49a2f4a58855b93ab6ec1e,ff4006c,0.1.0,2026-05-26T14:40:38+00:00
2021-09-22,-0.003769306558371021,0.07316735521621379,0.10987544645074311,0.09226640089715993,0.1382901125070316,independent,400,0,synthetic-v1,F9_default,ab28b8cf35d72adba1224d88adfbe86e39d13ce6ab49a2f4a58855b93ab6ec1e,ff4006c,0.1.0,2026-05-26T14:40:38+00:00
2021-09-23,-0.024633843690015995,0.07321925560944151,0.10999259778287376,0.09222504219710843,0.13863385600273997,independent,400,0,synthetic-v1,F9_default,ab28b8cf35d72adba1224d88adfbe86e39d13ce6ab49a2f4a58855b93ab6ec1e,ff4006c,0.1.0,2026-05-26T14:40:38+00:00
2021-09-24,-0.011073056653091147,0.07310996303776884,0.10998292379586168,0.09200745121876158,0.1385104619895366,independent,400,0,synthetic-v1,F9_default,ab28b8cf35d72adba1224d88adfbe86e39d13ce6ab49a2f4a58855b93ab6ec1e,ff4006c,0.1.0,2026-05-26T14:40:38+00:00
2021-09-27,0.0077184576298269456,0.0729868747264164,0.11011083591648584,0.09201928193849616,0.13869571140734624,independent,400,0,synthetic-v1,F9_default,ab28b8cf35d72adba1224d88adfbe86e39d13ce6ab49a2f4a58855b93ab6ec1e,ff4006c,0.1.0,2026-05-26T14:40:38+00:00
2021-09-28,0.015189314189589803,0.07325212241123857,0.10996208099607241,0.09205682044432015,0.13862039632910803,independent,400,0,synthetic-v1,F9_default,ab28b8cf35d72adba1224d88adfbe86e39d13ce6ab49a2f4a58855b93ab6ec1e,ff4006c,0.1.0,2026-05-26T14:40:38+00:00
2021-09-29,0.0007270646195254867,0.07331676646697098,0.11005033545700832,0.09221326871719944,0.13868152380198107,independent,400,0,synthetic-v1,F9_default,ab28b8cf35d72adba1224d88adfbe86e39d13ce6ab49a2f4a58855b93ab6ec1e,ff4006c,0.1.0,2026-05-26T14:40:38+00:00
2021-09-30,0.009937988356711034,0.07305677253878831,0.10988487696797901,0.09208428378816856,0.13861759870909293,independent,400,0,synthetic-v1,F9_default,ab28b8cf35d72adba1224d88adfbe86e39d13ce6ab49a2f4a58855b93ab6ec1e,ff4006c,0.1.0,2026-05-26T14:40:38+00:00
2021-10-01,0.020638038056908455,0.07311533393594673,0.11000160314557582,0.09233028147082008,0.138433479920308,independent,400,0,synthetic-v1,F9_default,ab28b8cf35d72adba1224d88adfbe86e39d13ce6ab49a2f4a58855b93ab6ec1e,ff4006c,0.1.0,2026-05-26T14:40:38+00:00
2021-10-04,-0.0008418301510094769,0.07030396246684636,0.10650780577105025,0.0890119062875572,0.13434521506388022,independent,400,0,synthetic-v1,F9_default,ab28b8cf35d72adba1224d88adfbe86e39d13ce6ab49a2f4a58855b93ab6ec1e,ff4006c,0.1.0,2026-05-26T14:40:38+00:00
2021-10-05,0.011702897927432378,0.07053940347749635,0.1066275707423025,0.08890323261330182,0.13444412935646935,independent,400,0,synthetic-v1,F9_default,ab28b8cf35d72adba1224d88adfbe86e39d13ce6ab49a2f4a58855b93ab6ec1e,ff4006c,0.1.0,2026-05-26T14:40:38+00:00
2021-10-06,-0.022038746476960164,0.07039954788169003,0.10647082490386651,0.08885926082615199,0.1343174195122706,independent,400,0,synthetic-v1,F9_default,ab28b8cf35d72adba1224d88adfbe86e39d13ce6ab49a2f4a58855b93ab6ec1e,ff4006c,0.1.0,2026-05-26T14:40:38+00:00
2021-10-07,-0.0008345984322331796,0.07008164630721343,0.1056998577930996,0.08853088423794161,0.13321399842968948,independent,400,0,synthetic-v1,F9_default,ab28b8cf35d72adba1224d88adfbe86e39d13ce6ab49a2f4a58855b93ab6ec1e,ff4006c,0.1.0,2026-05-26T14:40:38+00:00
2021-10-08,-0.0051410262015742815,0.06995379487674044,0.10524889242901994,0.08818161119235035,0.13288167063318068,independent,400,0,synthetic-v1,F9_default,ab28b8cf35d72adba1224d88adfbe86e39d13ce6ab49a2f4a58855b93ab6ec1e,ff4006c,0.1.0,2026-05-26T14:40:38+00:00
2021-10-11,0.006008355520605446,0.07002508390652316,0.1057999456628404,0.08845303387457161,0.13337242964059173,independent,400,0,synthetic-v1,F9_default,ab28b8cf35d72adba1224d88adfbe86e39d13ce6ab49a2f4a58855b93ab6ec1e,ff4006c,0.1.0,2026-05-26T14:40:38+00:00
2021-10-12,0.00313542826515761,0.07013973824714799,0.10555339597240934,0.08811742188478817,0.1332260175761617,independent,400,0,synthetic-v1,F9_default,ab28b8cf35d72adba1224d88adfbe86e39d13ce6ab49a2f4a58855b93ab6ec1e,ff4006c,0.1.0,2026-05-26T14:40:38+00:00
2021-10-13,-0.00024001243422075425,0.07933499933639276,0.12742200571109347,0.10266525352442002,0.16521539667932877,independent,400,0,synthetic-v1,F9_default,ab28b8cf35d72adba1224d88adfbe86e39d13ce6ab49a2f4a58855b93ab6ec1e,ff4006c,0.1.0,2026-05-26T14:40:38+00:00
2021-10-14,-0.015381329984983068,0.07688036355743226,0.12154709465348912,0.09850269603007204,0.15645951655578222,independent,400,0,synthetic-v1,F9_default,ab28b8cf35d72adba1224d88adfbe86e39d13ce6ab49a2f4a58855b93ab6ec1e,ff4006c,0.1.0,2026-05-26T14:40:38+00:00
2021-10-15,0.005765930546848964,0.07683020019623837,0.12215353223099337,0.09890695468139547,0.1575484428348029,independent,400,0,synthetic-v1,F9_default,ab28b8cf35d72adba1224d88adfbe86e39d13ce6ab49a2f4a58855b93ab6ec1e,ff4006c,0.1.0,2026-05-26T14:40:38+00:00
2021-10-18,0.01259470333662193,0.07612793070278775,0.11996695587106848,0.09781185519228852,0.1544169166946196,independent,400,0,synthetic-v1,F9_default,ab28b8cf35d72adba1224d88adfbe86e39d13ce6ab49a2f4a58855b93ab6ec1e,ff4006c,0.1.0,2026-05-26T14:40:38+00:00
2021-10-19,0.0022333031875550087,0.07608831749142268,0.11979752264529878,0.09766690894687166,0.15415261302100652,independent,400,0,synthetic-v1,F9_default,ab28b8cf35d72adba1224d88adfbe86e39d13ce6ab49a2f4a58855b93ab6ec1e,ff4006c,0.1.0,2026-05-26T14:40:38+00:00
2021-10-20,-0.0018441588248871218,0.07654811483324296,0.12103683332981865,0.09820956652699087,0.15588234025661535,independent,400,0,synthetic-v1,F9_default,ab28b8cf35d72adba1224d88adfbe86e39d13ce6ab49a2f4a58855b93ab6ec1e,ff4006c,0.1.0,2026-05-26T14:40:38+00:00
2021-10-21,-0.021803287557033507,0.07567295492231779,0.11892608796428084,0.09685896789851779,0.15288184817176959,independent,400,0,synthetic-v1,F9_default,ab28b8cf35d72adba1224d88adfbe86e39d13ce6ab49a2f4a58855b93ab6ec1e,ff4006c,0.1.0,2026-05-26T14:40:38+00:00
2021-10-22,0.020109613706768406,0.07524199245687,0.11860089414483731,0.09681226399508902,0.15257026722827416,independent,400,0,synthetic-v1,F9_default,ab28b8cf35d72adba1224d88adfbe86e39d13ce6ab49a2f4a58855b93ab6ec1e,ff4006c,0.1.0,2026-05-26T14:40:38+00:00
2021-10-25,0.02430568568230801,0.07496940063096746,0.11768666328527597,0.09610010339479144,0.15137723072373768,independent,400,0,synthetic-v1,F9_default,ab28b8cf35d72adba1224d88adfbe86e39d13ce6ab49a2f4a58855b93ab6ec1e,ff4006c,0.1.0,2026-05-26T14:40:38+00:00
2021-10-26,-0.020140923508194408,0.07488037869967075,0.11739314159423293,0.09569760322731195,0.15072630780624616,independent,400,0,synthetic-v1,F9_default,ab28b8cf35d72adba1224d88adfbe86e39d13ce6ab49a2f4a58855b93ab6ec1e,ff4006c,0.1.0,2026-05-26T14:40:38+00:00
2021-10-27,-0.010252142236535347,0.07479655798716625,0.11785752385994355,0.09600749537732209,0.1514561270701179,independent,400,0,synthetic-v1,F9_default,ab28b8cf35d72adba1224d88adfbe86e39d13ce6ab49a2f4a58855b93ab6ec1e,ff4006c,0.1.0,2026-05-26T14:40:38+00:00
2021-10-28,-0.04315095690056222,0.07512991095461054,0.11839584642675363,0.09632536155139847,0.15257236150837705,independent,400,0,synthetic-v1,F9_default,ab28b8cf35d72adba1224d88adfbe86e39d13ce6ab49a2f4a58855b93ab6ec1e,ff4006c,0.1.0,2026-05-26T14:40:38+00:00
2021-10-29,0.0030727290967660368,0.0975873808827931,0.17453901694987595,0.13233208858508141,0.23662926338594215,independent,400,0,synthetic-v1,F9_default,ab28b8cf35d72adba1224d88adfbe86e39d13ce6ab49a2f4a58855b93ab6ec1e,ff4006c,0.1.0,2026-05-26T14:40:38+00:00
2021-11-01,0.004808521816772085,0.09775813031671571,0.17441869176009417,0.13234078451956272,0.23661871821869668,independent,400,0,synthetic-v1,F9_default,ab28b8cf35d72adba1224d88adfbe86e39d13ce6ab49a2f4a58855b93ab6ec1e,ff4006c,0.1.0,2026-05-26T14:40:38+00:00
2021-11-02,-0.007360063574289695,0.09678364453199531,0.17178404010330944,0.13056405415561803,0.232439908339554,independent,400,0,synthetic-v1,F9_default,ab28b8cf35d72adba1224d88adfbe86e39d13ce6ab49a2f4a58855b93ab6ec1e,ff4006c,0.1.0,2026-05-26T14:40:38+00:00
2021-11-03,0.03342594714686318,0.09587746911668749,0.16919655550111917,0.12926949450291791,0.22852855098712027,independent,400,0,synthetic-v1,F9_default,ab28b8cf35d72adba1224d88adfbe86e39d13ce6ab49a2f4a58855b93ab6ec1e,ff4006c,0.1.0,2026-05-26T14:40:38+00:00
2021-11-04,0.014277588905022034,0.09554256967430798,0.16962525031725117,0.12905875549274531,0.22945105097927132,independent,400,0,synthetic-v1,F9_default,ab28b8cf35d72adba1224d88adfbe86e39d13ce6ab49a2f4a58855b93ab6ec1e,ff4006c,0.1.0,2026-05-26T14:40:38+00:00
2021-11-05,0.012859294561550643,0.09472508970754362,0.16730967576005273,0.1276725175170461,0.22568298286454094,independent,400,0,synthetic-v1,F9_default,ab28b8cf35d72adba1224d88adfbe86e39d13ce6ab49a2f4a58855b93ab6ec1e,ff4006c,0.1.0,2026-05-26T14:40:38+00:00
2021-11-08,0.02088091717409901,0.09510355610179283,0.16801879205974884,0.12808716573437687,0.22681596815268495,independent,400,0,synthetic-v1,F9_default,ab28b8cf35d72adba1224d88adfbe86e39d13ce6ab49a2f4a58855b93ab6ec1e,ff4006c,0.1.0,2026-05-26T14:40:38+00:00
2021-11-09,0.008305266661845471,0.09575228298739641,0.17023978422647965,0.12971191235474722,0.2302312767171893,independent,400,0,synthetic-v1,F9_default,ab28b8cf35d72adba1224d88adfbe86e39d13ce6ab49a2f4a58855b93ab6ec1e,ff4006c,0.1.0,2026-05-26T14:40:38+00:00
2021-11-10,0.007548168523836287,0.09619950177479099,0.17074078948558474,0.13001264990569145,0.23110706829522393,independent,400,0,synthetic-v1,F9_default,ab28b8cf35d72adba1224d88adfbe86e39d13ce6ab49a2f4a58855b93ab6ec1e,ff4006c,0.1.0,2026-05-26T14:40:38+00:00
2021-11-11,-0.008565445022190253,0.095450188299977,0.16911542019279113,0.12880411028051592,0.22847839471373216,independent,400,0,synthetic-v1,F9_default,ab28b8cf35d72adba1224d88adfbe86e39d13ce6ab49a2f4a58855b93ab6ec1e,ff4006c,0.1.0,2026-05-26T14:40:38+00:00
2021-11-12,-0.01595140759852985,0.09626352830926892,0.17079619812014893,0.12975575639477982,0.2309543221042688,independent,400,0,synthetic-v1,F9_default,ab28b8cf35d72adba1224d88adfbe86e39d13ce6ab49a2f4a58855b93ab6ec1e,ff4006c,0.1.0,2026-05-26T14:40:38+00:00
2021-11-15,-0.004507364953946074,0.09713981910270901,0.173784397281763,0.13155050015574962,0.23579441075616564,independent,400,0,synthetic-v1,F9_default,ab28b8cf35d72adba1224d88adfbe86e39d13ce6ab49a2f4a58855b93ab6ec1e,ff4006c,0.1.0,2026-05-26T14:40:38+00:00
2021-11-16,-0.00025873853058609215,0.0976094074586013,0.1753555145094235,0.13250760858609748,0.2379974651328303,independent,400,0,synthetic-v1,F9_default,ab28b8cf35d72adba1224d88adfbe86e39d13ce6ab49a2f4a58855b93ab6ec1e,ff4006c,0.1.0,2026-05-26T14:40:38+00:00
2021-11-17,0.006830602523819461,0.095877660743359,0.1701915919734458,0.12945372825663903,0.23007103295703507,independent,400,0,synthetic-v1,F9_default,ab28b8cf35d72adba1224d88adfbe86e39d13ce6ab49a2f4a58855b93ab6ec1e,ff4006c,0.1.0,2026-05-26T14:40:38+00:00
2021-11-18,-0.003402619675138513,0.09596430887890253,0.16955848557441733,0.12907413270524268,0.2289385687750049,independent,400,0,synthetic-v1,F9_default,ab28b8cf35d72adba1224d88adfbe86e39d13ce6ab49a2f4a58855b93ab6ec1e,ff4006c,0.1.0,2026-05-26T14:40:38+00:00
2021-11-19,0.008328119610859422,0.09569810177213123,0.16907380931098662,0.12881185362282666,0.22859691843658736,independent,400,0,synthetic-v1,F9_default,ab28b8cf35d72adba1224d88adfbe86e39d13ce6ab49a2f4a58855b93ab6ec1e,ff4006c,0.1.0,2026-05-26T14:40:38+00:00
2021-11-22,-0.005056523197347426,0.09624497850605104,0.17081895968216745,0.12979554118317477,0.23121985030115114,independent,400,0,synthetic-v1,F9_default,ab28b8cf35d72adba1224d88adfbe86e39d13ce6ab49a2f4a58855b93ab6ec1e,ff4006c,0.1.0,2026-05-26T14:40:38+00:00
2021-11-23,0.018807977007429068,0.09604563689588838,0.17083444445358492,0.12975017010018808,0.23108943251718542,independent,400,0,synthetic-v1,F9_default,ab28b8cf35d72adba1224d88adfbe86e39d13ce6ab49a2f4a58855b93ab6ec1e,ff4006c,0.1.0,2026-05-26T14:40:38+00:00
2021-11-24,-0.0047575914551580365,0.09798161874357834,0.1766240300034782,0.13311850704440167,0.24010539087131272,independent,400,0,synthetic-v1,F9_default,ab28b8cf35d72adba1224d88adfbe86e39d13ce6ab49a2f4a58855b93ab6ec1e,ff4006c,0.1.0,2026-05-26T14:40:38+00:00
2021-11-25,-0.044650400169824606,0.07768417437154439,0.12556012340243114,0.10095287674691,0.16339215676330235,independent,400,0,synthetic-v1,F9_default,ab28b8cf35d72adba1224d88adfbe86e39d13ce6ab49a2f4a58855b93ab6ec1e,ff4006c,0.1.0,2026-05-26T14:40:38+00:00
2021-11-26,0.0032214578825016174,0.07723113175972593,0.12418369877669276,0.09997779911116919,0.16123238911464655,independent,400,0,synthetic-v1,F9_default,ab28b8cf35d72adba1224d88adfbe86e39d13ce6ab49a2f4a58855b93ab6ec1e,ff4006c,0.1.0,2026-05-26T14:40:38+00:00
2021-11-29,-0.00011573368428914848,0.07723771087608132,0.12390276306789298,0.09980980687099085,0.16096877913450755,independent,400,0,synthetic-v1,F9_default,ab28b8cf35d72adba1224d88adfbe86e39d13ce6ab49a2f4a58855b93ab6ec1e,ff4006c,0.1.0,2026-05-26T14:40:38+00:00
2021-11-30,4.4880526491513815e-05,0.07661800406624188,0.123202348730556,0.09921280289886371,0.15981152438361224,independent,400,0,synthetic-v1,F9_default,ab28b8cf35d72adba1224d88adfbe86e39d13ce6ab49a2f4a58855b93ab6ec1e,ff4006c,0.1.0,2026-05-26T14:40:38+00:00
2021-12-01,-0.008618734510185572,0.07718866302772384,0.12429088563384066,0.09991321775891987,0.1613946098818248,independent,400,0,synthetic-v1,F9_default,ab28b8cf35d72adba1224d88adfbe86e39d13ce6ab49a2f4a58855b93ab6ec1e,ff4006c,0.1.0,2026-05-26T14:40:38+00:00
2021-12-02,-0.0045418970220307345,0.07724445656239563,0.1244518266883071,0.09995767636390455,0.16157504502264075,independent,400,0,synthetic-v1,F9_default,ab28b8cf35d72adba1224d88adfbe86e39d13ce6ab49a2f4a58855b93ab6ec1e,ff4006c,0.1.0,2026-05-26T14:40:38+00:00
2021-12-03,-0.005437122753563742,0.07705778776958679,0.12424861627132379,0.10008534867451509,0.1613708109669289,independent,400,0,synthetic-v1,F9_default,ab28b8cf35d72adba1224d88adfbe86e39d13ce6ab49a2f4a58855b93ab6ec1e,ff4006c,0.1.0,2026-05-26T14:40:38+00:00
2021-12-06,-0.016407271965054843,0.07742557895282638,0.12490765818781656,0.1004632692100899,0.1623727762076274,independent,400,0,synthetic-v1,F9_default,ab28b8cf35d72adba1224d88adfbe86e39d13ce6ab49a2f4a58855b93ab6ec1e,ff4006c,0.1.0,2026-05-26T14:40:38+00:00
2021-12-07,-0.01571626498622418,0.07904064801204118,0.1286376049656383,0.10266169209309647,0.16785798017625736,independent,400,0,synthetic-v1,F9_default,ab28b8cf35d72adba1224d88adfbe86e39d13ce6ab49a2f4a58855b93ab6ec1e,ff4006c,0.1.0,2026-05-26T14:40:38+00:00
2021-12-08,-0.01849519084396175,0.07880621041629804,0.12839208615208203,0.10280371699370834,0.16742648634555124,independent,400,0,synthetic-v1,F9_default,ab28b8cf35d72adba1224d88adfbe86e39d13ce6ab49a2f4a58855b93ab6ec1e,ff4006c,0.1.0,2026-05-26T14:40:38+00:00
2021-12-09,-0.022010968081948464,0.07890128309800662,0.1282076157835846,0.10256884194243543,0.16717216779042254,independent,400,0,synthetic-v1,F9_default,ab28b8cf35d72adba1224d88adfbe86e39d13ce6ab49a2f4a58855b93ab6ec1e,ff4006c,0.1.0,2026-05-26T14:40:38+00:00
2021-12-10,0.014024197990017449,0.07885882698664014,0.12775681142471712,0.10228225349817985,0.16646806709675982,independent,400,0,synthetic-v1,F9_default,ab28b8cf35d72adba1224d88adfbe86e39d13ce6ab49a2f4a58855b93ab6ec1e,ff4006c,0.1.0,2026-05-26T14:40:38+00:00
2021-12-13,0.04140665087132387,0.08044629600901745,0.13191161379074579,0.1050440493057797,0.17287373594440436,independent,400,0,synthetic-v1,F9_default,ab28b8cf35d72adba1224d88adfbe86e39d13ce6ab49a2f4a58855b93ab6ec1e,ff4006c,0.1.0,2026-05-26T14:40:38+00:00
2021-12-14,-0.0002938801837128577,0.0843590625711024,0.13698368618686213,0.10959967402866873,0.17860631539342256,independent,400,0,synthetic-v1,F9_default,ab28b8cf35d72adba1224d88adfbe86e39d13ce6ab49a2f4a58855b93ab6ec1e,ff4006c,0.1.0,2026-05-26T14:40:38+00:00
2021-12-15,-0.0027132086864162666,0.08447177835782722,0.1374357834480821,0.1097015971629022,0.1792690098968266,independent,400,0,synthetic-v1,F9_default,ab28b8cf35d72adba1224d88adfbe86e39d13ce6ab49a2f4a58855b93ab6ec1e,ff4006c,0.1.0,2026-05-26T14:40:38+00:00
2021-12-16,0.014690614933986641,0.08428038491828369,0.13726248412975126,0.10975572540213213,0.1789479081086925,independent,400,0,synthetic-v1,F9_default,ab28b8cf35d72adba1224d88adfbe86e39d13ce6ab49a2f4a58855b93ab6ec1e,ff4006c,0.1.0,2026-05-26T14:40:38+00:00
2021-12-17,0.017930822215609075,0.09391408333809415,0.16445982989885422,0.1257530207133132,0.22146233195919363,independent,400,0,synthetic-v1,F9_default,ab28b8cf35d72adba1224d88adfbe86e39d13ce6ab49a2f4a58855b93ab6ec1e,ff4006c,0.1.0,2026-05-26T14:40:38+00:00
2021-12-20,0.0028181490877684295,0.09381137401508982,0.16403927701417007,0.12565295407121724,0.22079144489041858,independent,400,0,synthetic-v1,F9_default,ab28b8cf35d72adba1224d88adfbe86e39d13ce6ab49a2f4a58855b93ab6ec1e,ff4006c,0.1.0,2026-05-26T14:40:38+00:00
2021-12-21,0.00032630249798592224,0.09371874884206538,0.16369657722642428,0.12541674088097,0.2202999097138656,independent,400,0,synthetic-v1,F9_default,ab28b8cf35d72adba1224d88adfbe86e39d13ce6ab49a2f4a58855b93ab6ec1e,ff4006c,0.1.0,2026-05-26T14:40:38+00:00
2021-12-22,0.013891913042350849,0.09302796033618854,0.16307333650234673,0.12461733923603398,0.21994045569461532,independent,400,0,synthetic-v1,F9_default,ab28b8cf35d72adba1224d88adfbe86e39d13ce6ab49a2f4a58855b93ab6ec1e,ff4006c,0.1.0,2026-05-26T14:40:38+00:00
2021-12-23,-0.010489749272844665,0.08605018488403957,0.14485860016912866,0.11359617076804814,0.19200386301622882,independent,400,0,synthetic-v1,F9_default,ab28b8cf35d72adba1224d88adfbe86e39d13ce6ab49a2f4a58855b93ab6ec1e,ff4006c,0.1.0,2026-05-26T14:40:38+00:00
2021-12-24,0.023005542665857363,0.08688157155687261,0.14714491231792742,0.11479731314838114,0.1954550940735311,independent,400,0,synthetic-v1,F9_default,ab28b8cf35d72adba1224d88adfbe86e39d13ce6ab49a2f4a58855b93ab6ec1e,ff4006c,0.1.0,2026-05-26T14:40:38+00:00
2021-12-27,-0.008462308761581326,0.08427802864360562,0.1410969247702895,0.11089632251790973,0.1862737336295601,independent,400,0,synthetic-v1,F9_default,ab28b8cf35d72adba1224d88adfbe86e39d13ce6ab49a2f4a58855b93ab6ec1e,ff4006c,0.1.0,2026-05-26T14:40:38+00:00
2021-12-28,0.007836840093247689,0.08975196495390858,0.1564437363196359,0.12019508851908574,0.21019793588027563,independent,400,0,synthetic-v1,F9_default,ab28b8cf35d72adba1224d88adfbe86e39d13ce6ab49a2f4a58855b93ab6ec1e,ff4006c,0.1.0,2026-05-26T14:40:38+00:00
2021-12-29,-0.06984487502435886,0.08979291637545571,0.15699410717525325,0.12010897799863819,0.21113526164794155,independent,400,0,synthetic-v1,F9_default,ab28b8cf35d72adba1224d88adfbe86e39d13ce6ab49a2f4a58855b93ab6ec1e,ff4006c,0.1.0,2026-05-26T14:40:38+00:00
2021-12-30,-0.022983691862730467,0.0833453701011016,0.13942490486260017,0.10970936526986788,0.18416531067174863,independent,400,0,synthetic-v1,F9_default,ab28b8cf35d72adba1224d88adfbe86e39d13ce6ab49a2f4a58855b93ab6ec1e,ff4006c,0.1.0,2026-05-26T14:40:38+00:00
2021-12-31,-0.03326260645512887,0.08344146935332852,0.13907132880989842,0.1092864608304791,0.18366384539777045,independent,400,0,synthetic-v1,F9_default,ab28b8cf35d72adba1224d88adfbe86e39d13ce6ab49a2f4a58855b93ab6ec1e,ff4006c,0.1.0,2026-05-26T14:40:38+00:00
2022-01-03,0.005465047956589122,0.08417623207448158,0.1417666336722661,0.11078229104070848,0.1877513083895424,independent,400,0,synthetic-v1,F9_default,ab28b8cf35d72adba1224d88adfbe86e39d13ce6ab49a2f4a58855b93ab6ec1e,ff4006c,0.1.0,2026-05-26T14:40:38+00:00
2022-01-04,-0.0025157585090045402,0.08443963715432534,0.14197150681833065,0.11129313099569588,0.1881846219082779,independent,400,0,synthetic-v1,F9_default,ab28b8cf35d72adba1224d88adfbe86e39d13ce6ab49a2f4a58855b93ab6ec1e,ff4006c,0.1.0,2026-05-26T14:40:38+00:00
2022-01-05,0.012053610652005737,0.08274358032297804,0.13934455746962027,0.10951525225761963,0.18420273634066248,independent,400,0,synthetic-v1,F9_default,ab28b8cf35d72adba1224d88adfbe86e39d13ce6ab49a2f4a58855b93ab6ec1e,ff4006c,0.1.0,2026-05-26T14:40:38+00:00
2022-01-06,-0.0023695122207437343,0.08778629884596428,0.15215609762597082,0.11723654403321032,0.20408873423780974,independent,400,0,synthetic-v1,F9_default,ab28b8cf35d72adba1224d88adfbe86e39d13ce6ab49a2f4a58855b93ab6ec1e,ff4006c,0.1.0,2026-05-26T14:40:38+00:00
2022-01-07,-0.0025394796508532626,0.08779524585763794,0.15239145785014407,0.11711855704862274,0.20452776520984356,independent,400,0,synthetic-v1,F9_default,ab28b8cf35d72adba1224d88adfbe86e39d13ce6ab49a2f4a58855b93ab6ec1e,ff4006c,0.1.0,2026-05-26T14:40:38+00:00
2022-01-10,0.03932561473344265,0.08774280560916804,0.15269634360412312,0.11757807242940249,0.2051098189256431,independent,400,0,synthetic-v1,F9_default,ab28b8cf35d72adba1224d88adfbe86e39d13ce6ab49a2f4a58855b93ab6ec1e,ff4006c,0.1.0,2026-05-26T14:40:38+00:00
2022-01-11,0.029297165582514932,0.09071266810971416,0.15577134302874274,0.120344239244342,0.2080811172170442,independent,400,0,synthetic-v1,F9_default,ab28b8cf35d72adba1224d88adfbe86e39d13ce6ab49a2f4a58855b93ab6ec1e,ff4006c,0.1.0,2026-05-26T14:40:38+00:00
2022-01-12,-0.003186726735631109,0.08965284293897455,0.15046398427873456,0.11812951239516992,0.19867553158346812,independent,400,0,synthetic-v1,F9_default,ab28b8cf35d72adba1224d88adfbe86e39d13ce6ab49a2f4a58855b93ab6ec1e,ff4006c,0.1.0,2026-05-26T14:40:38+00:00
2022-01-13,0.0029566174501853425,0.0900075496541297,0.15017885304900347,0.11795013935208314,0.19842012853811253,independent,400,0,synthetic-v1,F9_default,ab28b8cf35d72adba1224d88adfbe86e39d13ce6ab49a2f4a58855b93ab6ec1e,ff4006c,0.1.0,2026-05-26T14:40:38+00:00
2022-01-14,0.021506187014613348,0.08990875677323512,0.15051478123558076,0.11853375986512943,0.19917685560650975,independent,400,0,synthetic-v1,F9_default,ab28b8cf35d72adba1224d88adfbe86e39d13ce6ab49a2f4a58855b93ab6ec1e,ff4006c,0.1.0,2026-05-26T14:40:38+00:00
2022-01-17,0.0015950367734570143,0.09006468055481094,0.15079820756040124,0.11841761401908,0.199349882360692,independent,400,0,synthetic-v1,F9_default,ab28b8cf35d72adba1224d88adfbe86e39d13ce6ab49a2f4a58855b93ab6ec1e,ff4006c,0.1.0,2026-05-26T14:40:38+00:00
2022-01-18,-0.036579390902101085,0.08998569784806747,0.15001198329932655,0.11794053987399457,0.19817402177248017,independent,400,0,synthetic-v1,F9_default,ab28b8cf35d72adba1224d88adfbe86e39d13ce6ab49a2f4a58855b93ab6ec1e,ff4006c,0.1.0,2026-05-26T14:40:38+00:00
2022-01-19,-0.004118753549233925,0.08968594966809619,0.15017236842626608,0.11796061981163171,0.19845173699080632,independent,400,0,synthetic-v1,F9_default,ab28b8cf35d72adba1224d88adfbe86e39d13ce6ab49a2f4a58855b93ab6ec1e,ff4006c,0.1.0,2026-05-26T14:40:38+00:00
2022-01-20,-0.033234493719219084,0.08983617254541258,0.14987885257972472,0.11798613614672239,0.19804656014542127,independent,400,0,synthetic-v1,F9_default,ab28b8cf35d72adba1224d88adfbe86e39d13ce6ab49a2f4a58855b93ab6ec1e,ff4006c,0.1.0,2026-05-26T14:40:38+00:00
2022-01-21,-0.011058547856542146,0.08958408350947585,0.14952301771410148,0.11773514051180925,0.19734199837037175,independent,400,0,synthetic-v1,F9_default,ab28b8cf35d72adba1224d88adfbe86e39d13ce6ab49a2f4a58855b93ab6ec1e,ff4006c,0.1.0,2026-05-26T14:40:38+00:00
2022-01-24,-0.01007738010073908,0.08965229854125967,0.14996926085899753,0.11795115360157095,0.1982810510684959,independent,400,0,synthetic-v1,F9_default,ab28b8cf35d72adba1224d88adfbe86e39d13ce6ab49a2f4a58855b93ab6ec1e,ff4006c,0.1.0,2026-05-26T14:40:38+00:00
2022-01-25,-0.01715841481966363,0.08886508216302698,0.1492997036028969,0.1169505720643232,0.19765445589304048,independent,400,0,synthetic-v1,F9_default,ab28b8cf35d72adba1224d88adfbe86e39d13ce6ab49a2f4a58855b93ab6ec1e,ff4006c,0.1.0,2026-05-26T14:40:38+00:00
2022-01-26,0.014305427140413666,0.08869665821541284,0.14826562125139592,0.11654557230345162,0.19588056322459774,independent,400,0,synthetic-v1,F9_default,ab28b8cf35d72adba1224d88adfbe86e39d13ce6ab49a2f4a58855b93ab6ec1e,ff4006c,0.1.0,2026-05-26T14:40:38+00:00
2022-01-27,-0.005654669347975766,0.08881660217739401,0.14898132673244052,0.11679302688666512,0.19707087019414676,independent,400,0,synthetic-v1,F9_default,ab28b8cf35d72adba1224d88adfbe86e39d13ce6ab49a2f4a58855b93ab6ec1e,ff4006c,0.1.0,2026-05-26T14:40:38+00:00
2022-01-28,0.0004047953075888256,0.08920738234153595,0.14959150589041345,0.11732541658207625,0.1978263932612513,independent,400,0,synthetic-v1,F9_default,ab28b8cf35d72adba1224d88adfbe86e39d13ce6ab49a2f4a58855b93ab6ec1e,ff4006c,0.1.0,2026-05-26T14:40:38+00:00
2022-01-31,-0.010905622141069476,0.08874233049370601,0.14923079144700957,0.11747957444863563,0.19754117167723112,independent,400,0,synthetic-v1,F9_default,ab28b8cf35d72adba1224d88adfbe86e39d13ce6ab49a2f4a58855b93ab6ec1e,ff4006c,0.1.0,2026-05-26T14:40:38+00:00
2022-02-01,-0.012462923306356932,0.08869858018159593,0.14908398875418763,0.11689873090428145,0.19725011486262178,independent,400,0,synthetic-v1,F9_default,ab28b8cf35d72adba1224d88adfbe86e39d13ce6ab49a2f4a58855b93ab6ec1e,ff4006c,0.1.0,2026-05-26T14:40:38+00:00
2022-02-02,-0.004033272655759533,0.07964093808946339,0.12666787094485316,0.10263022105598918,0.16396919729355247,independent,400,0,synthetic-v1,F9_default,ab28b8cf35d72adba1224d88adfbe86e39d13ce6ab49a2f4a58855b93ab6ec1e,ff4006c,0.1.0,2026-05-26T14:40:38+00:00
2022-02-03,-0.0031959708015559416,0.08036294761819641,0.12950367966664744,0.10423925261825136,0.16809480136727367,independent,400,0,synthetic-v1,F9_default,ab28b8cf35d72adba1224d88adfbe86e39d13ce6ab49a2f4a58855b93ab6ec1e,ff4006c,0.1.0,2026-05-26T14:40:38+00:00
2022-02-04,-0.002817783478238249,0.08080448475595094,0.13057199146311282,0.10450798799151138,0.16995180946910776,independent,400,0,synthetic-v1,F9_default,ab28b8cf35d72adba1224d88adfbe86e39d13ce6ab49a2f4a58855b93ab6ec1e,ff4006c,0.1.0,2026-05-26T14:40:38+00:00
2022-02-07,-0.02314069432523523,0.08081488210526028,0.13096780733474164,0.10490836420986199,0.17060494527157177,independent,400,0,synthetic-v1,F9_default,ab28b8cf35d72adba1224d88adfbe86e39d13ce6ab49a2f4a58855b93ab6ec1e,ff4006c,0.1.0,2026-05-26T14:40:38+00:00
2022-02-08,0.01753430493845943,0.08083822355571707,0.1307059992941351,0.10472389497625924,0.17028972281694255,independent,400,0,synthetic-v1,F9_default,ab28b8cf35d72adba1224d88adfbe86e39d13ce6ab49a2f4a58855b93ab6ec1e,ff4006c,0.1.0,2026-05-26T14:40:38+00:00
2022-02-09,0.00877343904324063,0.0808902976705591,0.13070566249924,0.10487194112532029,0.17030760553981006,independent,400,0,synthetic-v1,F9_default,ab28b8cf35d72adba1224d88adfbe86e39d13ce6ab49a2f4a58855b93ab6ec1e,ff4006c,0.1.0,2026-05-26T14:40:38+00:00
2022-02-10,-0.021730742024355716,0.08085218092165028,0.130715285641746,0.10471515319602226,0.17025736512005518,independent,400,0,synthetic-v1,F9_default,ab28b8cf35d72adba1224d88adfbe86e39d13ce6ab49a2f4a58855b93ab6ec1e,ff4006c,0.1.0,2026-05-26T14:40:38+00:00
2022-02-11,-0.011565554681070275,0.08096348413398645,0.13055843988462876,0.10449743877339053,0.16991707892467905,independent,400,0,synthetic-v1,F9_default,ab28b8cf35d72adba1224d88adfbe86e39d13ce6ab49a2f4a58855b93ab6ec1e,ff4006c,0.1.0,2026-05-26T14:40:38+00:00
2022-02-14,0.026313102774742532,0.08096065658045518,0.13096290931838558,0.10485898012904979,0.17056053306597502,independent,400,0,synthetic-v1,F9_default,ab28b8cf35d72adba1224d88adfbe86e39d13ce6ab49a2f4a58855b93ab6ec1e,ff4006c,0.1.0,2026-05-26T14:40:38+00:00
2022-02-15,-0.012740771594816493,0.07956363887240538,0.12954178783930004,0.10365657968205648,0.16913909659554924,independent,400,0,synthetic-v1,F9_default,ab28b8cf35d72adba1224d88adfbe86e39d13ce6ab49a2f4a58855b93ab6ec1e,ff4006c,0.1.0,2026-05-26T14:40:38+00:00
2022-02-16,0.004282214287396019,0.0797699168205836,0.12954255863962327,0.10346717025888381,0.16911073891368222,independent,400,0,synthetic-v1,F9_default,ab28b8cf35d72adba1224d88adfbe86e39d13ce6ab49a2f4a58855b93ab6ec1e,ff4006c,0.1.0,2026-05-26T14:40:38+00:00
2022-02-17,0.1006932464537929,0.07971277097934669,0.1296500766224095,0.10333930862358902,0.1692253586030737,independent,400,0,synthetic-v1,F9_default,ab28b8cf35d72adba1224d88adfbe86e39d13ce6ab49a2f4a58855b93ab6ec1e,ff4006c,0.1.0,2026-05-26T14:40:38+00:00
2022-02-18,0.0217327298131316,0.10690226728762892,0.17660985065409027,0.1401304197503608,0.23182469682100743,independent,400,0,synthetic-v1,F9_default,ab28b8cf35d72adba1224d88adfbe86e39d13ce6ab49a2f4a58855b93ab6ec1e,ff4006c,0.1.0,2026-05-26T14:40:38+00:00
2022-02-21,0.01233882006620078,0.10754430514482992,0.1771821774433334,0.14048282667785253,0.23313706281615054,independent,400,0,synthetic-v1,F9_default,ab28b8cf35d72adba1224d88adfbe86e39d13ce6ab49a2f4a58855b93ab6ec1e,ff4006c,0.1.0,2026-05-26T14:40:38+00:00
2022-02-22,-0.01623798432235695,0.10818177662610455,0.17846879800683074,0.14117613453446873,0.23447657680712122,independent,400,0,synthetic-v1,F9_default,ab28b8cf35d72adba1224d88adfbe86e39d13ce6ab49a2f4a58855b93ab6ec1e,ff4006c,0.1.0,2026-05-26T14:40:38+00:00
2022-02-23,0.013523242950126978,0.10827323594426727,0.1784269078763509,0.1410686481006166,0.23454901070425627,independent,400,0,synthetic-v1,F9_default,ab28b8cf35d72adba1224d88adfbe86e39d13ce6ab49a2f4a58855b93ab6ec1e,ff4006c,0.1.0,2026-05-26T14:40:38+00:00
2022-02-24,0.004406538554989681,0.10863692832192667,0.17891077270083092,0.14170863082727955,0.23534047537363062,independent,400,0,synthetic-v1,F9_default,ab28b8cf35d72adba1224d88adfbe86e39d13ce6ab49a2f4a58855b93ab6ec1e,ff4006c,0.1.0,2026-05-26T14:40:38+00:00
2022-02-25,0.005234210206649405,0.10815652754924177,0.17852774784196984,0.14153145653554933,0.2345675995225031,independent,400,0,synthetic-v1,F9_default,ab28b8cf35d72adba1224d88adfbe86e39d13ce6ab49a2f4a58855b93ab6ec1e,ff4006c,0.1.0,2026-05-26T14:40:38+00:00
2022-02-28,0.012189115662509702,0.10815226560399917,0.17875964907732106,0.14156843694825028,0.2349931244559446,independent,400,0,synthetic-v1,F9_default,ab28b8cf35d72adba1224d88adfbe86e39d13ce6ab49a2f4a58855b93ab6ec1e,ff4006c,0.1.0,2026-05-26T14:40:38+00:00
2022-03-01,-0.0024341669137998346,0.10884019098121403,0.1805809379139065,0.14260091340984252,0.23816739165872378,independent,400,0,synthetic-v1,F9_default,ab28b8cf35d72adba1224d88adfbe86e39d13ce6ab49a2f4a58855b93ab6ec1e,ff4006c,0.1.0,2026-05-26T14:40:38+00:00
2022-03-02,0.002777186394567051,0.10859941861963111,0.18011269902964824,0.142498005950752,0.2370361244539585,independent,400,0,synthetic-v1,F9_default,ab28b8cf35d72adba1224d88adfbe86e39d13ce6ab49a2f4a58855b93ab6ec1e,ff4006c,0.1.0,2026-05-26T14:40:38+00:00
2022-03-03,-0.011527941033818137,0.10906878683038514,0.1805650777125037,0.14249322098270722,0.23784220391062327,independent,400,0,synthetic-v1,F9_default,ab28b8cf35d72adba1224d88adfbe86e39d13ce6ab49a2f4a58855b93ab6ec1e,ff4006c,0.1.0,2026-05-26T14:40:38+00:00
2022-03-04,-0.00018002705043168807,0.10878948397357989,0.18046288642393987,0.14259106156465584,0.2378778159016624,independent,400,0,synthetic-v1,F9_default,ab28b8cf35d72adba1224d88adfbe86e39d13ce6ab49a2f4a58855b93ab6ec1e,ff4006c,0.1.0,2026-05-26T14:40:38+00:00
2022-03-07,-0.00015248411075139797,0.1086395849814137,0.17923580680583917,0.14183350502356035,0.23569961153125848,independent,400,0,synthetic-v1,F9_default,ab28b8cf35d72adba1224d88adfbe86e39d13ce6ab49a2f4a58855b93ab6ec1e,ff4006c,0.1.0,2026-05-26T14:40:38+00:00
2022-03-08,0.0016355674200753964,0.10855850503810381,0.1802326948164995,0.1421983902703743,0.2372644662507723,independent,400,0,synthetic-v1,F9_default,ab28b8cf35d72adba1224d88adfbe86e39d13ce6ab49a2f4a58855b93ab6ec1e,ff4006c,0.1.0,2026-05-26T14:40:38+00:00
2022-03-09,-0.004489485993829834,0.10836012799262355,0.17998014645092852,0.14259998292426174,0.23690097208789435,independent,400,0,synthetic-v1,F9_default,ab28b8cf35d72adba1224d88adfbe86e39d13ce6ab49a2f4a58855b93ab6ec1e,ff4006c,0.1.0,2026-05-26T14:40:38+00:00
2022-03-10,0.010788721749197858,0.10861074264877987,0.17991956700598793,0.141923572475476,0.23700910352074817,independent,400,0,synthetic-v1,F9_default,ab28b8cf35d72adba1224d88adfbe86e39d13ce6ab49a2f4a58855b93ab6ec1e,ff4006c,0.1.0,2026-05-26T14:40:38+00:00
2022-03-11,-0.012788202372964418,0.10735545042308133,0.1766771251321814,0.13994760347150534,0.2315151793214335,independent,400,0,synthetic-v1,F9_default,ab28b8cf35d72adba1224d88adfbe86e39d13ce6ab49a2f4a58855b93ab6ec1e,ff4006c,0.1.0,2026-05-26T14:40:38+00:00
2022-03-14,-0.0038449370576995787,0.10715591089636198,0.17685003715185554,0.14009904585529825,0.23202355001930502,independent,400,0,synthetic-v1,F9_default,ab28b8cf35d72adba1224d88adfbe86e39d13ce6ab49a2f4a58855b93ab6ec1e,ff4006c,0.1.0,2026-05-26T14:40:38+00:00
2022-03-15,-0.03362191625809882,0.10420769516577186,0.17120245982188512,0.13588007277981579,0.2245246338376788,independent,400,0,synthetic-v1,F9_default,ab28b8cf35d72adba1224d88adfbe86e39d13ce6ab49a2f4a58855b93ab6ec1e,ff4006c,0.1.0,2026-05-26T14:40:38+00:00
2022-03-16,-0.0015065103222017763,0.11720804175050147,0.2089099369306892,0.1573961092525875,0.28354524782064794,independent,400,0,synthetic-v1,F9_default,ab28b8cf35d72adba1224d88adfbe86e39d13ce6ab49a2f4a58855b93ab6ec1e,ff4006c,0.1.0,2026-05-26T14:40:38+00:00
2022-03-17,-0.003292383720319001,0.11763108619059551,0.20890076733043078,0.15775567363120102,0.28337333815290605,independent,400,0,synthetic-v1,F9_default,ab28b8cf35d72adba1224d88adfbe86e39d13ce6ab49a2f4a58855b93ab6ec1e,ff4006c,0.1.0,2026-05-26T14:40:38+00:00
2022-03-18,-0.019867398470169925,0.1160572767415371,0.20528857152623115,0.15526408466359362,0.2778145821767413,independent,400,0,synthetic-v1,F9_default,ab28b8cf35d72adba1224d88adfbe86e39d13ce6ab49a2f4a58855b93ab6ec1e,ff4006c,0.1.0,2026-05-26T14:40:38+00:00
2022-03-21,0.007643242444600632,0.11593925615608881,0.20477551652124387,0.15524770303062102,0.27700534820507466,independent,400,0,synthetic-v1,F9_default,ab28b8cf35d72adba1224d88adfbe86e39d13ce6ab49a2f4a58855b93ab6ec1e,ff4006c,0.1.0,2026-05-26T14:40:38+00:00
2022-03-22,-0.01762859194171898,0.10033961477508611,0.16322147449871924,0.13057336091072586,0.21311336335485356,independent,400,0,synthetic-v1,F9_default,ab28b8cf35d72adba1224d88adfbe86e39d13ce6ab49a2f4a58855b93ab6ec1e,ff4006c,0.1.0,2026-05-26T14:40:38+00:00
2022-03-23,0.002438760067098215,0.1004135361697924,0.1635830694616857,0.1305005171917969,0.2138235389130616,independent,400,0,synthetic-v1,F9_default,ab28b8cf35d72adba1224d88adfbe86e39d13ce6ab49a2f4a58855b93ab6ec1e,ff4006c,0.1.0,2026-05-26T14:40:38+00:00
2022-03-24,-0.005641553501756555,0.10059803289802574,0.16426606698570223,0.13053656487259924,0.21462989241058328,independent,400,0,synthetic-v1,F9_default,ab28b8cf35d72adba1224d88adfbe86e39d13ce6ab49a2f4a58855b93ab6ec1e,ff4006c,0.1.0,2026-05-26T14:40:38+00:00
2022-03-25,-0.026573131774279064,0.1008976434940537,0.1644259093196398,0.13109683917875184,0.21515790213397473,independent,400,0,synthetic-v1,F9_default,ab28b8cf35d72adba1224d88adfbe86e39d13ce6ab49a2f4a58855b93ab6ec1e,ff4006c,0.1.0,2026-05-26T14:40:38+00:00
2022-03-28,-0.0023777616544827926,0.10618307390315398,0.1798020781516958,0.1402099541728964,0.2391223525565885,independent,400,0,synthetic-v1,F9_default,ab28b8cf35d72adba1224d88adfbe86e39d13ce6ab49a2f4a58855b93ab6ec1e,ff4006c,0.1.0,2026-05-26T14:40:38+00:00
2022-03-29,0.005663502738730027,0.10611099448241922,0.1788421890731957,0.13964733494009432,0.23749719767703287,independent,400,0,synthetic-v1,F9_default,ab28b8cf35d72adba1224d88adfbe86e39d13ce6ab49a2f4a58855b93ab6ec1e,ff4006c,0.1.0,2026-05-26T14:40:38+00:00
2022-03-30,-0.00645239809661025,0.10613935917442471,0.17973851018234607,0.13984735998121814,0.23875007696702844,independent,400,0,synthetic-v1,F9_default,ab28b8cf35d72adba1224d88adfbe86e39d13ce6ab49a2f4a58855b93ab6ec1e,ff4006c,0.1.0,2026-05-26T14:40:38+00:00
2022-03-31,0.0019328555832526218,0.10634633492698836,0.17985784699776047,0.1403715447660612,0.2389507485953989,independent,400,0,synthetic-v1,F9_default,ab28b8cf35d72adba1224d88adfbe86e39d13ce6ab49a2f4a58855b93ab6ec1e,ff4006c,0.1.0,2026-05-26T14:40:38+00:00
2022-04-01,-0.007075094447648682,0.10591609302002412,0.1799023231521144,0.1402900730136337,0.23910695602858145,independent,400,0,synthetic-v1,F9_default,ab28b8cf35d72adba1224d88adfbe86e39d13ce6ab49a2f4a58855b93ab6ec1e,ff4006c,0.1.0,2026-05-26T14:40:38+00:00
2022-04-04,0.021128174865422223,0.10583006803874935,0.17969026028656881,0.13987834565511217,0.2388779989617827,independent,400,0,synthetic-v1,F9_default,ab28b8cf35d72adba1224d88adfbe86e39d13ce6ab49a2f4a58855b93ab6ec1e,ff4006c,0.1.0,2026-05-26T14:40:38+00:00
2022-04-05,-0.00385072729732075,0.10325420781472643,0.17007229070152924,0.13460606194346791,0.22351477427327227,independent,400,0,synthetic-v1,F9_default,ab28b8cf35d72adba1224d88adfbe86e39d13ce6ab49a2f4a58855b93ab6ec1e,ff4006c,0.1.0,2026-05-26T14:40:38+00:00
2022-04-06,0.008367955316641052,0.09860782155139661,0.1585578690476389,0.1278218168412556,0.20604554578083228,independent,400,0,synthetic-v1,F9_default,ab28b8cf35d72adba1224d88adfbe86e39d13ce6ab49a2f4a58855b93ab6ec1e,ff4006c,0.1.0,2026-05-26T14:40:38+00:00
2022-04-07,0.010186834146815975,0.09864221694746679,0.15905049782032382,0.12788983035991874,0.20651824156451098,independent,400,0,synthetic-v1,F9_default,ab28b8cf35d72adba1224d88adfbe86e39d13ce6ab49a2f4a58855b93ab6ec1e,ff4006c,0.1.0,2026-05-26T14:40:38+00:00
2022-04-08,0.003426519576755352,0.09962745467684336,0.15936360727815466,0.12835861413631897,0.20639127765745174,independent,400,0,synthetic-v1,F9_default,ab28b8cf35d72adba1224d88adfbe86e39d13ce6ab49a2f4a58855b93ab6ec1e,ff4006c,0.1.0,2026-05-26T14:40:38+00:00
2022-04-11,-0.004973911653902402,0.09964047156110131,0.15937311086364156,0.12848705471280455,0.20662243208289577,independent,400,0,synthetic-v1,F9_default,ab28b8cf35d72adba1224d88adfbe86e39d13ce6ab49a2f4a58855b93ab6ec1e,ff4006c,0.1.0,2026-05-26T14:40:38+00:00
2022-04-12,-0.02727535790949668,0.0995305748447884,0.1594338348936987,0.12860965957442982,0.20658062452440096,independent,400,0,synthetic-v1,F9_default,ab28b8cf35d72adba1224d88adfbe86e39d13ce6ab49a2f4a58855b93ab6ec1e,ff4006c,0.1.0,2026-05-26T14:40:38+00:00
2022-04-13,0.022745749431053435,0.09994969485464754,0.1596932715542571,0.12887311171908042,0.20682413207402944,independent,400,0,synthetic-v1,F9_default,ab28b8cf35d72adba1224d88adfbe86e39d13ce6ab49a2f4a58855b93ab6ec1e,ff4006c,0.1.0,2026-05-26T14:40:38+00:00
2022-04-14,0.002249793842733262,0.0998847301512061,0.16006742496094595,0.1293113116580078,0.20735818400775471,independent,400,0,synthetic-v1,F9_default,ab28b8cf35d72adba1224d88adfbe86e39d13ce6ab49a2f4a58855b93ab6ec1e,ff4006c,0.1.0,2026-05-26T14:40:38+00:00
2022-04-15,-0.011353848340951343,0.10038268450296979,0.16055337296515299,0.12959632674663235,0.20783821009266998,independent,400,0,synthetic-v1,F9_default,ab28b8cf35d72adba1224d88adfbe86e39d13ce6ab49a2f4a58855b93ab6ec1e,ff4006c,0.1.0,2026-05-26T14:40:38+00:00
2022-04-18,-0.009923006262301687,0.09997475196587884,0.15966053656069024,0.12900233452048845,0.20701454458503235,independent,400,0,synthetic-v1,F9_default,ab28b8cf35d72adba1224d88adfbe86e39d13ce6ab49a2f4a58855b93ab6ec1e,ff4006c,0.1.0,2026-05-26T14:40:38+00:00
2022-04-19,0.012028433563581024,0.10002055218115727,0.15993273501139532,0.12940522275057734,0.20743945439513972,independent,400,0,synthetic-v1,F9_default,ab28b8cf35d72adba1224d88adfbe86e39d13ce6ab49a2f4a58855b93ab6ec1e,ff4006c,0.1.0,2026-05-26T14:40:38+00:00
2022-04-20,-0.018269901666860724,0.09915697985938307,0.15902693694198738,0.128625717413189,0.20603181083689553,independent,400,0,synthetic-v1,F9_default,ab28b8cf35d72adba1224d88adfbe86e39d13ce6ab49a2f4a58855b93ab6ec1e,ff4006c,0.1.0,2026-05-26T14:40:38+00:00
2022-04-21,0.010671129381101215,0.0984279395625728,0.1572028525239699,0.12734424062834632,0.20332660388118226,independent,400,0,synthetic-v1,F9_default,ab28b8cf35d72adba1224d88adfbe86e39d13ce6ab49a2f4a58855b93ab6ec1e,ff4006c,0.1.0,2026-05-26T14:40:38+00:00
2022-04-22,0.012657530972887686,0.09866883504195759,0.1575496096425469,0.12723737949822775,0.2040386334495939,independent,400,0,synthetic-v1,F9_default,ab28b8cf35d72adba1224d88adfbe86e39d13ce6ab49a2f4a58855b93ab6ec1e,ff4006c,0.1.0,2026-05-26T14:40:38+00:00
2022-04-25,0.0027857963076315983,0.09766710977133601,0.15600340795664686,0.12587680883075367,0.20232778971658805,independent,400,0,synthetic-v1,F9_default,ab28b8cf35d72adba1224d88adfbe86e39d13ce6ab49a2f4a58855b93ab6ec1e,ff4006c,0.1.0,2026-05-26T14:40:38+00:00
2022-04-26,-0.007221261613269109,0.09770791429850527,0.15606229205620634,0.12615489886750292,0.2021943844544479,independent,400,0,synthetic-v1,F9_default,ab28b8cf35d72adba1224d88adfbe86e39d13ce6ab49a2f4a58855b93ab6ec1e,ff4006c,0.1.0,2026-05-26T14:40:38+00:00
2022-04-27,0.002998772631516014,0.0978368732505747,0.1563298774180637,0.12626065840116457,0.20260386180288162,independent,400,0,synthetic-v1,F9_default,ab28b8cf35d72adba1224d88adfbe86e39d13ce6ab49a2f4a58855b93ab6ec1e,ff4006c,0.1.0,2026-05-26T14:40:38+00:00
2022-04-28,-0.007741890682074742,0.09759600333189905,0.1562118052692508,0.12626131254435252,0.20249153600729286,independent,400,0,synthetic-v1,F9_default,ab28b8cf35d72adba1224d88adfbe86e39d13ce6ab49a2f4a58855b93ab6ec1e,ff4006c,0.1.0,2026-05-26T14:40:38+00:00
2022-04-29,-0.01838788265075075,0.09778715738471182,0.15639129050796063,0.12637181619992138,0.2026036089536492,independent,400,0,synthetic-v1,F9_default,ab28b8cf35d72adba1224d88adfbe86e39d13ce6ab49a2f4a58855b93ab6ec1e,ff4006c,0.1.0,2026-05-26T14:40:38+00:00
2022-05-02,-0.020281215669290746,0.09799987171753219,0.1563488227182723,0.12630369075122014,0.20282449856484025,independent,400,0,synthetic-v1,F9_default,ab28b8cf35d72adba1224d88adfbe86e39d13ce6ab49a2f4a58855b93ab6ec1e,ff4006c,0.1.0,2026-05-26T14:40:38+00:00
2022-05-03,0.018968304485041235,0.0978980606119721,0.15668897055980305,0.1264959620742022,0.20285481608738742,independent,400,0,synthetic-v1,F9_default,ab28b8cf35d72adba1224d88adfbe86e39d13ce6ab49a2f4a58855b93ab6ec1e,ff4006c,0.1.0,2026-05-26T14:40:38+00:00
2022-05-04,-0.03409320278937454,0.09823768295394592,0.15745955778201084,0.1270451967829606,0.2041499203624117,independent,400,0,synthetic-v1,F9_default,ab28b8cf35d72adba1224d88adfbe86e39d13ce6ab49a2f4a58855b93ab6ec1e,ff4006c,0.1.0,2026-05-26T14:40:38+00:00
2022-05-05,0.0193608734101254,0.09780506002536853,0.15664656064997262,0.12644596127581498,0.2030409875403974,independent,400,0,synthetic-v1,F9_default,ab28b8cf35d72adba1224d88adfbe86e39d13ce6ab49a2f4a58855b93ab6ec1e,ff4006c,0.1.0,2026-05-26T14:40:38+00:00
2022-05-06,0.010004676982236949,0.09866518915337007,0.15729678962348537,0.12752152789529,0.2037677666890588,independent,400,0,synthetic-v1,F9_default,ab28b8cf35d72adba1224d88adfbe86e39d13ce6ab49a2f4a58855b93ab6ec1e,ff4006c,0.1.0,2026-05-26T14:40:38+00:00
2022-05-09,0.008348637073262938,0.09402116199090774,0.14682029204276478,0.12039288406005691,0.18801152129040458,independent,400,0,synthetic-v1,F9_default,ab28b8cf35d72adba1224d88adfbe86e39d13ce6ab49a2f4a58855b93ab6ec1e,ff4006c,0.1.0,2026-05-26T14:40:38+00:00
2022-05-10,-0.016479060362504065,0.09118597886693448,0.1419950645045061,0.11621929383255908,0.181780671351502,independent,400,0,synthetic-v1,F9_default,ab28b8cf35d72adba1224d88adfbe86e39d13ce6ab49a2f4a58855b93ab6ec1e,ff4006c,0.1.0,2026-05-26T14:40:38+00:00
2022-05-11,-0.005810376631995167,0.09145166533085755,0.14311565184069053,0.1172270083558694,0.18309636687940617,independent,400,0,synthetic-v1,F9_default,ab28b8cf35d72adba1224d88adfbe86e39d13ce6ab49a2f4a58855b93ab6ec1e,ff4006c,0.1.0,2026-05-26T14:40:38+00:00
2022-05-12,-0.010070186493693935,0.09086547633526885,0.14214183272776698,0.11641285929478902,0.18227500377670675,independent,400,0,synthetic-v1,F9_default,ab28b8cf35d72adba1224d88adfbe86e39d13ce6ab49a2f4a58855b93ab6ec1e,ff4006c,0.1.0,2026-05-26T14:40:38+00:00
2022-05-13,0.0009726187263252417,0.09102552686759788,0.14209919867271897,0.11657532728344906,0.18187241422106917,independent,400,0,synthetic-v1,F9_default,ab28b8cf35d72adba1224d88adfbe86e39d13ce6ab49a2f4a58855b93ab6ec1e,ff4006c,0.1.0,2026-05-26T14:40:38+00:00
2022-05-16,-0.002805447537265317,0.09129544388649456,0.14270247430328453,0.11709742243913926,0.18293209427756074,independent,400,0,synthetic-v1,F9_default,ab28b8cf35d72adba1224d88adfbe86e39d13ce6ab49a2f4a58855b93ab6ec1e,ff4006c,0.1.0,2026-05-26T14:40:38+00:00
2022-05-17,-0.009309771775312467,0.09136137775136971,0.14337490195327207,0.11743164617813145,0.18396900667048005,independent,400,0,synthetic-v1,F9_default,ab28b8cf35d72adba1224d88adfbe86e39d13ce6ab49a2f4a58855b93ab6ec1e,ff4006c,0.1.0,2026-05-26T14:40:38+00:00
2022-05-18,-0.0046297336693220574,0.09168525173747975,0.14406123041893815,0.11713465683244614,0.1851326750350673,independent,400,0,synthetic-v1,F9_default,ab28b8cf35d72adba1224d88adfbe86e39d13ce6ab49a2f4a58855b93ab6ec1e,ff4006c,0.1.0,2026-05-26T14:40:38+00:00
2022-05-19,0.03762928635820258,0.09209868649349826,0.1440098378573258,0.1178702841965011,0.18530254627102577,independent,400,0,synthetic-v1,F9_default,ab28b8cf35d72adba1224d88adfbe86e39d13ce6ab49a2f4a58855b93ab6ec1e,ff4006c,0.1.0,2026-05-26T14:40:38+00:00
2022-05-20,0.019010308107666758,0.09683542172363868,0.1517011728247562,0.1244815522883159,0.1946508053863249,independent,400,0,synthetic-v1,F9_default,ab28b8cf35d72adba1224d88adfbe86e39d13ce6ab49a2f4a58855b93ab6ec1e,ff4006c,0.1.0,2026-05-26T14:40:38+00:00
2022-05-23,0.0012315687158090105,0.0969615984251584,0.1518344279140462,0.12399607555177994,0.19497661489764578,independent,400,0,synthetic-v1,F9_default,ab28b8cf35d72adba1224d88adfbe86e39d13ce6ab49a2f4a58855b93ab6ec1e,ff4006c,0.1.0,2026-05-26T14:40:38+00:00
2022-05-24,-0.0005359161553581013,0.09665779417037929,0.1516945649838572,0.12426987874061869,0.1948267405944229,independent,400,0,synthetic-v1,F9_default,ab28b8cf35d72adba1224d88adfbe86e39d13ce6ab49a2f4a58855b93ab6ec1e,ff4006c,0.1.0,2026-05-26T14:40:38+00:00
2022-05-25,0.0020348309573078524,0.09527190815567213,0.14923397920137538,0.12239581652205807,0.19104244048071642,independent,400,0,synthetic-v1,F9_default,ab28b8cf35d72adba1224d88adfbe86e39d13ce6ab49a2f4a58855b93ab6ec1e,ff4006c,0.1.0,2026-05-26T14:40:38+00:00
2022-05-26,-0.003636586209575607,0.09533873149046637,0.14892163132764386,0.1220486246889048,0.19078945058062297,independent,400,0,synthetic-v1,F9_default,ab28b8cf35d72adba1224d88adfbe86e39d13ce6ab49a2f4a58855b93ab6ec1e,ff4006c,0.1.0,2026-05-26T14:40:38+00:00
2022-05-27,0.0001642516406149708,0.0955108989164484,0.1487720404454965,0.12225251765660437,0.19092044900713295,independent,400,0,synthetic-v1,F9_default,ab28b8cf35d72adba1224d88adfbe86e39d13ce6ab49a2f4a58855b93ab6ec1e,ff4006c,0.1.0,2026-05-26T14:40:38+00:00
2022-05-30,0.011945844854820278,0.09587985707992205,0.1498055578065985,0.12261206101274938,0.19189181932287452,independent,400,0,synthetic-v1,F9_default,ab28b8cf35d72adba1224d88adfbe86e39d13ce6ab49a2f4a58855b93ab6ec1e,ff4006c,0.1.0,2026-05-26T14:40:38+00:00
2022-05-31,-0.020483819889188654,0.09546928883439317,0.1494582651768746,0.12269659452368023,0.19167463564183107,independent,400,0,synthetic-v1,F9_default,ab28b8cf35d72adba1224d88adfbe86e39d13ce6ab49a2f4a58855b93ab6ec1e,ff4006c,0.1.0,2026-05-26T14:40:38+00:00
2022-06-01,0.0005550350273129399,0.09594799249796848,0.1504673680373712,0.12317738106346472,0.19323415751455114,independent,400,0,synthetic-v1,F9_default,ab28b8cf35d72adba1224d88adfbe86e39d13ce6ab49a2f4a58855b93ab6ec1e,ff4006c,0.1.0,2026-05-26T14:40:38+00:00
2022-06-02,0.008148004097651223,0.09585637562858103,0.1503388507085187,0.12317658222264063,0.19308936262158544,independent,400,0,synthetic-v1,F9_default,ab28b8cf35d72adba1224d88adfbe86e39d13ce6ab49a2f4a58855b93ab6ec1e,ff4006c,0.1.0,2026-05-26T14:40:38+00:00
2022-06-03,0.023708903224647748,0.09576969119882527,0.15025654077277428,0.1227421554263041,0.19286418105379988,independent,400,0,synthetic-v1,F9_default,ab28b8cf35d72adba1224d88adfbe86e39d13ce6ab49a2f4a58855b93ab6ec1e,ff4006c,0.1.0,2026-05-26T14:40:38+00:00
2022-06-06,-0.010081918687369828,0.09584707789798569,0.1504455717894651,0.12305850244856091,0.19317444395501748,independent,400,0,synthetic-v1,F9_default,ab28b8cf35d72adba1224d88adfbe86e39d13ce6ab49a2f4a58855b93ab6ec1e,ff4006c,0.1.0,2026-05-26T14:40:38+00:00
2022-06-07,-0.009407253467730331,0.09593510690148013,0.15035550156564867,0.1229994576575042,0.1930399916157851,independent,400,0,synthetic-v1,F9_default,ab28b8cf35d72adba1224d88adfbe86e39d13ce6ab49a2f4a58855b93ab6ec1e,ff4006c,0.1.0,2026-05-26T14:40:38+00:00
2022-06-08,0.0014971537063211361,0.09617544141737121,0.15079299029087304,0.12342179734208443,0.1936816479176448,independent,400,0,synthetic-v1,F9_default,ab28b8cf35d72adba1224d88adfbe86e39d13ce6ab49a2f4a58855b93ab6ec1e,ff4006c,0.1.0,2026-05-26T14:40:38+00:00
2022-06-09,-0.031339884145047424,0.09608899391521993,0.15077307817648755,0.12332360777613412,0.19363358410219117,independent,400,0,synthetic-v1,F9_default,ab28b8cf35d72adba1224d88adfbe86e39d13ce6ab49a2f4a58855b93ab6ec1e,ff4006c,0.1.0,2026-05-26T14:40:38+00:00
2022-06-10,0.013448520437181208,0.0957977761832619,0.15001200360127268,0.12301984748240269,0.1927095404135165,independent,400,0,synthetic-v1,F9_default,ab28b8cf35d72adba1224d88adfbe86e39d13ce6ab49a2f4a58855b93ab6ec1e,ff4006c,0.1.0,2026-05-26T14:40:38+00:00
2022-06-13,0.001152906622244903,0.09601171994424677,0.15041340720235402,0.12291580952383963,0.1927569461737731,independent,400,0,synthetic-v1,F9_default,ab28b8cf35d72adba1224d88adfbe86e39d13ce6ab49a2f4a58855b93ab6ec1e,ff4006c,0.1.0,2026-05-26T14:40:38+00:00
2022-06-14,0.018310958903216636,0.09561906689101762,0.1501123781809,0.12289326861020254,0.19250920495890245,independent,400,0,synthetic-v1,F9_default,ab28b8cf35d72adba1224d88adfbe86e39d13ce6ab49a2f4a58855b93ab6ec1e,ff4006c,0.1.0,2026-05-26T14:40:38+00:00
2022-06-15,0.0067461001878663706,0.0957494978705168,0.15004653896515274,0.12269729108304908,0.1925321068807237,independent,400,0,synthetic-v1,F9_default,ab28b8cf35d72adba1224d88adfbe86e39d13ce6ab49a2f4a58855b93ab6ec1e,ff4006c,0.1.0,2026-05-26T14:40:38+00:00
2022-06-16,0.0016956233607547896,0.09592832074342708,0.15032317776778378,0.12299341255636972,0.193073362795537,independent,400,0,synthetic-v1,F9_default,ab28b8cf35d72adba1224d88adfbe86e39d13ce6ab49a2f4a58855b93ab6ec1e,ff4006c,0.1.0,2026-05-26T14:40:38+00:00
2022-06-17,0.021353666062524715,0.095874042860877,0.15039705009750431,0.122939408029417,0.19289154784426993,independent,400,0,synthetic-v1,F9_default,ab28b8cf35d72adba1224d88adfbe86e39d13ce6ab49a2f4a58855b93ab6ec1e,ff4006c,0.1.0,2026-05-26T14:40:38+00:00
2022-06-20,-0.04160834274033206,0.0957586445062654,0.15028595697122937,0.1228363161158798,0.19301390353158498,independent,400,0,synthetic-v1,F9_default,ab28b8cf35d72adba1224d88adfbe86e39d13ce6ab49a2f4a58855b93ab6ec1e,ff4006c,0.1.0,2026-05-26T14:40:38+00:00
2022-06-21,0.030266802721258052,0.09594349210290763,0.1501692152026965,0.12306072846391548,0.1930676283140718,independent,400,0,synthetic-v1,F9_default,ab28b8cf35d72adba1224d88adfbe86e39d13ce6ab49a2f4a58855b93ab6ec1e,ff4006c,0.1.0,2026-05-26T14:40:38+00:00
2022-06-22,0.015600331604333531,0.09852595585104904,0.15478850880518752,0.1267133599447783,0.1986717071890692,independent,400,0,synthetic-v1,F9_default,ab28b8cf35d72adba1224d88adfbe86e39d13ce6ab49a2f4a58855b93ab6ec1e,ff4006c,0.1.0,2026-05-26T14:40:38+00:00
2022-06-23,0.005901189507523776,0.09855342538460975,0.15446929872639384,0.1264108057289972,0.19816632959232655,independent,400,0,synthetic-v1,F9_default,ab28b8cf35d72adba1224d88adfbe86e39d13ce6ab49a2f4a58855b93ab6ec1e,ff4006c,0.1.0,2026-05-26T14:40:38+00:00
2022-06-24,-0.006538072067869018,0.09847935482937324,0.15446670321290584,0.12634022860674987,0.19832265740497235,independent,400,0,synthetic-v1,F9_default,ab28b8cf35d72adba1224d88adfbe86e39d13ce6ab49a2f4a58855b93ab6ec1e,ff4006c,0.1.0,2026-05-26T14:40:38+00:00
2022-06-27,-0.0024962859419635367,0.0983269111221879,0.1544849912024577,0.12667383857980205,0.19805984983125338,independent,400,0,synthetic-v1,F9_default,ab28b8cf35d72adba1224d88adfbe86e39d13ce6ab49a2f4a58855b93ab6ec1e,ff4006c,0.1.0,2026-05-26T14:40:38+00:00
2022-06-28,-0.0005073958784060806,0.09855743138166898,0.15452031896257817,0.1264958291645989,0.1984878276418537,independent,400,0,synthetic-v1,F9_default,ab28b8cf35d72adba1224d88adfbe86e39d13ce6ab49a2f4a58855b93ab6ec1e,ff4006c,0.1.0,2026-05-26T14:40:38+00:00
2022-06-29,-0.00026605734357488706,0.09833623604580807,0.15441175739122323,0.12647217960395063,0.1982333975260462,independent,400,0,synthetic-v1,F9_default,ab28b8cf35d72adba1224d88adfbe86e39d13ce6ab49a2f4a58855b93ab6ec1e,ff4006c,0.1.0,2026-05-26T14:40:38+00:00
2022-06-30,-0.03206680647922542,0.10193225971798499,0.16262422456707715,0.1318289234568787,0.21027037316892433,independent,400,0,synthetic-v1,F9_default,ab28b8cf35d72adba1224d88adfbe86e39d13ce6ab49a2f4a58855b93ab6ec1e,ff4006c,0.1.0,2026-05-26T14:40:38+00:00
2022-07-01,-0.012000978098653574,0.10198241994032577,0.16248329918008464,0.13189938471064355,0.210517509660364,independent,400,0,synthetic-v1,F9_default,ab28b8cf35d72adba1224d88adfbe86e39d13ce6ab49a2f4a58855b93ab6ec1e,ff4006c,0.1.0,2026-05-26T14:40:38+00:00
2022-07-04,0.004905180904836003,0.10203920110094593,0.16226841905181097,0.1314949809021413,0.20989701957707718,independent,400,0,synthetic-v1,F9_default,ab28b8cf35d72adba1224d88adfbe86e39d13ce6ab49a2f4a58855b93ab6ec1e,ff4006c,0.1.0,2026-05-26T14:40:38+00:00
2022-07-05,0.00015509981033989652,0.10193288435246045,0.1627240526621322,0.13126649741316973,0.21064816515197302,independent,400,0,synthetic-v1,F9_default,ab28b8cf35d72adba1224d88adfbe86e39d13ce6ab49a2f4a58855b93ab6ec1e,ff4006c,0.1.0,2026-05-26T14:40:38+00:00
2022-07-06,-0.025332877024179554,0.10200855063730879,0.16223011283963656,0.1315812018649416,0.2097411970730816,independent,400,0,synthetic-v1,F9_default,ab28b8cf35d72adba1224d88adfbe86e39d13ce6ab49a2f4a58855b93ab6ec1e,ff4006c,0.1.0,2026-05-26T14:40:38+00:00
2022-07-07,0.0012550992076152808,0.10131073017178449,0.16068035587320764,0.13057787927364248,0.2076218227549892,independent,400,0,synthetic-v1,F9_default,ab28b8cf35d72adba1224d88adfbe86e39d13ce6ab49a2f4a58855b93ab6ec1e,ff4006c,0.1.0,2026-05-26T14:40:38+00:00
2022-07-08,0.0006217532861544497,0.10137018021108085,0.1608835106597613,0.13064014992327025,0.20757120282509928,independent,400,0,synthetic-v1,F9_default,ab28b8cf35d72adba1224d88adfbe86e39d13ce6ab49a2f4a58855b93ab6ec1e,ff4006c,0.1.0,2026-05-26T14:40:38+00:00
2022-07-11,-0.009721501390615067,0.10098019410826024,0.15986019078446823,0.13027861443305508,0.2062250076927401,independent,400,0,synthetic-v1,F9_default,ab28b8cf35d72adba1224d88adfbe86e39d13ce6ab49a2f4a58855b93ab6ec1e,ff4006c,0.1.0,2026-05-26T14:40:38+00:00
2022-07-12,0.004678453438422727,0.10082465262281053,0.15967885597440978,0.1300568350945343,0.2058235932452093,independent,400,0,synthetic-v1,F9_default,ab28b8cf35d72adba1224d88adfbe86e39d13ce6ab49a2f4a58855b93ab6ec1e,ff4006c,0.1.0,2026-05-26T14:40:38+00:00
2022-07-13,-0.02139976863680164,0.09807730175037313,0.1536436352613767,0.126252093799766,0.19705901330193593,independent,400,0,synthetic-v1,F9_default,ab28b8cf35d72adba1224d88adfbe86e39d13ce6ab49a2f4a58855b93ab6ec1e,ff4006c,0.1.0,2026-05-26T14:40:38+00:00
2022-07-14,0.010082509944216654,0.09874592564909859,0.1548890946020917,0.12681131730052023,0.19876040157149688,independent,400,0,synthetic-v1,F9_default,ab28b8cf35d72adba1224d88adfbe86e39d13ce6ab49a2f4a58855b93ab6ec1e,ff4006c,0.1.0,2026-05-26T14:40:38+00:00
2022-07-15,-0.011145425390266134,0.09720618429198867,0.15150517267040542,0.12485847717219259,0.1937514673907339,independent,400,0,synthetic-v1,F9_default,ab28b8cf35d72adba1224d88adfbe86e39d13ce6ab49a2f4a58855b93ab6ec1e,ff4006c,0.1.0,2026-05-26T14:40:38+00:00
2022-07-18,-0.016462760547408632,0.09773345496108866,0.15202483164626862,0.12546467613102727,0.19444625086531858,independent,400,0,synthetic-v1,F9_default,ab28b8cf35d72adba1224d88adfbe86e39d13ce6ab49a2f4a58855b93ab6ec1e,ff4006c,0.1.0,2026-05-26T14:40:38+00:00
2022-07-19,-0.011780715432162329,0.09882054593448708,0.15432163907828714,0.1264726644311589,0.19792431213325645,independent,400,0,synthetic-v1,F9_default,ab28b8cf35d72adba1224d88adfbe86e39d13ce6ab49a2f4a58855b93ab6ec1e,ff4006c,0.1.0,2026-05-26T14:40:38+00:00
2022-07-20,0.0014647149877230906,0.09841362194151723,0.15406155162767193,0.12635872787437807,0.19782352623423272,independent,400,0,synthetic-v1,F9_default,ab28b8cf35d72adba1224d88adfbe86e39d13ce6ab49a2f4a58855b93ab6ec1e,ff4006c,0.1.0,2026-05-26T14:40:38+00:00
2022-07-21,-0.002350813530820511,0.09719376455939054,0.15196502330924536,0.12467544811813647,0.19461214799781473,independent,400,0,synthetic-v1,F9_default,ab28b8cf35d72adba1224d88adfbe86e39d13ce6ab49a2f4a58855b93ab6ec1e,ff4006c,0.1.0,2026-05-26T14:40:38+00:00
2022-07-22,-0.021376110571008463,0.08983375399078238,0.13656465324431138,0.11393390256010824,0.17252008196955324,independent,400,0,synthetic-v1,F9_default,ab28b8cf35d72adba1224d88adfbe86e39d13ce6ab49a2f4a58855b93ab6ec1e,ff4006c,0.1.0,2026-05-26T14:40:38+00:00
2022-07-25,0.0033227699411474956,0.09008837821256725,0.1365832188166434,0.11424118752397805,0.17259608679527813,independent,400,0,synthetic-v1,F9_default,ab28b8cf35d72adba1224d88adfbe86e39d13ce6ab49a2f4a58855b93ab6ec1e,ff4006c,0.1.0,2026-05-26T14:40:38+00:00
2022-07-26,-0.014507892505301295,0.09012888872756337,0.13751162424830296,0.11464086177980914,0.17411165535236314,independent,400,0,synthetic-v1,F9_default,ab28b8cf35d72adba1224d88adfbe86e39d13ce6ab49a2f4a58855b93ab6ec1e,ff4006c,0.1.0,2026-05-26T14:40:38+00:00
2022-07-27,0.0011456841957580368,0.09058885315774948,0.13771644956354126,0.11500785215437341,0.17423779684546753,independent,400,0,synthetic-v1,F9_default,ab28b8cf35d72adba1224d88adfbe86e39d13ce6ab49a2f4a58855b93ab6ec1e,ff4006c,0.1.0,2026-05-26T14:40:38+00:00
2022-07-28,0.026317975958286124,0.09044270607604277,0.1378363542109575,0.1149146332747231,0.17441898670416342,independent,400,0,synthetic-v1,F9_default,ab28b8cf35d72adba1224d88adfbe86e39d13ce6ab49a2f4a58855b93ab6ec1e,ff4006c,0.1.0,2026-05-26T14:40:38+00:00
2022-07-29,0.043718522153128575,0.09430615638816818,0.14497414742278225,0.12014714987502277,0.18440393968701738,independent,400,0,synthetic-v1,F9_default,ab28b8cf35d72adba1224d88adfbe86e39d13ce6ab49a2f4a58855b93ab6ec1e,ff4006c,0.1.0,2026-05-26T14:40:38+00:00
2022-08-01,-0.00381309199241005,0.1021109981151008,0.16230899040825672,0.1322159521778541,0.2095573793160731,independent,400,0,synthetic-v1,F9_default,ab28b8cf35d72adba1224d88adfbe86e39d13ce6ab49a2f4a58855b93ab6ec1e,ff4006c,0.1.0,2026-05-26T14:40:38+00:00
2022-08-02,0.003264655824247925,0.10235168811251566,0.162271213536305,0.13223561321824376,0.20937827702033068,independent,400,0,synthetic-v1,F9_default,ab28b8cf35d72adba1224d88adfbe86e39d13ce6ab49a2f4a58855b93ab6ec1e,ff4006c,0.1.0,2026-05-26T14:40:38+00:00
2022-08-03,0.01873075625845188,0.10195214546652341,0.16205997426706278,0.13225459668245576,0.2092407118510345,independent,400,0,synthetic-v1,F9_default,ab28b8cf35d72adba1224d88adfbe86e39d13ce6ab49a2f4a58855b93ab6ec1e,ff4006c,0.1.0,2026-05-26T14:40:38+00:00
2022-08-04,0.019650507381866304,0.10211139014933891,0.16185239713794233,0.13213334694809625,0.2086491741135621,independent,400,0,synthetic-v1,F9_default,ab28b8cf35d72adba1224d88adfbe86e39d13ce6ab49a2f4a58855b93ab6ec1e,ff4006c,0.1.0,2026-05-26T14:40:38+00:00
2022-08-05,-0.011908621591990297,0.09998699450479959,0.15824205243210307,0.129487145011413,0.203706012591216,independent,400,0,synthetic-v1,F9_default,ab28b8cf35d72adba1224d88adfbe86e39d13ce6ab49a2f4a58855b93ab6ec1e,ff4006c,0.1.0,2026-05-26T14:40:38+00:00
2022-08-08,-0.003993211136598779,0.10017682682737562,0.1576947116302849,0.1291602796999606,0.20283536598334861,independent,400,0,synthetic-v1,F9_default,ab28b8cf35d72adba1224d88adfbe86e39d13ce6ab49a2f4a58855b93ab6ec1e,ff4006c,0.1.0,2026-05-26T14:40:38+00:00
2022-08-09,0.00746532856383223,0.10057899186027087,0.15869738343461923,0.12963185857925844,0.20382852460967815,independent,400,0,synthetic-v1,F9_default,ab28b8cf35d72adba1224d88adfbe86e39d13ce6ab49a2f4a58855b93ab6ec1e,ff4006c,0.1.0,2026-05-26T14:40:38+00:00
2022-08-10,0.01613174021980386,0.10040279036496659,0.15872673778427038,0.12985735335768056,0.20420914302058896,independent,400,0,synthetic-v1,F9_default,ab28b8cf35d72adba1224d88adfbe86e39d13ce6ab49a2f4a58855b93ab6ec1e,ff4006c,0.1.0,2026-05-26T14:40:38+00:00
2022-08-11,0.060587319113165485,0.10111786983680371,0.16031906496752701,0.1309082885237734,0.2063156595546763,independent,400,0,synthetic-v1,F9_default,ab28b8cf35d72adba1224d88adfbe86e39d13ce6ab49a2f4a58855b93ab6ec1e,ff4006c,0.1.0,2026-05-26T14:40:38+00:00
2022-08-12,0.0025581185610161713,0.11532353366090636,0.18969674383449048,0.15119736727796318,0.24900158380086593,independent,400,0,synthetic-v1,F9_default,ab28b8cf35d72adba1224d88adfbe86e39d13ce6ab49a2f4a58855b93ab6ec1e,ff4006c,0.1.0,2026-05-26T14:40:38+00:00
2022-08-15,0.00205247812048129,0.1130801450481001,0.18632760606953538,0.1484351592049809,0.24439200672852124,independent,400,0,synthetic-v1,F9_default,ab28b8cf35d72adba1224d88adfbe86e39d13ce6ab49a2f4a58855b93ab6ec1e,ff4006c,0.1.0,2026-05-26T14:40:38+00:00
2022-08-16,0.03459098505450266,0.1129938281151183,0.185864797886334,0.14793643423420583,0.24364626353679503,independent,400,0,synthetic-v1,F9_default,ab28b8cf35d72adba1224d88adfbe86e39d13ce6ab49a2f4a58855b93ab6ec1e,ff4006c,0.1.0,2026-05-26T14:40:38+00:00
2022-08-17,0.0032180189839374675,0.10417103068961792,0.1647395739818167,0.13443760589032736,0.21218081645566,independent,400,0,synthetic-v1,F9_default,ab28b8cf35d72adba1224d88adfbe86e39d13ce6ab49a2f4a58855b93ab6ec1e,ff4006c,0.1.0,2026-05-26T14:40:38+00:00
2022-08-18,-0.026454447433115195,0.10434788938298353,0.16513261155362235,0.13474724136472138,0.21265564212574872,independent,400,0,synthetic-v1,F9_default,ab28b8cf35d72adba1224d88adfbe86e39d13ce6ab49a2f4a58855b93ab6ec1e,ff4006c,0.1.0,2026-05-26T14:40:38+00:00
2022-08-19,0.0015078248594611685,0.10465757357357008,0.16554214851634072,0.13489921331378474,0.2132484365420862,independent,400,0,synthetic-v1,F9_default,ab28b8cf35d72adba1224d88adfbe86e39d13ce6ab49a2f4a58855b93ab6ec1e,ff4006c,0.1.0,2026-05-26T14:40:38+00:00
2022-08-22,0.018275265883055572,0.1050634552119319,0.16556463793464382,0.13534168771304161,0.21338329900019462,independent,400,0,synthetic-v1,F9_default,ab28b8cf35d72adba1224d88adfbe86e39d13ce6ab49a2f4a58855b93ab6ec1e,ff4006c,0.1.0,2026-05-26T14:40:38+00:00
2022-08-23,0.01362391863874323,0.1046746603372821,0.16565896815243605,0.13505414141886685,0.2134638417261443,independent,400,0,synthetic-v1,F9_default,ab28b8cf35d72adba1224d88adfbe86e39d13ce6ab49a2f4a58855b93ab6ec1e,ff4006c,0.1.0,2026-05-26T14:40:38+00:00
2022-08-24,-0.02150779320440175,0.10479014161184359,0.16538417427423027,0.13491329792213097,0.2127332021476759,independent,400,0,synthetic-v1,F9_default,ab28b8cf35d72adba1224d88adfbe86e39d13ce6ab49a2f4a58855b93ab6ec1e,ff4006c,0.1.0,2026-05-26T14:40:38+00:00
2022-08-25,-0.015147470043065036,0.10448732668420117,0.16517911550788103,0.1349516014334769,0.2127741126219546,independent,400,0,synthetic-v1,F9_default,ab28b8cf35d72adba1224d88adfbe86e39d13ce6ab49a2f4a58855b93ab6ec1e,ff4006c,0.1.0,2026-05-26T14:40:38+00:00
2022-08-26,-0.015478260013378832,0.10426217788586532,0.1651279486056022,0.13493330200501388,0.21288060809322878,independent,400,0,synthetic-v1,F9_default,ab28b8cf35d72adba1224d88adfbe86e39d13ce6ab49a2f4a58855b93ab6ec1e,ff4006c,0.1.0,2026-05-26T14:40:38+00:00
2022-08-29,-0.004598646006852668,0.10427125751403325,0.16452915823218456,0.13396674956851864,0.21177237455496734,independent,400,0,synthetic-v1,F9_default,ab28b8cf35d72adba1224d88adfbe86e39d13ce6ab49a2f4a58855b93ab6ec1e,ff4006c,0.1.0,2026-05-26T14:40:38+00:00
2022-08-30,-0.0001336807122328037,0.10373774656919196,0.16424181740947078,0.13389908380200005,0.21119620320964272,independent,400,0,synthetic-v1,F9_default,ab28b8cf35d72adba1224d88adfbe86e39d13ce6ab49a2f4a58855b93ab6ec1e,ff4006c,0.1.0,2026-05-26T14:40:38+00:00
2022-08-31,-0.015060176816092685,0.10370223191059523,0.16395866741348578,0.1337480793367849,0.2110864951392435,independent,400,0,synthetic-v1,F9_default,ab28b8cf35d72adba1224d88adfbe86e39d13ce6ab49a2f4a58855b93ab6ec1e,ff4006c,0.1.0,2026-05-26T14:40:38+00:00
2022-09-01,-0.010624450478220419,0.10397732788576479,0.1642503205842163,0.13396843481448906,0.2116529567597799,independent,400,0,synthetic-v1,F9_default,ab28b8cf35d72adba1224d88adfbe86e39d13ce6ab49a2f4a58855b93ab6ec1e,ff4006c,0.1.0,2026-05-26T14:40:38+00:00
2022-09-02,-0.01308797272683975,0.1041937010043439,0.16427643535693998,0.1343708427357279,0.21174036852458578,independent,400,0,synthetic-v1,F9_default,ab28b8cf35d72adba1224d88adfbe86e39d13ce6ab49a2f4a58855b93ab6ec1e,ff4006c,0.1.0,2026-05-26T14:40:38+00:00
2022-09-05,0.028559418629828793,0.10398807265152121,0.16390247991893803,0.1337656629826364,0.2111642151105383,independent,400,0,synthetic-v1,F9_default,ab28b8cf35d72adba1224d88adfbe86e39d13ce6ab49a2f4a58855b93ab6ec1e,ff4006c,0.1.0,2026-05-26T14:40:38+00:00
2022-09-06,-0.019795129946513966,0.10285454992176322,0.1616474698343857,0.1323186234076335,0.2076478899839247,independent,400,0,synthetic-v1,F9_default,ab28b8cf35d72adba1224d88adfbe86e39d13ce6ab49a2f4a58855b93ab6ec1e,ff4006c,0.1.0,2026-05-26T14:40:38+00:00
2022-09-07,0.02887134310603681,0.10295770079959854,0.16151166570717107,0.1323648912226182,0.20734370530303292,independent,400,0,synthetic-v1,F9_default,ab28b8cf35d72adba1224d88adfbe86e39d13ce6ab49a2f4a58855b93ab6ec1e,ff4006c,0.1.0,2026-05-26T14:40:38+00:00
2022-09-08,-0.00038026780854041636,0.09030860013872169,0.1355878623970307,0.11423193598130213,0.17019904809301123,independent,400,0,synthetic-v1,F9_default,ab28b8cf35d72adba1224d88adfbe86e39d13ce6ab49a2f4a58855b93ab6ec1e,ff4006c,0.1.0,2026-05-26T14:40:38+00:00
2022-09-09,0.002258984431693336,0.09109774917617147,0.13614618422411948,0.11461019014858523,0.17085563043731145,independent,400,0,synthetic-v1,F9_default,ab28b8cf35d72adba1224d88adfbe86e39d13ce6ab49a2f4a58855b93ab6ec1e,ff4006c,0.1.0,2026-05-26T14:40:38+00:00
2022-09-12,0.00885018428897759,0.09075562473806377,0.13595033487834485,0.11462052577064964,0.17075742580286654,independent,400,0,synthetic-v1,F9_default,ab28b8cf35d72adba1224d88adfbe86e39d13ce6ab49a2f4a58855b93ab6ec1e,ff4006c,0.1.0,2026-05-26T14:40:38+00:00
2022-09-13,-0.00858200797809911,0.09097363611024209,0.136089936383195,0.1147298464461612,0.1711495238791525,independent,400,0,synthetic-v1,F9_default,ab28b8cf35d72adba1224d88adfbe86e39d13ce6ab49a2f4a58855b93ab6ec1e,ff4006c,0.1.0,2026-05-26T14:40:38+00:00
2022-09-14,0.05330362001442609,0.09130548481881222,0.13646465328785246,0.11520294353782004,0.17133708516344748,independent,400,0,synthetic-v1,F9_default,ab28b8cf35d72adba1224d88adfbe86e39d13ce6ab49a2f4a58855b93ab6ec1e,ff4006c,0.1.0,2026-05-26T14:40:38+00:00
2022-09-15,0.003376708680034425,0.10735080490158126,0.16584621704194563,0.13718490918204135,0.21103799411607135,independent,400,0,synthetic-v1,F9_default,ab28b8cf35d72adba1224d88adfbe86e39d13ce6ab49a2f4a58855b93ab6ec1e,ff4006c,0.1.0,2026-05-26T14:40:38+00:00
2022-09-16,0.011309849284951205,0.10735397610397399,0.16554540279746932,0.13686119374496197,0.21109364305132675,independent,400,0,synthetic-v1,F9_default,ab28b8cf35d72adba1224d88adfbe86e39d13ce6ab49a2f4a58855b93ab6ec1e,ff4006c,0.1.0,2026-05-26T14:40:38+00:00
2022-09-19,0.009151080590540931,0.10475483167530732,0.16082362951328838,0.13362779258425778,0.2046522618378998,independent,400,0,synthetic-v1,F9_default,ab28b8cf35d72adba1224d88adfbe86e39d13ce6ab49a2f4a58855b93ab6ec1e,ff4006c,0.1.0,2026-05-26T14:40:38+00:00
2022-09-20,0.01466119868139455,0.10464749986493331,0.16094968475632665,0.13366824534907995,0.20454559620935897,independent,400,0,synthetic-v1,F9_default,ab28b8cf35d72adba1224d88adfbe86e39d13ce6ab49a2f4a58855b93ab6ec1e,ff4006c,0.1.0,2026-05-26T14:40:38+00:00
2022-09-21,-0.0052628187835068755,0.10435096149023804,0.16048802898532774,0.13319388679855798,0.20400893949547325,independent,400,0,synthetic-v1,F9_default,ab28b8cf35d72adba1224d88adfbe86e39d13ce6ab49a2f4a58855b93ab6ec1e,ff4006c,0.1.0,2026-05-26T14:40:38+00:00
2022-09-22,0.003111599814807215,0.10441896587238025,0.16052137773323358,0.1331936144463643,0.20393629069759164,independent,400,0,synthetic-v1,F9_default,ab28b8cf35d72adba1224d88adfbe86e39d13ce6ab49a2f4a58855b93ab6ec1e,ff4006c,0.1.0,2026-05-26T14:40:38+00:00
2022-09-23,-0.02817756502550848,0.1043468192382857,0.16056064582773344,0.13304799608980145,0.20419002146432352,independent,400,0,synthetic-v1,F9_default,ab28b8cf35d72adba1224d88adfbe86e39d13ce6ab49a2f4a58855b93ab6ec1e,ff4006c,0.1.0,2026-05-26T14:40:38+00:00
2022-09-26,0.0028857649446509164,0.10472396886727023,0.16084917382583236,0.13326753814455167,0.20432132537999464,independent,400,0,synthetic-v1,F9_default,ab28b8cf35d72adba1224d88adfbe86e39d13ce6ab49a2f4a58855b93ab6ec1e,ff4006c,0.1.0,2026-05-26T14:40:38+00:00
2022-09-27,0.021153094396882653,0.1038378645276934,0.15949110531362193,0.13250225112954897,0.20281914214500496,independent,400,0,synthetic-v1,F9_default,ab28b8cf35d72adba1224d88adfbe86e39d13ce6ab49a2f4a58855b93ab6ec1e,ff4006c,0.1.0,2026-05-26T14:40:38+00:00
2022-09-28,-0.0007439875005285274,0.10405412706215275,0.15967552258529308,0.13230920371035695,0.20291334719148285,independent,400,0,synthetic-v1,F9_default,ab28b8cf35d72adba1224d88adfbe86e39d13ce6ab49a2f4a58855b93ab6ec1e,ff4006c,0.1.0,2026-05-26T14:40:38+00:00
2022-09-29,0.017417034393192397,0.09851912502070284,0.15146914751520518,0.125735704861469,0.19246097721833605,independent,400,0,synthetic-v1,F9_default,ab28b8cf35d72adba1224d88adfbe86e39d13ce6ab49a2f4a58855b93ab6ec1e,ff4006c,0.1.0,2026-05-26T14:40:38+00:00
2022-09-30,0.017677259606974267,0.0984390986872636,0.15121591252250247,0.1253730330714412,0.19229676971938847,independent,400,0,synthetic-v1,F9_default,ab28b8cf35d72adba1224d88adfbe86e39d13ce6ab49a2f4a58855b93ab6ec1e,ff4006c,0.1.0,2026-05-26T14:40:38+00:00
2022-10-03,-0.004254580146130401,0.09739496715506929,0.14933018846530965,0.12393583388638982,0.18973423808004686,independent,400,0,synthetic-v1,F9_default,ab28b8cf35d72adba1224d88adfbe86e39d13ce6ab49a2f4a58855b93ab6ec1e,ff4006c,0.1.0,2026-05-26T14:40:38+00:00
2022-10-04,-0.005798469231492697,0.09757451630694428,0.14964394869828948,0.12421453256849466,0.18986361826044962,independent,400,0,synthetic-v1,F9_default,ab28b8cf35d72adba1224d88adfbe86e39d13ce6ab49a2f4a58855b93ab6ec1e,ff4006c,0.1.0,2026-05-26T14:40:38+00:00
2022-10-05,0.008237988404177062,0.09740787624294989,0.14917773154445219,0.12389145671180776,0.1896108506626506,independent,400,0,synthetic-v1,F9_default,ab28b8cf35d72adba1224d88adfbe86e39d13ce6ab49a2f4a58855b93ab6ec1e,ff4006c,0.1.0,2026-05-26T14:40:38+00:00
2022-10-06,-0.003617649123706858,0.09722418324928536,0.14917526452501548,0.12384840454046196,0.1895666122714973,independent,400,0,synthetic-v1,F9_default,ab28b8cf35d72adba1224d88adfbe86e39d13ce6ab49a2f4a58855b93ab6ec1e,ff4006c,0.1.0,2026-05-26T14:40:38+00:00
2022-10-07,0.030869623103525437,0.097568180405329,0.1496004422788491,0.12415390939905982,0.18987423658293245,independent,400,0,synthetic-v1,F9_default,ab28b8cf35d72adba1224d88adfbe86e39d13ce6ab49a2f4a58855b93ab6ec1e,ff4006c,0.1.0,2026-05-26T14:40:38+00:00
2022-10-10,-0.001326066958853022,0.09355102384249689,0.14198869924872343,0.11859786670165101,0.17938282317687396,independent,400,0,synthetic-v1,F9_default,ab28b8cf35d72adba1224d88adfbe86e39d13ce6ab49a2f4a58855b93ab6ec1e,ff4006c,0.1.0,2026-05-26T14:40:38+00:00
2022-10-11,0.01446977841057343,0.0933644988552042,0.14164812952662847,0.11822858825996538,0.1792715890625423,independent,400,0,synthetic-v1,F9_default,ab28b8cf35d72adba1224d88adfbe86e39d13ce6ab49a2f4a58855b93ab6ec1e,ff4006c,0.1.0,2026-05-26T14:40:38+00:00
2022-10-12,-0.013255109658121655,0.09321568215253592,0.14140658996717606,0.11802659454145029,0.17878707016793915,independent,400,0,synthetic-v1,F9_default,ab28b8cf35d72adba1224d88adfbe86e39d13ce6ab49a2f4a58855b93ab6ec1e,ff4006c,0.1.0,2026-05-26T14:40:38+00:00
2022-10-13,0.014812697537317855,0.09330918503059561,0.14198992427548493,0.11880393256082143,0.17962368007702212,independent,400,0,synthetic-v1,F9_default,ab28b8cf35d72adba1224d88adfbe86e39d13ce6ab49a2f4a58855b93ab6ec1e,ff4006c,0.1.0,2026-05-26T14:40:38+00:00
2022-10-14,0.006651548028042548,0.09256727870368028,0.14034088763940458,0.11726172526779917,0.1774006736093186,independent,400,0,synthetic-v1,F9_default,ab28b8cf35d72adba1224d88adfbe86e39d13ce6ab49a2f4a58855b93ab6ec1e,ff4006c,0.1.0,2026-05-26T14:40:38+00:00
2022-10-17,-0.0164508816858956,0.09262769045867711,0.14036300427793158,0.11710232426762102,0.1774303501734014,independent,400,0,synthetic-v1,F9_default,ab28b8cf35d72adba1224d88adfbe86e39d13ce6ab49a2f4a58855b93ab6ec1e,ff4006c,0.1.0,2026-05-26T14:40:38+00:00
2022-10-18,0.026966718756617228,0.0926962765577039,0.140282580853514,0.11721488166020821,0.17734551322004463,independent,400,0,synthetic-v1,F9_default,ab28b8cf35d72adba1224d88adfbe86e39d13ce6ab49a2f4a58855b93ab6ec1e,ff4006c,0.1.0,2026-05-26T14:40:38+00:00
2022-10-19,-0.00728040215547928,0.09570909039974987,0.14660664542137386,0.12181786762632499,0.18630375634108076,independent,400,0,synthetic-v1,F9_default,ab28b8cf35d72adba1224d88adfbe86e39d13ce6ab49a2f4a58855b93ab6ec1e,ff4006c,0.1.0,2026-05-26T14:40:38+00:00
2022-10-20,-0.02087084828795661,0.09577726832630712,0.1467135804684495,0.12183484548879939,0.1862020907790899,independent,400,0,synthetic-v1,F9_default,ab28b8cf35d72adba1224d88adfbe86e39d13ce6ab49a2f4a58855b93ab6ec1e,ff4006c,0.1.0,2026-05-26T14:40:38+00:00
2022-10-21,-0.049824581081170445,0.09619798286340742,0.14728991584779444,0.12257269868540087,0.18696208744814086,independent,400,0,synthetic-v1,F9_default,ab28b8cf35d72adba1224d88adfbe86e39d13ce6ab49a2f4a58855b93ab6ec1e,ff4006c,0.1.0,2026-05-26T14:40:38+00:00
2022-10-24,-0.002371220165183675,0.09668098480718632,0.1481692608868806,0.12291676188058474,0.18801420243948597,independent,400,0,synthetic-v1,F9_default,ab28b8cf35d72adba1224d88adfbe86e39d13ce6ab49a2f4a58855b93ab6ec1e,ff4006c,0.1.0,2026-05-26T14:40:38+00:00
2022-10-25,-0.004690077356201499,0.09675023719513479,0.1480289665719064,0.12300071491618472,0.18799841709160436,independent,400,0,synthetic-v1,F9_default,ab28b8cf35d72adba1224d88adfbe86e39d13ce6ab49a2f4a58855b93ab6ec1e,ff4006c,0.1.0,2026-05-26T14:40:38+00:00
2022-10-26,-0.029968645328173945,0.09628116665562975,0.1479694215139897,0.12293976673903087,0.18776655201419995,independent,400,0,synthetic-v1,F9_default,ab28b8cf35d72adba1224d88adfbe86e39d13ce6ab49a2f4a58855b93ab6ec1e,ff4006c,0.1.0,2026-05-26T14:40:38+00:00
2022-10-27,0.01442888987604743,0.09815891700367901,0.14975629875330515,0.12453077717969334,0.18978060771946986,independent,400,0,synthetic-v1,F9_default,ab28b8cf35d72adba1224d88adfbe86e39d13ce6ab49a2f4a58855b93ab6ec1e,ff4006c,0.1.0,2026-05-26T14:40:38+00:00
2022-10-28,-0.012403678389129966,0.09804357991613892,0.14979968457437215,0.1245540514703291,0.19021211070008867,independent,400,0,synthetic-v1,F9_default,ab28b8cf35d72adba1224d88adfbe86e39d13ce6ab49a2f4a58855b93ab6ec1e,ff4006c,0.1.0,2026-05-26T14:40:38+00:00
2022-10-31,0.011141787579110954,0.09797515178424472,0.1495141615056469,0.1242328483710908,0.18985932120961896,independent,400,0,synthetic-v1,F9_default,ab28b8cf35d72adba1224d88adfbe86e39d13ce6ab49a2f4a58855b93ab6ec1e,ff4006c,0.1.0,2026-05-26T14:40:38+00:00
2022-11-01,0.004302141947895791,0.09769346279069042,0.1496293132304223,0.12411868329239747,0.18974903710163743,independent,400,0,synthetic-v1,F9_default,ab28b8cf35d72adba1224d88adfbe86e39d13ce6ab49a2f4a58855b93ab6ec1e,ff4006c,0.1.0,2026-05-26T14:40:38+00:00
2022-11-02,-0.03093119161443128,0.0979205690185568,0.14979043018393934,0.12442388446297832,0.18968570850788996,independent,400,0,synthetic-v1,F9_default,ab28b8cf35d72adba1224d88adfbe86e39d13ce6ab49a2f4a58855b93ab6ec1e,ff4006c,0.1.0,2026-05-26T14:40:38+00:00
2022-11-03,0.016520603838145454,0.0976130859872233,0.14951707337225506,0.12421273533170737,0.18984840237629597,independent,400,0,synthetic-v1,F9_default,ab28b8cf35d72adba1224d88adfbe86e39d13ce6ab49a2f4a58855b93ab6ec1e,ff4006c,0.1.0,2026-05-26T14:40:38+00:00
2022-11-04,-0.01790012470868606,0.0970049694217279,0.1483994040405815,0.12329604137374174,0.18810977335929746,independent,400,0,synthetic-v1,F9_default,ab28b8cf35d72adba1224d88adfbe86e39d13ce6ab49a2f4a58855b93ab6ec1e,ff4006c,0.1.0,2026-05-26T14:40:38+00:00
2022-11-07,0.007729105710252351,0.09714782915711102,0.14815680039993415,0.12325810566399006,0.18816700842657852,independent,400,0,synthetic-v1,F9_default,ab28b8cf35d72adba1224d88adfbe86e39d13ce6ab49a2f4a58855b93ab6ec1e,ff4006c,0.1.0,2026-05-26T14:40:38+00:00
2022-11-08,-0.038657751736257,0.09647007979290219,0.14710806597898177,0.122021562444631,0.1866209440189671,independent,400,0,synthetic-v1,F9_default,ab28b8cf35d72adba1224d88adfbe86e39d13ce6ab49a2f4a58855b93ab6ec1e,ff4006c,0.1.0,2026-05-26T14:40:38+00:00
2022-11-09,-0.02640385824981799,0.09614579327163084,0.14713796469694132,0.12229501279137077,0.18678307608616077,independent,400,0,synthetic-v1,F9_default,ab28b8cf35d72adba1224d88adfbe86e39d13ce6ab49a2f4a58855b93ab6ec1e,ff4006c,0.1.0,2026-05-26T14:40:38+00:00
2022-11-10,-0.007822623812844329,0.09648890310668769,0.14721016683209356,0.12237964069675183,0.1866973878134684,independent,400,0,synthetic-v1,F9_default,ab28b8cf35d72adba1224d88adfbe86e39d13ce6ab49a2f4a58855b93ab6ec1e,ff4006c,0.1.0,2026-05-26T14:40:38+00:00
2022-11-11,-0.022078413125118504,0.09636109624847945,0.1473396985013049,0.1222021376692504,0.18679169498062193,independent,400,0,synthetic-v1,F9_default,ab28b8cf35d72adba1224d88adfbe86e39d13ce6ab49a2f4a58855b93ab6ec1e,ff4006c,0.1.0,2026-05-26T14:40:38+00:00
2022-11-14,-0.0001701614491264594,0.0960086704598075,0.14718463125066533,0.12254996835154904,0.18693814052228241,independent,400,0,synthetic-v1,F9_default,ab28b8cf35d72adba1224d88adfbe86e39d13ce6ab49a2f4a58855b93ab6ec1e,ff4006c,0.1.0,2026-05-26T14:40:38+00:00
2022-11-15,0.017142976716843495,0.09636821891173591,0.14732973936731475,0.12268564246162815,0.18708791357663712,independent,400,0,synthetic-v1,F9_default,ab28b8cf35d72adba1224d88adfbe86e39d13ce6ab49a2f4a58855b93ab6ec1e,ff4006c,0.1.0,2026-05-26T14:40:38+00:00
2022-11-16,-0.02370115160507439,0.1012212732311732,0.15693449291822534,0.12983278507481394,0.20042161051156646,independent,400,0,synthetic-v1,F9_default,ab28b8cf35d72adba1224d88adfbe86e39d13ce6ab49a2f4a58855b93ab6ec1e,ff4006c,0.1.0,2026-05-26T14:40:38+00:00
2022-11-17,0.015839079422770172,0.10171564295538191,0.15724822911101832,0.12951003964907845,0.20069744260111416,independent,400,0,synthetic-v1,F9_default,ab28b8cf35d72adba1224d88adfbe86e39d13ce6ab49a2f4a58855b93ab6ec1e,ff4006c,0.1.0,2026-05-26T14:40:38+00:00
2022-11-18,-0.0005845011745437897,0.10133729338620572,0.15671810577561796,0.12950901411795707,0.20010102814522432,independent,400,0,synthetic-v1,F9_default,ab28b8cf35d72adba1224d88adfbe86e39d13ce6ab49a2f4a58855b93ab6ec1e,ff4006c,0.1.0,2026-05-26T14:40:38+00:00
2022-11-21,-0.0007739609917188628,0.10151785617377984,0.15710942056150867,0.12957735195192668,0.2004887705152647,independent,400,0,synthetic-v1,F9_default,ab28b8cf35d72adba1224d88adfbe86e39d13ce6ab49a2f4a58855b93ab6ec1e,ff4006c,0.1.0,2026-05-26T14:40:38+00:00
2022-11-22,-0.010316487303205555,0.10171003277134674,0.15720530278353229,0.1296477803322361,0.2005101863853881,independent,400,0,synthetic-v1,F9_default,ab28b8cf35d72adba1224d88adfbe86e39d13ce6ab49a2f4a58855b93ab6ec1e,ff4006c,0.1.0,2026-05-26T14:40:38+00:00
2022-11-23,-0.019416501625572936,0.10188519929830324,0.1579401483525958,0.13024244634345075,0.20139011734006493,independent,400,0,synthetic-v1,F9_default,ab28b8cf35d72adba1224d88adfbe86e39d13ce6ab49a2f4a58855b93ab6ec1e,ff4006c,0.1.0,2026-05-26T14:40:38+00:00
2022-11-24,0.009071243625980703,0.1022229358774881,0.15809358845948343,0.13042277647858525,0.20168357178306856,independent,400,0,synthetic-v1,F9_default,ab28b8cf35d72adba1224d88adfbe86e39d13ce6ab49a2f4a58855b93ab6ec1e,ff4006c,0.1.0,2026-05-26T14:40:38+00:00
2022-11-25,0.030722611989162173,0.1023116130350107,0.15780497460666632,0.1302808413789936,0.20135317058828212,independent,400,0,synthetic-v1,F9_default,ab28b8cf35d72adba1224d88adfbe86e39d13ce6ab49a2f4a58855b93ab6ec1e,ff4006c,0.1.0,2026-05-26T14:40:38+00:00
2022-11-28,-0.0021833306104090473,0.09384049595005241,0.1407170445211071,0.11749823624817973,0.17739242416474446,independent,400,0,synthetic-v1,F9_default,ab28b8cf35d72adba1224d88adfbe86e39d13ce6ab49a2f4a58855b93ab6ec1e,ff4006c,0.1.0,2026-05-26T14:40:38+00:00
2022-11-29,0.004997923729418151,0.09371842998793528,0.14111722739666338,0.11827583841918346,0.17782499655370276,independent,400,0,synthetic-v1,F9_default,ab28b8cf35d72adba1224d88adfbe86e39d13ce6ab49a2f4a58855b93ab6ec1e,ff4006c,0.1.0,2026-05-26T14:40:38+00:00
2022-11-30,-0.024196739976727305,0.09341748976381609,0.14125513312662663,0.11814303184128741,0.17777094851554265,independent,400,0,synthetic-v1,F9_default,ab28b8cf35d72adba1224d88adfbe86e39d13ce6ab49a2f4a58855b93ab6ec1e,ff4006c,0.1.0,2026-05-26T14:40:38+00:00
2022-12-01,-0.009583917401105748,0.09366577718165671,0.14115965973287004,0.11827645381639898,0.1780248040181407,independent,400,0,synthetic-v1,F9_default,ab28b8cf35d72adba1224d88adfbe86e39d13ce6ab49a2f4a58855b93ab6ec1e,ff4006c,0.1.0,2026-05-26T14:40:38+00:00
2022-12-02,0.0025805586780800593,0.09735232295706078,0.14701402253770868,0.12311054191811872,0.18521659869584894,independent,400,0,synthetic-v1,F9_default,ab28b8cf35d72adba1224d88adfbe86e39d13ce6ab49a2f4a58855b93ab6ec1e,ff4006c,0.1.0,2026-05-26T14:40:38+00:00
2022-12-05,-0.013987590962351422,0.09740063848974524,0.14691579117198256,0.12289007627890502,0.1849507313203552,independent,400,0,synthetic-v1,F9_default,ab28b8cf35d72adba1224d88adfbe86e39d13ce6ab49a2f4a58855b93ab6ec1e,ff4006c,0.1.0,2026-05-26T14:40:38+00:00
2022-12-06,-0.00887023099294573,0.09734813771628054,0.14678316277157769,0.12308536491151453,0.18511498313374608,independent,400,0,synthetic-v1,F9_default,ab28b8cf35d72adba1224d88adfbe86e39d13ce6ab49a2f4a58855b93ab6ec1e,ff4006c,0.1.0,2026-05-26T14:40:38+00:00
2022-12-07,0.013660986961678985,0.09760123212971364,0.14696333937518524,0.12321528235063268,0.18512675543723106,independent,400,0,synthetic-v1,F9_default,ab28b8cf35d72adba1224d88adfbe86e39d13ce6ab49a2f4a58855b93ab6ec1e,ff4006c,0.1.0,2026-05-26T14:40:38+00:00
2022-12-08,0.0015922006553135877,0.09749353155048866,0.1463898192621525,0.12283467008330115,0.1844383556310653,independent,400,0,synthetic-v1,F9_default,ab28b8cf35d72adba1224d88adfbe86e39d13ce6ab49a2f4a58855b93ab6ec1e,ff4006c,0.1.0,2026-05-26T14:40:38+00:00
2022-12-09,0.025257486963415433,0.0972744032347743,0.146933701752543,0.1229211887922267,0.1849212925713263,independent,400,0,synthetic-v1,F9_default,ab28b8cf35d72adba1224d88adfbe86e39d13ce6ab49a2f4a58855b93ab6ec1e,ff4006c,0.1.0,2026-05-26T14:40:38+00:00
2022-12-12,-0.004956791966630781,0.09684091005712746,0.14592253449891254,0.12188540058978842,0.1836891987447456,independent,400,0,synthetic-v1,F9_default,ab28b8cf35d72adba1224d88adfbe86e39d13ce6ab49a2f4a58855b93ab6ec1e,ff4006c,0.1.0,2026-05-26T14:40:38+00:00
2022-12-13,-0.0034535739100249535,0.10429196899837628,0.16169039679640013,0.1332967225125749,0.20668275026733685,independent,400,0,synthetic-v1,F9_default,ab28b8cf35d72adba1224d88adfbe86e39d13ce6ab49a2f4a58855b93ab6ec1e,ff4006c,0.1.0,2026-05-26T14:40:38+00:00
2022-12-14,0.020040660818151982,0.10401472703194733,0.16169042570917658,0.1332173777683411,0.20654856756203216,independent,400,0,synthetic-v1,F9_default,ab28b8cf35d72adba1224d88adfbe86e39d13ce6ab49a2f4a58855b93ab6ec1e,ff4006c,0.1.0,2026-05-26T14:40:38+00:00
2022-12-15,0.0063574695861720746,0.10652342130430414,0.1665602869889844,0.13637510843075853,0.21336144977907118,independent,400,0,synthetic-v1,F9_default,ab28b8cf35d72adba1224d88adfbe86e39d13ce6ab49a2f4a58855b93ab6ec1e,ff4006c,0.1.0,2026-05-26T14:40:38+00:00
2022-12-16,-0.028451598174897924,0.10609224254508312,0.1661032200559463,0.13587658430346194,0.21274973895938845,independent,400,0,synthetic-v1,F9_default,ab28b8cf35d72adba1224d88adfbe86e39d13ce6ab49a2f4a58855b93ab6ec1e,ff4006c,0.1.0,2026-05-26T14:40:38+00:00
2022-12-19,-0.01183877503248751,0.10645316498988444,0.16611233349370746,0.13621221413717438,0.21305554852550204,independent,400,0,synthetic-v1,F9_default,ab28b8cf35d72adba1224d88adfbe86e39d13ce6ab49a2f4a58855b93ab6ec1e,ff4006c,0.1.0,2026-05-26T14:40:38+00:00
2022-12-20,0.005550449152234644,0.10611504263593324,0.16627327970343683,0.1360165298140045,0.21298496867151379,independent,400,0,synthetic-v1,F9_default,ab28b8cf35d72adba1224d88adfbe86e39d13ce6ab49a2f4a58855b93ab6ec1e,ff4006c,0.1.0,2026-05-26T14:40:38+00:00
2022-12-21,0.03422089908103508,0.10701336996917338,0.1670592355515535,0.1371415899835067,0.2144200612407556,independent,400,0,synthetic-v1,F9_default,ab28b8cf35d72adba1224d88adfbe86e39d13ce6ab49a2f4a58855b93ab6ec1e,ff4006c,0.1.0,2026-05-26T14:40:38+00:00
2022-12-22,-0.017214556534581822,0.11082747199248681,0.17714692292981724,0.14317759344925712,0.229293706351997,independent,400,0,synthetic-v1,F9_default,ab28b8cf35d72adba1224d88adfbe86e39d13ce6ab49a2f4a58855b93ab6ec1e,ff4006c,0.1.0,2026-05-26T14:40:38+00:00
2022-12-23,0.006127166233992764,0.11085573153383126,0.17694740156796226,0.14336748106011055,0.22914260399288489,independent,400,0,synthetic-v1,F9_default,ab28b8cf35d72adba1224d88adfbe86e39d13ce6ab49a2f4a58855b93ab6ec1e,ff4006c,0.1.0,2026-05-26T14:40:38+00:00
2022-12-26,0.01547106212617129,0.11119812092573785,0.1772952889806469,0.14290134327933413,0.22943832724949997,independent,400,0,synthetic-v1,F9_default,ab28b8cf35d72adba1224d88adfbe86e39d13ce6ab49a2f4a58855b93ab6ec1e,ff4006c,0.1.0,2026-05-26T14:40:38+00:00
2022-12-27,-0.008465612465278176,0.11072747861565359,0.17700929156984063,0.14289209766278874,0.22929725585181482,independent,400,0,synthetic-v1,F9_default,ab28b8cf35d72adba1224d88adfbe86e39d13ce6ab49a2f4a58855b93ab6ec1e,ff4006c,0.1.0,2026-05-26T14:40:38+00:00
2022-12-28,-0.00791941556982478,0.11157392466428477,0.1790168157409246,0.14420993807566748,0.2328101660975781,independent,400,0,synthetic-v1,F9_default,ab28b8cf35d72adba1224d88adfbe86e39d13ce6ab49a2f4a58855b93ab6ec1e,ff4006c,0.1.0,2026-05-26T14:40:38+00:00
2022-12-29,0.0184925348993502,0.10951423167567649,0.17628402856326103,0.14163325811539862,0.22952823084609808,independent,400,0,synthetic-v1,F9_default,ab28b8cf35d72adba1224d88adfbe86e39d13ce6ab49a2f4a58855b93ab6ec1e,ff4006c,0.1.0,2026-05-26T14:40:38+00:00
2022-12-30,0.001254000939700341,0.10959586453509873,0.17651114971598192,0.14178874416571685,0.23013057402039466,independent,400,0,synthetic-v1,F9_default,ab28b8cf35d72adba1224d88adfbe86e39d13ce6ab49a2f4a58855b93ab6ec1e,ff4006c,0.1.0,2026-05-26T14:40:38+00:00
2023-01-02,0.014817213793441607,0.10957343511873074,0.17645325956587382,0.14143428820837647,0.22976185303233854,independent,400,0,synthetic-v1,F9_default,ab28b8cf35d72adba1224d88adfbe86e39d13ce6ab49a2f4a58855b93ab6ec1e,ff4006c,0.1.0,2026-05-26T14:40:38+00:00
2023-01-03,-0.024628260637870013,0.10910339328204025,0.17609003755150548,0.1412264077993159,0.2288923778392372,independent,400,0,synthetic-v1,F9_default,ab28b8cf35d72adba1224d88adfbe86e39d13ce6ab49a2f4a58855b93ab6ec1e,ff4006c,0.1.0,2026-05-26T14:40:38+00:00
2023-01-04,-0.006195321910685575,0.10919440471293776,0.17583088615015918,0.14119854952075564,0.22877132450373766,independent,400,0,synthetic-v1,F9_default,ab28b8cf35d72adba1224d88adfbe86e39d13ce6ab49a2f4a58855b93ab6ec1e,ff4006c,0.1.0,2026-05-26T14:40:38+00:00
2023-01-05,-0.004297255387095347,0.10950567122763648,0.17606427194551205,0.14120670736558508,0.22863629215188636,independent,400,0,synthetic-v1,F9_default,ab28b8cf35d72adba1224d88adfbe86e39d13ce6ab49a2f4a58855b93ab6ec1e,ff4006c,0.1.0,2026-05-26T14:40:38+00:00
2023-01-06,0.025849982654499157,0.10934817193692531,0.1761066406928633,0.1412473165432963,0.2288233817129468,independent,400,0,synthetic-v1,F9_default,ab28b8cf35d72adba1224d88adfbe86e39d13ce6ab49a2f4a58855b93ab6ec1e,ff4006c,0.1.0,2026-05-26T14:40:38+00:00
2023-01-09,-0.010430891962012915,0.1110588650446432,0.1788850060768823,0.1435944043629318,0.23260905286899453,independent,400,0,synthetic-v1,F9_default,ab28b8cf35d72adba1224d88adfbe86e39d13ce6ab49a2f4a58855b93ab6ec1e,ff4006c,0.1.0,2026-05-26T14:40:38+00:00
2023-01-10,0.003738973868626638,0.1106615683770379,0.17867952737851459,0.14354803788403375,0.23237661594153466,independent,400,0,synthetic-v1,F9_default,ab28b8cf35d72adba1224d88adfbe86e39d13ce6ab49a2f4a58855b93ab6ec1e,ff4006c,0.1.0,2026-05-26T14:40:38+00:00
2023-01-11,-0.010040998690976004,0.11104042941842673,0.1788336017308758,0.14340680539443812,0.2326150904666173,independent,400,0,synthetic-v1,F9_default,ab28b8cf35d72adba1224d88adfbe86e39d13ce6ab49a2f4a58855b93ab6ec1e,ff4006c,0.1.0,2026-05-26T14:40:38+00:00
2023-01-12,-0.0018885748582433868,0.1105504717170562,0.178435169813221,0.1431930082011116,0.23207731858543065,independent,400,0,synthetic-v1,F9_default,ab28b8cf35d72adba1224d88adfbe86e39d13ce6ab49a2f4a58855b93ab6ec1e,ff4006c,0.1.0,2026-05-26T14:40:38+00:00
2023-01-13,-0.006582195369547012,0.1128208978140483,0.18128481552685716,0.1457108508589154,0.23600051548588358,independent,400,0,synthetic-v1,F9_default,ab28b8cf35d72adba1224d88adfbe86e39d13ce6ab49a2f4a58855b93ab6ec1e,ff4006c,0.1.0,2026-05-26T14:40:38+00:00
2023-01-16,0.012699626314142013,0.11319592282796889,0.18232289413481356,0.14632992484168283,0.2373710903366462,independent,400,0,synthetic-v1,F9_default,ab28b8cf35d72adba1224d88adfbe86e39d13ce6ab49a2f4a58855b93ab6ec1e,ff4006c,0.1.0,2026-05-26T14:40:38+00:00
2023-01-17,0.016191167361055463,0.11372792335461722,0.18299089690782033,0.1468494674800148,0.23772963043362122,independent,400,0,synthetic-v1,F9_default,ab28b8cf35d72adba1224d88adfbe86e39d13ce6ab49a2f4a58855b93ab6ec1e,ff4006c,0.1.0,2026-05-26T14:40:38+00:00
2023-01-18,0.012202929735184597,0.11292393491973178,0.18256082514763883,0.14679716284551605,0.2375367016358098,independent,400,0,synthetic-v1,F9_default,ab28b8cf35d72adba1224d88adfbe86e39d13ce6ab49a2f4a58855b93ab6ec1e,ff4006c,0.1.0,2026-05-26T14:40:38+00:00
2023-01-19,0.021408736560757646,0.11237317196524328,0.17977410205989622,0.1451127769838616,0.2333997061102801,independent,400,0,synthetic-v1,F9_default,ab28b8cf35d72adba1224d88adfbe86e39d13ce6ab49a2f4a58855b93ab6ec1e,ff4006c,0.1.0,2026-05-26T14:40:38+00:00
2023-01-20,-0.003947016588512288,0.10220897046294874,0.1556111040413141,0.1296210689487931,0.1972254203719907,independent,400,0,synthetic-v1,F9_default,ab28b8cf35d72adba1224d88adfbe86e39d13ce6ab49a2f4a58855b93ab6ec1e,ff4006c,0.1.0,2026-05-26T14:40:38+00:00
2023-01-23,-0.006625644798187439,0.10213900583217046,0.15569190793194443,0.12963761119068826,0.19690465328235865,independent,400,0,synthetic-v1,F9_default,ab28b8cf35d72adba1224d88adfbe86e39d13ce6ab49a2f4a58855b93ab6ec1e,ff4006c,0.1.0,2026-05-26T14:40:38+00:00
2023-01-24,-0.008049997486577247,0.11237458698581917,0.17957742553404066,0.14531924030047677,0.2323736509106011,independent,400,0,synthetic-v1,F9_default,ab28b8cf35d72adba1224d88adfbe86e39d13ce6ab49a2f4a58855b93ab6ec1e,ff4006c,0.1.0,2026-05-26T14:40:38+00:00
2023-01-25,-0.012293508676453825,0.11282963261906859,0.179526654144557,0.14527055940645625,0.23253123277495275,independent,400,0,synthetic-v1,F9_default,ab28b8cf35d72adba1224d88adfbe86e39d13ce6ab49a2f4a58855b93ab6ec1e,ff4006c,0.1.0,2026-05-26T14:40:38+00:00
2023-01-26,0.012825488495803769,0.11254621103261014,0.1789432563449685,0.1449701325166149,0.23134102521962935,independent,400,0,synthetic-v1,F9_default,ab28b8cf35d72adba1224d88adfbe86e39d13ce6ab49a2f4a58855b93ab6ec1e,ff4006c,0.1.0,2026-05-26T14:40:38+00:00
2023-01-27,-0.003950212984842115,0.1123453232872511,0.17862963692648204,0.14443823185345023,0.23103028929743646,independent,400,0,synthetic-v1,F9_default,ab28b8cf35d72adba1224d88adfbe86e39d13ce6ab49a2f4a58855b93ab6ec1e,ff4006c,0.1.0,2026-05-26T14:40:38+00:00
2023-01-30,-0.0014875697777325665,0.11221183960146977,0.17873338402116878,0.1446342535547897,0.2314017484007204,independent,400,0,synthetic-v1,F9_default,ab28b8cf35d72adba1224d88adfbe86e39d13ce6ab49a2f4a58855b93ab6ec1e,ff4006c,0.1.0,2026-05-26T14:40:38+00:00
2023-01-31,0.0001369907660093809,0.11214284967434714,0.1786167074139419,0.14468112987945686,0.23101639947868602,independent,400,0,synthetic-v1,F9_default,ab28b8cf35d72adba1224d88adfbe86e39d13ce6ab49a2f4a58855b93ab6ec1e,ff4006c,0.1.0,2026-05-26T14:40:38+00:00
2023-02-01,0.018633729210896326,0.11226063314319734,0.17892092482170674,0.14475352238193534,0.2312286675425645,independent,400,0,synthetic-v1,F9_default,ab28b8cf35d72adba1224d88adfbe86e39d13ce6ab49a2f4a58855b93ab6ec1e,ff4006c,0.1.0,2026-05-26T14:40:38+00:00
2023-02-02,0.023097635328962286,0.11420528660057742,0.18174788787596535,0.14714039761622213,0.23495215449697548,independent,400,0,synthetic-v1,F9_default,ab28b8cf35d72adba1224d88adfbe86e39d13ce6ab49a2f4a58855b93ab6ec1e,ff4006c,0.1.0,2026-05-26T14:40:38+00:00
2023-02-03,-0.014283918770588357,0.11250302646823862,0.17875864924687235,0.1444958353903849,0.23111964767845844,independent,400,0,synthetic-v1,F9_default,ab28b8cf35d72adba1224d88adfbe86e39d13ce6ab49a2f4a58855b93ab6ec1e,ff4006c,0.1.0,2026-05-26T14:40:38+00:00
2023-02-06,-0.002987166743036998,0.10450320682397891,0.16235369223069887,0.13335855007090755,0.20720515669201672,independent,400,0,synthetic-v1,F9_default,ab28b8cf35d72adba1224d88adfbe86e39d13ce6ab49a2f4a58855b93ab6ec1e,ff4006c,0.1.0,2026-05-26T14:40:38+00:00
2023-02-07,-0.002359880980192511,0.10543911501471534,0.1636409493000979,0.13431503506920411,0.20933722653913314,independent,400,0,synthetic-v1,F9_default,ab28b8cf35d72adba1224d88adfbe86e39d13ce6ab49a2f4a58855b93ab6ec1e,ff4006c,0.1.0,2026-05-26T14:40:38+00:00
2023-02-08,0.009095318549374658,0.10530614945936871,0.16352035656427724,0.13389202038560763,0.20887170477035166,independent,400,0,synthetic-v1,F9_default,ab28b8cf35d72adba1224d88adfbe86e39d13ce6ab49a2f4a58855b93ab6ec1e,ff4006c,0.1.0,2026-05-26T14:40:38+00:00
2023-02-09,-0.012716735654754075,0.10514108479724264,0.16361294041048213,0.1343801327795188,0.20902691041379579,independent,400,0,synthetic-v1,F9_default,ab28b8cf35d72adba1224d88adfbe86e39d13ce6ab49a2f4a58855b93ab6ec1e,ff4006c,0.1.0,2026-05-26T14:40:38+00:00
2023-02-10,-0.010906048292127265,0.10514116347998986,0.1635746021086918,0.13444713300837938,0.20946266197725474,independent,400,0,synthetic-v1,F9_default,ab28b8cf35d72adba1224d88adfbe86e39d13ce6ab49a2f4a58855b93ab6ec1e,ff4006c,0.1.0,2026-05-26T14:40:38+00:00
2023-02-13,-0.001717698669404115,0.10541637599302085,0.16369568928149456,0.1347249097268307,0.20918436175121313,independent,400,0,synthetic-v1,F9_default,ab28b8cf35d72adba1224d88adfbe86e39d13ce6ab49a2f4a58855b93ab6ec1e,ff4006c,0.1.0,2026-05-26T14:40:38+00:00
2023-02-14,-0.017959291077723972,0.10541845040510281,0.16350343209915036,0.1347446358391355,0.2090824238395338,independent,400,0,synthetic-v1,F9_default,ab28b8cf35d72adba1224d88adfbe86e39d13ce6ab49a2f4a58855b93ab6ec1e,ff4006c,0.1.0,2026-05-26T14:40:38+00:00
2023-02-15,0.014478447171729913,0.10579560423773228,0.16464614522279292,0.13523443248689299,0.21029922722883132,independent,400,0,synthetic-v1,F9_default,ab28b8cf35d72adba1224d88adfbe86e39d13ce6ab49a2f4a58855b93ab6ec1e,ff4006c,0.1.0,2026-05-26T14:40:38+00:00
2023-02-16,-0.008380609495910197,0.10607414063856388,0.164985491168519,0.13546907886928247,0.21071677690892868,independent,400,0,synthetic-v1,F9_default,ab28b8cf35d72adba1224d88adfbe86e39d13ce6ab49a2f4a58855b93ab6ec1e,ff4006c,0.1.0,2026-05-26T14:40:38+00:00
2023-02-17,0.0137256312680519,0.1062518366204886,0.165466597877096,0.1357386033233059,0.2117550781132928,independent,400,0,synthetic-v1,F9_default,ab28b8cf35d72adba1224d88adfbe86e39d13ce6ab49a2f4a58855b93ab6ec1e,ff4006c,0.1.0,2026-05-26T14:40:38+00:00
2023-02-20,-0.017584954023229203,0.10610023488966076,0.16492551270274897,0.13570358843103716,0.21103863344583318,independent,400,0,synthetic-v1,F9_default,ab28b8cf35d72adba1224d88adfbe86e39d13ce6ab49a2f4a58855b93ab6ec1e,ff4006c,0.1.0,2026-05-26T14:40:38+00:00
2023-02-21,0.004555599530091991,0.10602306301107547,0.16521110761898283,0.13596698493605927,0.21133505018334348,independent,400,0,synthetic-v1,F9_default,ab28b8cf35d72adba1224d88adfbe86e39d13ce6ab49a2f4a58855b93ab6ec1e,ff4006c,0.1.0,2026-05-26T14:40:38+00:00
2023-02-22,-0.006740773285663397,0.10577308132931668,0.1641957093541812,0.13485650838491425,0.21028554433590843,independent,400,0,synthetic-v1,F9_default,ab28b8cf35d72adba1224d88adfbe86e39d13ce6ab49a2f4a58855b93ab6ec1e,ff4006c,0.1.0,2026-05-26T14:40:38+00:00
2023-02-23,-0.015196729287559203,0.1064253248926475,0.16441801417544244,0.13495065253849792,0.21039639290685272,independent,400,0,synthetic-v1,F9_default,ab28b8cf35d72adba1224d88adfbe86e39d13ce6ab49a2f4a58855b93ab6ec1e,ff4006c,0.1.0,2026-05-26T14:40:38+00:00
2023-02-24,0.02126204322533053,0.1053112447931321,0.16473236235070698,0.13509678612336656,0.21040264861183866,independent,400,0,synthetic-v1,F9_default,ab28b8cf35d72adba1224d88adfbe86e39d13ce6ab49a2f4a58855b93ab6ec1e,ff4006c,0.1.0,2026-05-26T14:40:38+00:00
2023-02-27,-0.0009891250170817342,0.10578449341570606,0.16467937391626053,0.135475859216158,0.21045727227975047,independent,400,0,synthetic-v1,F9_default,ab28b8cf35d72adba1224d88adfbe86e39d13ce6ab49a2f4a58855b93ab6ec1e,ff4006c,0.1.0,2026-05-26T14:40:38+00:00
2023-02-28,-0.001148407351623519,0.10604295309721251,0.16481476022732874,0.135623526059621,0.21093842545280783,independent,400,0,synthetic-v1,F9_default,ab28b8cf35d72adba1224d88adfbe86e39d13ce6ab49a2f4a58855b93ab6ec1e,ff4006c,0.1.0,2026-05-26T14:40:38+00:00
2023-03-01,-0.0020788585247117513,0.10601490123510893,0.16479413964578,0.13538388478835653,0.21107607974368628,independent,400,0,synthetic-v1,F9_default,ab28b8cf35d72adba1224d88adfbe86e39d13ce6ab49a2f4a58855b93ab6ec1e,ff4006c,0.1.0,2026-05-26T14:40:38+00:00
2023-03-02,0.008409029666333431,0.10587936216864745,0.16508605255118036,0.13546225730233055,0.2109458056388767,independent,400,0,synthetic-v1,F9_default,ab28b8cf35d72adba1224d88adfbe86e39d13ce6ab49a2f4a58855b93ab6ec1e,ff4006c,0.1.0,2026-05-26T14:40:38+00:00
2023-03-03,-0.0028177784562445876,0.10602495646216817,0.1650996569607782,0.13553803897568842,0.21112674992156077,independent,400,0,synthetic-v1,F9_default,ab28b8cf35d72adba1224d88adfbe86e39d13ce6ab49a2f4a58855b93ab6ec1e,ff4006c,0.1.0,2026-05-26T14:40:38+00:00
2023-03-06,0.016209566395089203,0.10598997284525276,0.16485252629672187,0.13538605627569547,0.21089982739916002,independent,400,0,synthetic-v1,F9_default,ab28b8cf35d72adba1224d88adfbe86e39d13ce6ab49a2f4a58855b93ab6ec1e,ff4006c,0.1.0,2026-05-26T14:40:38+00:00
2023-03-07,0.0016982963577437085,0.10769387428349492,0.168617092613521,0.13802031825732097,0.21623600009556082,independent,400,0,synthetic-v1,F9_default,ab28b8cf35d72adba1224d88adfbe86e39d13ce6ab49a2f4a58855b93ab6ec1e,ff4006c,0.1.0,2026-05-26T14:40:38+00:00
2023-03-08,0.005522948996995333,0.1078330892903167,0.16856932253758047,0.13855326877780375,0.21645016969574593,independent,400,0,synthetic-v1,F9_default,ab28b8cf35d72adba1224d88adfbe86e39d13ce6ab49a2f4a58855b93ab6ec1e,ff4006c,0.1.0,2026-05-26T14:40:38+00:00
2023-03-09,0.002627295332591654,0.10789421203691903,0.16886605164595475,0.13834161671454515,0.21662708790531454,independent,400,0,synthetic-v1,F9_default,ab28b8cf35d72adba1224d88adfbe86e39d13ce6ab49a2f4a58855b93ab6ec1e,ff4006c,0.1.0,2026-05-26T14:40:38+00:00
2023-03-10,-0.02171600834918747,0.10828642340194594,0.16931032996006554,0.13896117363851895,0.21722255666792117,independent,400,0,synthetic-v1,F9_default,ab28b8cf35d72adba1224d88adfbe86e39d13ce6ab49a2f4a58855b93ab6ec1e,ff4006c,0.1.0,2026-05-26T14:40:38+00:00
2023-03-13,0.02214110949965758,0.10809074323298476,0.16910861909976593,0.13844742746103622,0.21689357019528516,independent,400,0,synthetic-v1,F9_default,ab28b8cf35d72adba1224d88adfbe86e39d13ce6ab49a2f4a58855b93ab6ec1e,ff4006c,0.1.0,2026-05-26T14:40:38+00:00
2023-03-14,0.011962050982922343,0.10603759907668406,0.1643075180387163,0.13581226468346924,0.21015402243344666,independent,400,0,synthetic-v1,F9_default,ab28b8cf35d72adba1224d88adfbe86e39d13ce6ab49a2f4a58855b93ab6ec1e,ff4006c,0.1.0,2026-05-26T14:40:38+00:00
2023-03-15,0.0259456749157314,0.10613414567321591,0.16428304099533397,0.13545101394822834,0.2099584834177964,independent,400,0,synthetic-v1,F9_default,ab28b8cf35d72adba1224d88adfbe86e39d13ce6ab49a2f4a58855b93ab6ec1e,ff4006c,0.1.0,2026-05-26T14:40:38+00:00
2023-03-16,-0.0069086187912169635,0.10648215976126464,0.16491329974466998,0.1358339290683775,0.21063853785902342,independent,400,0,synthetic-v1,F9_default,ab28b8cf35d72adba1224d88adfbe86e39d13ce6ab49a2f4a58855b93ab6ec1e,ff4006c,0.1.0,2026-05-26T14:40:38+00:00
2023-03-17,0.022343781461371833,0.10627948002485867,0.16486664033968274,0.13559736015444157,0.21043261060439444,independent,400,0,synthetic-v1,F9_default,ab28b8cf35d72adba1224d88adfbe86e39d13ce6ab49a2f4a58855b93ab6ec1e,ff4006c,0.1.0,2026-05-26T14:40:38+00:00
2023-03-20,0.0008477052527452905,0.10632335760731067,0.16497749141291726,0.13576011073291638,0.21058724392286027,independent,400,0,synthetic-v1,F9_default,ab28b8cf35d72adba1224d88adfbe86e39d13ce6ab49a2f4a58855b93ab6ec1e,ff4006c,0.1.0,2026-05-26T14:40:38+00:00
2023-03-21,-0.011036369007796983,0.10618116667901921,0.16496751315617672,0.1359508894082286,0.21057012844289874,independent,400,0,synthetic-v1,F9_default,ab28b8cf35d72adba1224d88adfbe86e39d13ce6ab49a2f4a58855b93ab6ec1e,ff4006c,0.1.0,2026-05-26T14:40:38+00:00
2023-03-22,0.013790566529827198,0.10622485546812313,0.16501226037820085,0.13578763569853952,0.2105915275657699,independent,400,0,synthetic-v1,F9_default,ab28b8cf35d72adba1224d88adfbe86e39d13ce6ab49a2f4a58855b93ab6ec1e,ff4006c,0.1.0,2026-05-26T14:40:38+00:00
2023-03-23,0.02186291441544013,0.10655681671976379,0.16494681120454643,0.13596175610091388,0.21090759079346258,independent,400,0,synthetic-v1,F9_default,ab28b8cf35d72adba1224d88adfbe86e39d13ce6ab49a2f4a58855b93ab6ec1e,ff4006c,0.1.0,2026-05-26T14:40:38+00:00
2023-03-24,-0.005492042759892995,0.106403427214845,0.16496288223535666,0.13591124288960085,0.21087154868516772,independent,400,0,synthetic-v1,F9_default,ab28b8cf35d72adba1224d88adfbe86e39d13ce6ab49a2f4a58855b93ab6ec1e,ff4006c,0.1.0,2026-05-26T14:40:38+00:00
2023-03-27,0.015554652910005653,0.10641378477083843,0.16502040120685366,0.13572411671117038,0.21095599127499115,independent,400,0,synthetic-v1,F9_default,ab28b8cf35d72adba1224d88adfbe86e39d13ce6ab49a2f4a58855b93ab6ec1e,ff4006c,0.1.0,2026-05-26T14:40:38+00:00
2023-03-28,0.006997910572881818,0.10600752147471337,0.16475874377478258,0.13587388872753986,0.21053365024482093,independent,400,0,synthetic-v1,F9_default,ab28b8cf35d72adba1224d88adfbe86e39d13ce6ab49a2f4a58855b93ab6ec1e,ff4006c,0.1.0,2026-05-26T14:40:38+00:00
2023-03-29,-0.02281668719246695,0.10617231736651411,0.16487637928114018,0.13558163817022353,0.2105967243596039,independent,400,0,synthetic-v1,F9_default,ab28b8cf35d72adba1224d88adfbe86e39d13ce6ab49a2f4a58855b93ab6ec1e,ff4006c,0.1.0,2026-05-26T14:40:38+00:00
2023-03-30,-0.01717003079991525,0.10611313537229086,0.16473347091944668,0.13569688866883403,0.2104214881796832,independent,400,0,synthetic-v1,F9_default,ab28b8cf35d72adba1224d88adfbe86e39d13ce6ab49a2f4a58855b93ab6ec1e,ff4006c,0.1.0,2026-05-26T14:40:38+00:00
2023-03-31,-0.017257431386329136,0.10596677046469835,0.16460673525183034,0.135845700213316,0.21039607388954934,independent,400,0,synthetic-v1,F9_default,ab28b8cf35d72adba1224d88adfbe86e39d13ce6ab49a2f4a58855b93ab6ec1e,ff4006c,0.1.0,2026-05-26T14:40:38+00:00
2023-04-03,0.0006144889363136817,0.0998162984548653,0.15215158656883654,0.12692726407406726,0.19310496057428878,independent,400,0,synthetic-v1,F9_default,ab28b8cf35d72adba1224d88adfbe86e39d13ce6ab49a2f4a58855b93ab6ec1e,ff4006c,0.1.0,2026-05-26T14:40:38+00:00
2023-04-04,0.013635729641985015,0.09988684412177842,0.15253061974991497,0.12681472747028832,0.19327643784712395,independent,400,0,synthetic-v1,F9_default,ab28b8cf35d72adba1224d88adfbe86e39d13ce6ab49a2f4a58855b93ab6ec1e,ff4006c,0.1.0,2026-05-26T14:40:38+00:00
2023-04-05,-0.022581171416852005,0.09973318671438924,0.15228361833576637,0.12687669418367883,0.1931920368741074,independent,400,0,synthetic-v1,F9_default,ab28b8cf35d72adba1224d88adfbe86e39d13ce6ab49a2f4a58855b93ab6ec1e,ff4006c,0.1.0,2026-05-26T14:40:38+00:00
2023-04-06,-0.005695361390196249,0.10019806883863494,0.1527093702089787,0.12701070906628775,0.19361070811066455,independent,400,0,synthetic-v1,F9_default,ab28b8cf35d72adba1224d88adfbe86e39d13ce6ab49a2f4a58855b93ab6ec1e,ff4006c,0.1.0,2026-05-26T14:40:38+00:00
2023-04-07,0.0010934283232555814,0.10006215999254145,0.15276030791728,0.1273140078019248,0.19331320366788882,independent,400,0,synthetic-v1,F9_default,ab28b8cf35d72adba1224d88adfbe86e39d13ce6ab49a2f4a58855b93ab6ec1e,ff4006c,0.1.0,2026-05-26T14:40:38+00:00
2023-04-10,-0.02204249265876702,0.10007658139157821,0.15290729375373688,0.1271182848035203,0.19343817259373586,independent,400,0,synthetic-v1,F9_default,ab28b8cf35d72adba1224d88adfbe86e39d13ce6ab49a2f4a58855b93ab6ec1e,ff4006c,0.1.0,2026-05-26T14:40:38+00:00
2023-04-11,0.015185781488341082,0.09861563435547153,0.15015289102757234,0.12528102196201102,0.19025039033112695,independent,400,0,synthetic-v1,F9_default,ab28b8cf35d72adba1224d88adfbe86e39d13ce6ab49a2f4a58855b93ab6ec1e,ff4006c,0.1.0,2026-05-26T14:40:38+00:00
2023-04-12,0.0092999544647002,0.09864009491759589,0.15015862391467716,0.12515759056997247,0.19018530606971273,independent,400,0,synthetic-v1,F9_default,ab28b8cf35d72adba1224d88adfbe86e39d13ce6ab49a2f4a58855b93ab6ec1e,ff4006c,0.1.0,2026-05-26T14:40:38+00:00
2023-04-13,-0.0020326625995908706,0.09853201176514496,0.1499462718417489,0.12472428981619188,0.18978600608615231,independent,400,0,synthetic-v1,F9_default,ab28b8cf35d72adba1224d88adfbe86e39d13ce6ab49a2f4a58855b93ab6ec1e,ff4006c,0.1.0,2026-05-26T14:40:38+00:00
2023-04-14,-0.022092347207505126,0.09822757671521443,0.15001203663384574,0.1250724482792277,0.19001666567679062,independent,400,0,synthetic-v1,F9_default,ab28b8cf35d72adba1224d88adfbe86e39d13ce6ab49a2f4a58855b93ab6ec1e,ff4006c,0.1.0,2026-05-26T14:40:38+00:00
2023-04-17,0.0453082643326963,0.0986212288928919,0.15015142730391437,0.12525183688388128,0.19019456108094387,independent,400,0,synthetic-v1,F9_default,ab28b8cf35d72adba1224d88adfbe86e39d13ce6ab49a2f4a58855b93ab6ec1e,ff4006c,0.1.0,2026-05-26T14:40:38+00:00
2023-04-18,0.02515069206495027,0.11395238729375647,0.17902878911978531,0.14677270502251671,0.23005750381634693,independent,400,0,synthetic-v1,F9_default,ab28b8cf35d72adba1224d88adfbe86e39d13ce6ab49a2f4a58855b93ab6ec1e,ff4006c,0.1.0,2026-05-26T14:40:38+00:00
2023-04-19,0.014877074343899985,0.11405358219318343,0.17920105827914018,0.14670994841774707,0.23036159199068593,independent,400,0,synthetic-v1,F9_default,ab28b8cf35d72adba1224d88adfbe86e39d13ce6ab49a2f4a58855b93ab6ec1e,ff4006c,0.1.0,2026-05-26T14:40:38+00:00
2023-04-20,0.023567690087591072,0.11233198397201316,0.17622687492428554,0.144540903821398,0.22661947051634151,independent,400,0,synthetic-v1,F9_default,ab28b8cf35d72adba1224d88adfbe86e39d13ce6ab49a2f4a58855b93ab6ec1e,ff4006c,0.1.0,2026-05-26T14:40:38+00:00
2023-04-21,0.00892816520103442,0.1130315737338207,0.1773201600719651,0.14497085448835204,0.2279064009804057,independent,400,0,synthetic-v1,F9_default,ab28b8cf35d72adba1224d88adfbe86e39d13ce6ab49a2f4a58855b93ab6ec1e,ff4006c,0.1.0,2026-05-26T14:40:38+00:00
2023-04-24,0.007887189592670795,0.11291698187168836,0.17777526777420807,0.14558009190788712,0.22854255166352766,independent,400,0,synthetic-v1,F9_default,ab28b8cf35d72adba1224d88adfbe86e39d13ce6ab49a2f4a58855b93ab6ec1e,ff4006c,0.1.0,2026-05-26T14:40:38+00:00
2023-04-25,-0.005602558832329721,0.11321601965137058,0.17757089581142627,0.14508447807302768,0.22818693746911228,independent,400,0,synthetic-v1,F9_default,ab28b8cf35d72adba1224d88adfbe86e39d13ce6ab49a2f4a58855b93ab6ec1e,ff4006c,0.1.0,2026-05-26T14:40:38+00:00
2023-04-26,0.0024039479504695434,0.11267585079639797,0.1769948710659916,0.14502752478127245,0.2275525690870604,independent,400,0,synthetic-v1,F9_default,ab28b8cf35d72adba1224d88adfbe86e39d13ce6ab49a2f4a58855b93ab6ec1e,ff4006c,0.1.0,2026-05-26T14:40:38+00:00
2023-04-27,-0.027753433796164604,0.11287676073146506,0.17704274463626637,0.14465360486523787,0.2276270609580776,independent,400,0,synthetic-v1,F9_default,ab28b8cf35d72adba1224d88adfbe86e39d13ce6ab49a2f4a58855b93ab6ec1e,ff4006c,0.1.0,2026-05-26T14:40:38+00:00
2023-04-28,-0.003934525109659093,0.11425064165909767,0.17963599913969786,0.1469053145998806,0.23078263475469316,independent,400,0,synthetic-v1,F9_default,ab28b8cf35d72adba1224d88adfbe86e39d13ce6ab49a2f4a58855b93ab6ec1e,ff4006c,0.1.0,2026-05-26T14:40:38+00:00
2023-05-01,-0.0029258138090869205,0.11400027233262881,0.17922730392058345,0.1470000508774475,0.2306446684334355,independent,400,0,synthetic-v1,F9_default,ab28b8cf35d72adba1224d88adfbe86e39d13ce6ab49a2f4a58855b93ab6ec1e,ff4006c,0.1.0,2026-05-26T14:40:38+00:00
2023-05-02,0.020285080234953384,0.11418106358698671,0.17926630963014412,0.1468646337395953,0.23010206240050207,independent,400,0,synthetic-v1,F9_default,ab28b8cf35d72adba1224d88adfbe86e39d13ce6ab49a2f4a58855b93ab6ec1e,ff4006c,0.1.0,2026-05-26T14:40:38+00:00
2023-05-03,0.020169395209712036,0.11392388612219082,0.17892889273153,0.14642411443580544,0.22993283717045682,independent,400,0,synthetic-v1,F9_default,ab28b8cf35d72adba1224d88adfbe86e39d13ce6ab49a2f4a58855b93ab6ec1e,ff4006c,0.1.0,2026-05-26T14:40:38+00:00
2023-05-04,0.03970388897606513,0.1141007771630481,0.17927837718256973,0.1466079249134224,0.2304011724497353,independent,400,0,synthetic-v1,F9_default,ab28b8cf35d72adba1224d88adfbe86e39d13ce6ab49a2f4a58855b93ab6ec1e,ff4006c,0.1.0,2026-05-26T14:40:38+00:00
2023-05-05,-0.024829528250243493,0.11447005782912785,0.17836503545678217,0.14675418550809471,0.2288463899355418,independent,400,0,synthetic-v1,F9_default,ab28b8cf35d72adba1224d88adfbe86e39d13ce6ab49a2f4a58855b93ab6ec1e,ff4006c,0.1.0,2026-05-26T14:40:38+00:00
2023-05-08,-0.013685010473441788,0.1143721894378916,0.1781864374723944,0.1463220096089325,0.22871536385732003,independent,400,0,synthetic-v1,F9_default,ab28b8cf35d72adba1224d88adfbe86e39d13ce6ab49a2f4a58855b93ab6ec1e,ff4006c,0.1.0,2026-05-26T14:40:38+00:00
2023-05-09,-0.015682830758585828,0.11406175654713385,0.17810458531920018,0.14633234556346314,0.22856163839749882,independent,400,0,synthetic-v1,F9_default,ab28b8cf35d72adba1224d88adfbe86e39d13ce6ab49a2f4a58855b93ab6ec1e,ff4006c,0.1.0,2026-05-26T14:40:38+00:00
2023-05-10,-0.014177707570035794,0.11434024606197828,0.17870760449860862,0.14708094996766566,0.2292680516513726,independent,400,0,synthetic-v1,F9_default,ab28b8cf35d72adba1224d88adfbe86e39d13ce6ab49a2f4a58855b93ab6ec1e,ff4006c,0.1.0,2026-05-26T14:40:38+00:00
2023-05-11,0.012662742669278202,0.11506346305784165,0.18044747823749957,0.14804799928427329,0.23136813590663732,independent,400,0,synthetic-v1,F9_default,ab28b8cf35d72adba1224d88adfbe86e39d13ce6ab49a2f4a58855b93ab6ec1e,ff4006c,0.1.0,2026-05-26T14:40:38+00:00
2023-05-12,-0.025590198561705118,0.10983517338629031,0.17171613105219732,0.14057102008970562,0.21999958444224801,independent,400,0,synthetic-v1,F9_default,ab28b8cf35d72adba1224d88adfbe86e39d13ce6ab49a2f4a58855b93ab6ec1e,ff4006c,0.1.0,2026-05-26T14:40:38+00:00
2023-05-15,0.006695855185870424,0.11040217581811461,0.1723564124307141,0.14133254558867914,0.22099632769243976,independent,400,0,synthetic-v1,F9_default,ab28b8cf35d72adba1224d88adfbe86e39d13ce6ab49a2f4a58855b93ab6ec1e,ff4006c,0.1.0,2026-05-26T14:40:38+00:00
2023-05-16,0.005106340149909975,0.11020958717761328,0.17264749771444454,0.14195262665576028,0.22115807475844362,independent,400,0,synthetic-v1,F9_default,ab28b8cf35d72adba1224d88adfbe86e39d13ce6ab49a2f4a58855b93ab6ec1e,ff4006c,0.1.0,2026-05-26T14:40:38+00:00
2023-05-17,-0.03403940369869147,0.11080463879858629,0.1727750307881342,0.14179350199044896,0.22151226652040207,independent,400,0,synthetic-v1,F9_default,ab28b8cf35d72adba1224d88adfbe86e39d13ce6ab49a2f4a58855b93ab6ec1e,ff4006c,0.1.0,2026-05-26T14:40:38+00:00
2023-05-18,-0.0015598130484004052,0.11535524314188382,0.18389774904833067,0.14891922685512748,0.2371626961465495,independent,400,0,synthetic-v1,F9_default,ab28b8cf35d72adba1224d88adfbe86e39d13ce6ab49a2f4a58855b93ab6ec1e,ff4006c,0.1.0,2026-05-26T14:40:38+00:00
2023-05-19,0.0027080149063298995,0.11625475111855961,0.185573839612021,0.15078392772282048,0.239716388287767,independent,400,0,synthetic-v1,F9_default,ab28b8cf35d72adba1224d88adfbe86e39d13ce6ab49a2f4a58855b93ab6ec1e,ff4006c,0.1.0,2026-05-26T14:40:38+00:00
2023-05-22,-0.024013166252776504,0.1163482396218592,0.18519666067384244,0.15059265675379715,0.2396044526799147,independent,400,0,synthetic-v1,F9_default,ab28b8cf35d72adba1224d88adfbe86e39d13ce6ab49a2f4a58855b93ab6ec1e,ff4006c,0.1.0,2026-05-26T14:40:38+00:00
2023-05-23,0.060805240012058684,0.11598530831465183,0.18449547254905505,0.1498718543597432,0.23856280839133515,independent,400,0,synthetic-v1,F9_default,ab28b8cf35d72adba1224d88adfbe86e39d13ce6ab49a2f4a58855b93ab6ec1e,ff4006c,0.1.0,2026-05-26T14:40:38+00:00
2023-05-24,-0.003584708726935958,0.12756554819976343,0.20789251620783994,0.1665542230758432,0.2718306632836204,independent,400,0,synthetic-v1,F9_default,ab28b8cf35d72adba1224d88adfbe86e39d13ce6ab49a2f4a58855b93ab6ec1e,ff4006c,0.1.0,2026-05-26T14:40:38+00:00
2023-05-25,0.011834087387725697,0.1273165334977072,0.20812631506664392,0.1667118774998935,0.27161503754443017,independent,400,0,synthetic-v1,F9_default,ab28b8cf35d72adba1224d88adfbe86e39d13ce6ab49a2f4a58855b93ab6ec1e,ff4006c,0.1.0,2026-05-26T14:40:38+00:00
2023-05-26,0.01114790241501139,0.1291428179137852,0.2108552362281755,0.16945245267724168,0.27512936761785445,independent,400,0,synthetic-v1,F9_default,ab28b8cf35d72adba1224d88adfbe86e39d13ce6ab49a2f4a58855b93ab6ec1e,ff4006c,0.1.0,2026-05-26T14:40:38+00:00
2023-05-29,0.0074236163630038345,0.1293120101752862,0.21074596087226677,0.16876540301090714,0.2751130469746469,independent,400,0,synthetic-v1,F9_default,ab28b8cf35d72adba1224d88adfbe86e39d13ce6ab49a2f4a58855b93ab6ec1e,ff4006c,0.1.0,2026-05-26T14:40:38+00:00
2023-05-30,-0.018147040851186378,0.12963318433799118,0.2108857841908216,0.169155007642801,0.27534274234384265,independent,400,0,synthetic-v1,F9_default,ab28b8cf35d72adba1224d88adfbe86e39d13ce6ab49a2f4a58855b93ab6ec1e,ff4006c,0.1.0,2026-05-26T14:40:38+00:00
2023-05-31,-0.017268394619646077,0.12961808350563803,0.21083386648881314,0.16847035189604423,0.2751743413603848,independent,400,0,synthetic-v1,F9_default,ab28b8cf35d72adba1224d88adfbe86e39d13ce6ab49a2f4a58855b93ab6ec1e,ff4006c,0.1.0,2026-05-26T14:40:38+00:00
2023-06-01,0.008138122859534625,0.12942016129947678,0.21104663928711348,0.16902935798970584,0.2753939055143948,independent,400,0,synthetic-v1,F9_default,ab28b8cf35d72adba1224d88adfbe86e39d13ce6ab49a2f4a58855b93ab6ec1e,ff4006c,0.1.0,2026-05-26T14:40:38+00:00
2023-06-02,0.018508193268478745,0.12909268569271193,0.21076838812331927,0.1691308039167319,0.27514153319300894,independent,400,0,synthetic-v1,F9_default,ab28b8cf35d72adba1224d88adfbe86e39d13ce6ab49a2f4a58855b93ab6ec1e,ff4006c,0.1.0,2026-05-26T14:40:38+00:00
2023-06-05,-0.010297369870686452,0.12950578660070805,0.21095711925856944,0.1687252295017112,0.2749724490410979,independent,400,0,synthetic-v1,F9_default,ab28b8cf35d72adba1224d88adfbe86e39d13ce6ab49a2f4a58855b93ab6ec1e,ff4006c,0.1.0,2026-05-26T14:40:38+00:00
2023-06-06,0.01144377067207888,0.12930658891657856,0.21070469297129768,0.16926068987237042,0.27507996130998635,independent,400,0,synthetic-v1,F9_default,ab28b8cf35d72adba1224d88adfbe86e39d13ce6ab49a2f4a58855b93ab6ec1e,ff4006c,0.1.0,2026-05-26T14:40:38+00:00
2023-06-07,-0.016791822165811814,0.12937612318917519,0.21066255143091397,0.1689055355665051,0.27477104121125706,independent,400,0,synthetic-v1,F9_default,ab28b8cf35d72adba1224d88adfbe86e39d13ce6ab49a2f4a58855b93ab6ec1e,ff4006c,0.1.0,2026-05-26T14:40:38+00:00
2023-06-08,-0.012556193719928239,0.12813119169566217,0.20839429229408962,0.16738703312399017,0.2722667300501288,independent,400,0,synthetic-v1,F9_default,ab28b8cf35d72adba1224d88adfbe86e39d13ce6ab49a2f4a58855b93ab6ec1e,ff4006c,0.1.0,2026-05-26T14:40:38+00:00
2023-06-09,0.006869000100181293,0.1281109158020171,0.20879412224914023,0.1671916919194575,0.2724403928522956,independent,400,0,synthetic-v1,F9_default,ab28b8cf35d72adba1224d88adfbe86e39d13ce6ab49a2f4a58855b93ab6ec1e,ff4006c,0.1.0,2026-05-26T14:40:38+00:00
2023-06-12,0.02988594427438892,0.1282021701918429,0.20887030180123617,0.16731642394943563,0.2726079040651499,independent,400,0,synthetic-v1,F9_default,ab28b8cf35d72adba1224d88adfbe86e39d13ce6ab49a2f4a58855b93ab6ec1e,ff4006c,0.1.0,2026-05-26T14:40:38+00:00
2023-06-13,-0.009242200553897796,0.13110990443516346,0.21555516652590634,0.172128639471074,0.2827335557266072,independent,400,0,synthetic-v1,F9_default,ab28b8cf35d72adba1224d88adfbe86e39d13ce6ab49a2f4a58855b93ab6ec1e,ff4006c,0.1.0,2026-05-26T14:40:38+00:00
2023-06-14,0.007893152209280404,0.13117332482806862,0.2154508623063022,0.17184140049155572,0.2821176235175788,independent,400,0,synthetic-v1,F9_default,ab28b8cf35d72adba1224d88adfbe86e39d13ce6ab49a2f4a58855b93ab6ec1e,ff4006c,0.1.0,2026-05-26T14:40:38+00:00
2023-06-15,-0.003792755824631898,0.13077028570441449,0.2148632761371709,0.17142178482802775,0.2815909963471542,independent,400,0,synthetic-v1,F9_default,ab28b8cf35d72adba1224d88adfbe86e39d13ce6ab49a2f4a58855b93ab6ec1e,ff4006c,0.1.0,2026-05-26T14:40:38+00:00
2023-06-16,-0.006060685085585676,0.1305678630043439,0.2146631666266876,0.17129002931343076,0.2813025250400899,independent,400,0,synthetic-v1,F9_default,ab28b8cf35d72adba1224d88adfbe86e39d13ce6ab49a2f4a58855b93ab6ec1e,ff4006c,0.1.0,2026-05-26T14:40:38+00:00
2023-06-19,0.007104575389787081,0.13031518551923033,0.21450083539738904,0.1707108992366488,0.2810883755174342,independent,400,0,synthetic-v1,F9_default,ab28b8cf35d72adba1224d88adfbe86e39d13ce6ab49a2f4a58855b93ab6ec1e,ff4006c,0.1.0,2026-05-26T14:40:38+00:00
2023-06-20,-0.00845630822334573,0.13040343280944253,0.21413429837337028,0.17066276812632464,0.2809422054709237,independent,400,0,synthetic-v1,F9_default,ab28b8cf35d72adba1224d88adfbe86e39d13ce6ab49a2f4a58855b93ab6ec1e,ff4006c,0.1.0,2026-05-26T14:40:38+00:00
2023-06-21,-0.005070659668988022,0.13050868899156823,0.2143627838689161,0.1704971992353351,0.2807371603862536,independent,400,0,synthetic-v1,F9_default,ab28b8cf35d72adba1224d88adfbe86e39d13ce6ab49a2f4a58855b93ab6ec1e,ff4006c,0.1.0,2026-05-26T14:40:38+00:00
2023-06-22,-0.00039928737014958623,0.13015298239347722,0.21425769146286333,0.17069473275326585,0.28079513073071166,independent,400,0,synthetic-v1,F9_default,ab28b8cf35d72adba1224d88adfbe86e39d13ce6ab49a2f4a58855b93ab6ec1e,ff4006c,0.1.0,2026-05-26T14:40:38+00:00
2023-06-23,-0.016089824924619016,0.13025662484005723,0.21423634287393778,0.17058619623044338,0.28097011321085613,independent,400,0,synthetic-v1,F9_default,ab28b8cf35d72adba1224d88adfbe86e39d13ce6ab49a2f4a58855b93ab6ec1e,ff4006c,0.1.0,2026-05-26T14:40:38+00:00
2023-06-26,-0.0010927417319052085,0.130129604495892,0.21376420171636207,0.1706754109339826,0.280385591758574,independent,400,0,synthetic-v1,F9_default,ab28b8cf35d72adba1224d88adfbe86e39d13ce6ab49a2f4a58855b93ab6ec1e,ff4006c,0.1.0,2026-05-26T14:40:38+00:00
2023-06-27,0.012856482145850756,0.1201632935953136,0.1912485134610183,0.15498617301895778,0.24754326639775875,independent,400,0,synthetic-v1,F9_default,ab28b8cf35d72adba1224d88adfbe86e39d13ce6ab49a2f4a58855b93ab6ec1e,ff4006c,0.1.0,2026-05-26T14:40:38+00:00
2023-06-28,-0.0020306425892199637,0.11950702454798916,0.19125502721032733,0.15472960924233659,0.24767671024482657,independent,400,0,synthetic-v1,F9_default,ab28b8cf35d72adba1224d88adfbe86e39d13ce6ab49a2f4a58855b93ab6ec1e,ff4006c,0.1.0,2026-05-26T14:40:38+00:00
2023-06-29,0.003278155120180306,0.11965464190286337,0.1910579652687842,0.15460417657711648,0.24732189529586923,independent,400,0,synthetic-v1,F9_default,ab28b8cf35d72adba1224d88adfbe86e39d13ce6ab49a2f4a58855b93ab6ec1e,ff4006c,0.1.0,2026-05-26T14:40:38+00:00
2023-06-30,0.006291715550087962,0.11985084340589111,0.19183407847931008,0.155211365951409,0.24805955129097773,independent,400,0,synthetic-v1,F9_default,ab28b8cf35d72adba1224d88adfbe86e39d13ce6ab49a2f4a58855b93ab6ec1e,ff4006c,0.1.0,2026-05-26T14:40:38+00:00
2023-07-03,0.01705942837471624,0.11937053081576364,0.19135781176759797,0.15481321707295098,0.24789757286039216,independent,400,0,synthetic-v1,F9_default,ab28b8cf35d72adba1224d88adfbe86e39d13ce6ab49a2f4a58855b93ab6ec1e,ff4006c,0.1.0,2026-05-26T14:40:38+00:00
2023-07-04,-0.012748534768120632,0.1261256540070977,0.20551726849944624,0.1642633829985953,0.2685406013012861,independent,400,0,synthetic-v1,F9_default,ab28b8cf35d72adba1224d88adfbe86e39d13ce6ab49a2f4a58855b93ab6ec1e,ff4006c,0.1.0,2026-05-26T14:40:38+00:00
2023-07-05,-0.001135748654249822,0.12619767965739542,0.20566638657708813,0.16488919436909552,0.2684409428184568,independent,400,0,synthetic-v1,F9_default,ab28b8cf35d72adba1224d88adfbe86e39d13ce6ab49a2f4a58855b93ab6ec1e,ff4006c,0.1.0,2026-05-26T14:40:38+00:00
2023-07-06,0.006214408769949649,0.121861570449115,0.19664338483535523,0.1585186684379049,0.25525595951193614,independent,400,0,synthetic-v1,F9_default,ab28b8cf35d72adba1224d88adfbe86e39d13ce6ab49a2f4a58855b93ab6ec1e,ff4006c,0.1.0,2026-05-26T14:40:38+00:00
2023-07-07,0.01453462290881726,0.1225053518805828,0.19685214244066562,0.15891993748721694,0.25521461807163764,independent,400,0,synthetic-v1,F9_default,ab28b8cf35d72adba1224d88adfbe86e39d13ce6ab49a2f4a58855b93ab6ec1e,ff4006c,0.1.0,2026-05-26T14:40:38+00:00
2023-07-10,-0.0016940607730958563,0.12208863256912982,0.19698866994213043,0.15864692244835368,0.25584480179178504,independent,400,0,synthetic-v1,F9_default,ab28b8cf35d72adba1224d88adfbe86e39d13ce6ab49a2f4a58855b93ab6ec1e,ff4006c,0.1.0,2026-05-26T14:40:38+00:00
2023-07-11,0.0020352739533129054,0.12217912140121588,0.1968099030690717,0.15898016805469056,0.2556387831286112,independent,400,0,synthetic-v1,F9_default,ab28b8cf35d72adba1224d88adfbe86e39d13ce6ab49a2f4a58855b93ab6ec1e,ff4006c,0.1.0,2026-05-26T14:40:38+00:00
2023-07-12,0.002371514928966048,0.12238962674997726,0.1970877061799402,0.15853711945615928,0.25584291329206904,independent,400,0,synthetic-v1,F9_default,ab28b8cf35d72adba1224d88adfbe86e39d13ce6ab49a2f4a58855b93ab6ec1e,ff4006c,0.1.0,2026-05-26T14:40:38+00:00
2023-07-13,-0.01233451048822596,0.12190091581084085,0.19665415421521465,0.15854167742055236,0.25527350202197285,independent,400,0,synthetic-v1,F9_default,ab28b8cf35d72adba1224d88adfbe86e39d13ce6ab49a2f4a58855b93ab6ec1e,ff4006c,0.1.0,2026-05-26T14:40:38+00:00
2023-07-14,-0.00010438283545583578,0.12218825307037438,0.1965363159405621,0.15867483708628818,0.2550332893740807,independent,400,0,synthetic-v1,F9_default,ab28b8cf35d72adba1224d88adfbe86e39d13ce6ab49a2f4a58855b93ab6ec1e,ff4006c,0.1.0,2026-05-26T14:40:38+00:00
2023-07-17,-0.023252581538472424,0.12245492907333007,0.19668700998354655,0.1587746836277432,0.25538285643759845,independent,400,0,synthetic-v1,F9_default,ab28b8cf35d72adba1224d88adfbe86e39d13ce6ab49a2f4a58855b93ab6ec1e,ff4006c,0.1.0,2026-05-26T14:40:38+00:00
2023-07-18,-0.009583346687579443,0.12229880352225576,0.19683812190205852,0.15862433877745957,0.25537176378196486,independent,400,0,synthetic-v1,F9_default,ab28b8cf35d72adba1224d88adfbe86e39d13ce6ab49a2f4a58855b93ab6ec1e,ff4006c,0.1.0,2026-05-26T14:40:38+00:00
2023-07-19,-0.0019810942175741654,0.1226018256833396,0.19702116148496895,0.15901704663071453,0.25603615994227547,independent,400,0,synthetic-v1,F9_default,ab28b8cf35d72adba1224d88adfbe86e39d13ce6ab49a2f4a58855b93ab6ec1e,ff4006c,0.1.0,2026-05-26T14:40:38+00:00
2023-07-20,-0.01190384576902756,0.12284680169834067,0.19723484968270732,0.1590234901287047,0.25584645172632675,independent,400,0,synthetic-v1,F9_default,ab28b8cf35d72adba1224d88adfbe86e39d13ce6ab49a2f4a58855b93ab6ec1e,ff4006c,0.1.0,2026-05-26T14:40:38+00:00
2023-07-21,0.005319384246727997,0.1225609921971698,0.19732015026179256,0.15926714281104035,0.25591660720913856,independent,400,0,synthetic-v1,F9_default,ab28b8cf35d72adba1224d88adfbe86e39d13ce6ab49a2f4a58855b93ab6ec1e,ff4006c,0.1.0,2026-05-26T14:40:38+00:00
2023-07-24,-0.018921979871431464,0.12244805409561149,0.19717892320218833,0.1591065442200123,0.25574668659693933,independent,400,0,synthetic-v1,F9_default,ab28b8cf35d72adba1224d88adfbe86e39d13ce6ab49a2f4a58855b93ab6ec1e,ff4006c,0.1.0,2026-05-26T14:40:38+00:00
2023-07-25,0.021134294371387558,0.12261823461810256,0.19867016140967625,0.15963636975438206,0.25851059410402477,independent,400,0,synthetic-v1,F9_default,ab28b8cf35d72adba1224d88adfbe86e39d13ce6ab49a2f4a58855b93ab6ec1e,ff4006c,0.1.0,2026-05-26T14:40:38+00:00
2023-07-26,0.004120035690708514,0.12075024415994846,0.1943772543696662,0.15661644279336062,0.25280275184872664,independent,400,0,synthetic-v1,F9_default,ab28b8cf35d72adba1224d88adfbe86e39d13ce6ab49a2f4a58855b93ab6ec1e,ff4006c,0.1.0,2026-05-26T14:40:38+00:00
2023-07-27,-0.0008758216494601207,0.11898927585133603,0.19217660760562977,0.15429280232998055,0.24979199799291055,independent,400,0,synthetic-v1,F9_default,ab28b8cf35d72adba1224d88adfbe86e39d13ce6ab49a2f4a58855b93ab6ec1e,ff4006c,0.1.0,2026-05-26T14:40:38+00:00
2023-07-28,0.006260009825966461,0.12028193397335024,0.1943882850298485,0.15718274480584774,0.2525223860102851,independent,400,0,synthetic-v1,F9_default,ab28b8cf35d72adba1224d88adfbe86e39d13ce6ab49a2f4a58855b93ab6ec1e,ff4006c,0.1.0,2026-05-26T14:40:38+00:00
2023-07-31,-0.013514152946439938,0.12092446332158747,0.19462291379705937,0.15671597620558997,0.2530633062281281,independent,400,0,synthetic-v1,F9_default,ab28b8cf35d72adba1224d88adfbe86e39d13ce6ab49a2f4a58855b93ab6ec1e,ff4006c,0.1.0,2026-05-26T14:40:38+00:00
2023-08-01,0.010047090883736372,0.12114642324694651,0.194430827919833,0.1566363378141377,0.25266554413762543,independent,400,0,synthetic-v1,F9_default,ab28b8cf35d72adba1224d88adfbe86e39d13ce6ab49a2f4a58855b93ab6ec1e,ff4006c,0.1.0,2026-05-26T14:40:38+00:00
2023-08-02,-0.002651247786442251,0.1205659140376954,0.19429871766265847,0.15666305853737802,0.2525786503182148,independent,400,0,synthetic-v1,F9_default,ab28b8cf35d72adba1224d88adfbe86e39d13ce6ab49a2f4a58855b93ab6ec1e,ff4006c,0.1.0,2026-05-26T14:40:38+00:00
2023-08-03,-0.024886248713207014,0.12094147145693478,0.19504204620712356,0.1573772578267634,0.2532892687612833,independent,400,0,synthetic-v1,F9_default,ab28b8cf35d72adba1224d88adfbe86e39d13ce6ab49a2f4a58855b93ab6ec1e,ff4006c,0.1.0,2026-05-26T14:40:38+00:00
2023-08-04,-0.02631194041542051,0.1209399125833706,0.19456691618092153,0.15673871831399827,0.2530030537223148,independent,400,0,synthetic-v1,F9_default,ab28b8cf35d72adba1224d88adfbe86e39d13ce6ab49a2f4a58855b93ab6ec1e,ff4006c,0.1.0,2026-05-26T14:40:38+00:00
2023-08-07,0.031520995387686816,0.12113831361773743,0.19465347670958033,0.15704973726705912,0.2529394270579399,independent,400,0,synthetic-v1,F9_default,ab28b8cf35d72adba1224d88adfbe86e39d13ce6ab49a2f4a58855b93ab6ec1e,ff4006c,0.1.0,2026-05-26T14:40:38+00:00
2023-08-08,-0.010016259622228157,0.12246990686229176,0.19879358352700546,0.1597617789765291,0.25889318074271805,independent,400,0,synthetic-v1,F9_default,ab28b8cf35d72adba1224d88adfbe86e39d13ce6ab49a2f4a58855b93ab6ec1e,ff4006c,0.1.0,2026-05-26T14:40:38+00:00
2023-08-09,0.01210820353351774,0.12232319660325873,0.19825678993146073,0.15976675451930272,0.2582159282009546,independent,400,0,synthetic-v1,F9_default,ab28b8cf35d72adba1224d88adfbe86e39d13ce6ab49a2f4a58855b93ab6ec1e,ff4006c,0.1.0,2026-05-26T14:40:38+00:00
2023-08-10,-0.0023199095928325684,0.1228404269338357,0.19912221658146712,0.1599062053460838,0.25918242100148725,independent,400,0,synthetic-v1,F9_default,ab28b8cf35d72adba1224d88adfbe86e39d13ce6ab49a2f4a58855b93ab6ec1e,ff4006c,0.1.0,2026-05-26T14:40:38+00:00
2023-08-11,0.0028426772289600086,0.12274162450467538,0.19913819496074825,0.1593124227197032,0.25915331524112734,independent,400,0,synthetic-v1,F9_default,ab28b8cf35d72adba1224d88adfbe86e39d13ce6ab49a2f4a58855b93ab6ec1e,ff4006c,0.1.0,2026-05-26T14:40:38+00:00
2023-08-14,0.012499259193924478,0.12305407198834444,0.19904279396544122,0.1597321775943694,0.2592217783276041,independent,400,0,synthetic-v1,F9_default,ab28b8cf35d72adba1224d88adfbe86e39d13ce6ab49a2f4a58855b93ab6ec1e,ff4006c,0.1.0,2026-05-26T14:40:38+00:00
2023-08-15,-0.016773551892564253,0.12262455821104155,0.1988433389330666,0.1598211933243495,0.25915298703496237,independent,400,0,synthetic-v1,F9_default,ab28b8cf35d72adba1224d88adfbe86e39d13ce6ab49a2f4a58855b93ab6ec1e,ff4006c,0.1.0,2026-05-26T14:40:38+00:00
2023-08-16,0.010663224815992215,0.12304276134143004,0.19868830727473497,0.1598050646484924,0.2587954602016659,independent,400,0,synthetic-v1,F9_default,ab28b8cf35d72adba1224d88adfbe86e39d13ce6ab49a2f4a58855b93ab6ec1e,ff4006c,0.1.0,2026-05-26T14:40:38+00:00
2023-08-17,-0.01338462328269827,0.12250964784066634,0.1983950653968738,0.15925601703964792,0.2585369780817682,independent,400,0,synthetic-v1,F9_default,ab28b8cf35d72adba1224d88adfbe86e39d13ce6ab49a2f4a58855b93ab6ec1e,ff4006c,0.1.0,2026-05-26T14:40:38+00:00
2023-08-18,0.037069862343093465,0.12249710975550904,0.19840129436353407,0.15905580949804876,0.25865972748298993,independent,400,0,synthetic-v1,F9_default,ab28b8cf35d72adba1224d88adfbe86e39d13ce6ab49a2f4a58855b93ab6ec1e,ff4006c,0.1.0,2026-05-26T14:40:38+00:00
2023-08-21,0.004234706491764944,0.12680967701731577,0.2080590484412639,0.16584783165022987,0.27211926826407906,independent,400,0,synthetic-v1,F9_default,ab28b8cf35d72adba1224d88adfbe86e39d13ce6ab49a2f4a58855b93ab6ec1e,ff4006c,0.1.0,2026-05-26T14:40:38+00:00
2023-08-22,0.0017363845853780708,0.12502503478926796,0.20526974209990614,0.16354977054376005,0.2689390096924684,independent,400,0,synthetic-v1,F9_default,ab28b8cf35d72adba1224d88adfbe86e39d13ce6ab49a2f4a58855b93ab6ec1e,ff4006c,0.1.0,2026-05-26T14:40:38+00:00
2023-08-23,-0.0043384838094579666,0.12704395063949736,0.2080863202622314,0.16593069990080206,0.2719177127052071,independent,400,0,synthetic-v1,F9_default,ab28b8cf35d72adba1224d88adfbe86e39d13ce6ab49a2f4a58855b93ab6ec1e,ff4006c,0.1.0,2026-05-26T14:40:38+00:00
2023-08-24,-0.016043823065664292,0.12689279536216497,0.2077245511557985,0.16607937990251787,0.27218281650174164,independent,400,0,synthetic-v1,F9_default,ab28b8cf35d72adba1224d88adfbe86e39d13ce6ab49a2f4a58855b93ab6ec1e,ff4006c,0.1.0,2026-05-26T14:40:38+00:00
2023-08-25,-0.017864345635057687,0.12655379241433168,0.20735940576190193,0.1654193177655747,0.27111896583700046,independent,400,0,synthetic-v1,F9_default,ab28b8cf35d72adba1224d88adfbe86e39d13ce6ab49a2f4a58855b93ab6ec1e,ff4006c,0.1.0,2026-05-26T14:40:38+00:00
2023-08-28,-0.03885187422416318,0.12654168290252477,0.20734077357021008,0.16577837339516915,0.271286280105968,independent,400,0,synthetic-v1,F9_default,ab28b8cf35d72adba1224d88adfbe86e39d13ce6ab49a2f4a58855b93ab6ec1e,ff4006c,0.1.0,2026-05-26T14:40:38+00:00
2023-08-29,0.03617385653759767,0.12574874804430097,0.20582172966751472,0.1643993087568336,0.2693519430718035,independent,400,0,synthetic-v1,F9_default,ab28b8cf35d72adba1224d88adfbe86e39d13ce6ab49a2f4a58855b93ab6ec1e,ff4006c,0.1.0,2026-05-26T14:40:38+00:00
2023-08-30,-0.005463672074387117,0.12100504341223939,0.1943879788697367,0.1567658351978305,0.2522934478581469,independent,400,0,synthetic-v1,F9_default,ab28b8cf35d72adba1224d88adfbe86e39d13ce6ab49a2f4a58855b93ab6ec1e,ff4006c,0.1.0,2026-05-26T14:40:38+00:00
2023-08-31,-0.010524974372414623,0.1210791635326027,0.19457896232265126,0.15673433932362935,0.25232348304873,independent,400,0,synthetic-v1,F9_default,ab28b8cf35d72adba1224d88adfbe86e39d13ce6ab49a2f4a58855b93ab6ec1e,ff4006c,0.1.0,2026-05-26T14:40:38+00:00
2023-09-01,-0.013941117560126365,0.09468733847400362,0.14698765885132548,0.12035770969082214,0.18822585756532156,independent,400,0,synthetic-v1,F9_default,ab28b8cf35d72adba1224d88adfbe86e39d13ce6ab49a2f4a58855b93ab6ec1e,ff4006c,0.1.0,2026-05-26T14:40:38+00:00
2023-09-04,-0.014591374164511473,0.09496327361385912,0.14752570241410415,0.12094206435372136,0.18858632566370642,independent,400,0,synthetic-v1,F9_default,ab28b8cf35d72adba1224d88adfbe86e39d13ce6ab49a2f4a58855b93ab6ec1e,ff4006c,0.1.0,2026-05-26T14:40:38+00:00
2023-09-05,0.021137043187514307,0.09655065936802448,0.1500769970554282,0.1227783261223677,0.19235448135648953,independent,400,0,synthetic-v1,F9_default,ab28b8cf35d72adba1224d88adfbe86e39d13ce6ab49a2f4a58855b93ab6ec1e,ff4006c,0.1.0,2026-05-26T14:40:38+00:00
2023-09-06,-3.4949726739175695e-05,0.09617769938119555,0.15028172022913772,0.12296002927832919,0.19255116221249147,independent,400,0,synthetic-v1,F9_default,ab28b8cf35d72adba1224d88adfbe86e39d13ce6ab49a2f4a58855b93ab6ec1e,ff4006c,0.1.0,2026-05-26T14:40:38+00:00
2023-09-07,-0.06871898703693799,0.09608995688278518,0.15024379410442165,0.1229751043536783,0.1924576910272947,independent,400,0,synthetic-v1,F9_default,ab28b8cf35d72adba1224d88adfbe86e39d13ce6ab49a2f4a58855b93ab6ec1e,ff4006c,0.1.0,2026-05-26T14:40:38+00:00
2023-09-08,0.00784263765990288,0.09632365425789982,0.15025273630438363,0.12314314662868783,0.19245853756009737,independent,400,0,synthetic-v1,F9_default,ab28b8cf35d72adba1224d88adfbe86e39d13ce6ab49a2f4a58855b93ab6ec1e,ff4006c,0.1.0,2026-05-26T14:40:38+00:00
2023-09-11,0.0041064900238350485,0.0962708605512785,0.14983104944138453,0.1227533086296126,0.19228946156421683,independent,400,0,synthetic-v1,F9_default,ab28b8cf35d72adba1224d88adfbe86e39d13ce6ab49a2f4a58855b93ab6ec1e,ff4006c,0.1.0,2026-05-26T14:40:38+00:00
2023-09-12,0.02433274602640004,0.09611050661193261,0.1501550206353619,0.12269584575670546,0.19216178704903292,independent,400,0,synthetic-v1,F9_default,ab28b8cf35d72adba1224d88adfbe86e39d13ce6ab49a2f4a58855b93ab6ec1e,ff4006c,0.1.0,2026-05-26T14:40:38+00:00
2023-09-13,-0.004799113693792515,0.09616551318476667,0.1498736598992928,0.12265213714583169,0.19176801105777008,independent,400,0,synthetic-v1,F9_default,ab28b8cf35d72adba1224d88adfbe86e39d13ce6ab49a2f4a58855b93ab6ec1e,ff4006c,0.1.0,2026-05-26T14:40:38+00:00
2023-09-14,0.028703833809872945,0.0962959364787716,0.14988440125093386,0.12253925546519523,0.19214744148809967,independent,400,0,synthetic-v1,F9_default,ab28b8cf35d72adba1224d88adfbe86e39d13ce6ab49a2f4a58855b93ab6ec1e,ff4006c,0.1.0,2026-05-26T14:40:38+00:00
2023-09-15,0.031119474829451897,0.0942140667935383,0.14513825783485035,0.11969334490560612,0.18466982341499255,independent,400,0,synthetic-v1,F9_default,ab28b8cf35d72adba1224d88adfbe86e39d13ce6ab49a2f4a58855b93ab6ec1e,ff4006c,0.1.0,2026-05-26T14:40:38+00:00
2023-09-18,0.0029791921621499812,0.09290472330234753,0.14299895935385848,0.11841597931802034,0.18201153706244969,independent,400,0,synthetic-v1,F9_default,ab28b8cf35d72adba1224d88adfbe86e39d13ce6ab49a2f4a58855b93ab6ec1e,ff4006c,0.1.0,2026-05-26T14:40:38+00:00
2023-09-19,-0.040045024265113235,0.09330421495857931,0.14331676808661864,0.11847160792528603,0.182579635706071,independent,400,0,synthetic-v1,F9_default,ab28b8cf35d72adba1224d88adfbe86e39d13ce6ab49a2f4a58855b93ab6ec1e,ff4006c,0.1.0,2026-05-26T14:40:38+00:00
2023-09-20,0.00411542175546373,0.09276606141352617,0.14240953247889368,0.1174341301454656,0.18152799425061852,independent,400,0,synthetic-v1,F9_default,ab28b8cf35d72adba1224d88adfbe86e39d13ce6ab49a2f4a58855b93ab6ec1e,ff4006c,0.1.0,2026-05-26T14:40:38+00:00
2023-09-21,0.03538352574850794,0.09273194160347749,0.1424174625770192,0.11729227337291696,0.18139844333224514,independent,400,0,synthetic-v1,F9_default,ab28b8cf35d72adba1224d88adfbe86e39d13ce6ab49a2f4a58855b93ab6ec1e,ff4006c,0.1.0,2026-05-26T14:40:38+00:00
2023-09-22,-0.024415679974065956,0.09220104695299429,0.14128631788276877,0.11695587485468871,0.17996356242828407,independent,400,0,synthetic-v1,F9_default,ab28b8cf35d72adba1224d88adfbe86e39d13ce6ab49a2f4a58855b93ab6ec1e,ff4006c,0.1.0,2026-05-26T14:40:38+00:00
2023-09-25,0.025237520997590537,0.09196267976069496,0.14087574300927364,0.1166287329306111,0.17947008840051834,independent,400,0,synthetic-v1,F9_default,ab28b8cf35d72adba1224d88adfbe86e39d13ce6ab49a2f4a58855b93ab6ec1e,ff4006c,0.1.0,2026-05-26T14:40:38+00:00
2023-09-26,-0.021187523405176465,0.09144542734255223,0.13939764590248183,0.11554571305329935,0.17668947666320767,independent,400,0,synthetic-v1,F9_default,ab28b8cf35d72adba1224d88adfbe86e39d13ce6ab49a2f4a58855b93ab6ec1e,ff4006c,0.1.0,2026-05-26T14:40:38+00:00
2023-09-27,0.012197449771642293,0.0857519619762357,0.13188736276483837,0.10912343581736232,0.1678705891330555,independent,400,0,synthetic-v1,F9_default,ab28b8cf35d72adba1224d88adfbe86e39d13ce6ab49a2f4a58855b93ab6ec1e,ff4006c,0.1.0,2026-05-26T14:40:38+00:00
2023-09-28,-0.008319105222334769,0.0858118283066903,0.13192068857819023,0.10889683883995381,0.16800410659049553,independent,400,0,synthetic-v1,F9_default,ab28b8cf35d72adba1224d88adfbe86e39d13ce6ab49a2f4a58855b93ab6ec1e,ff4006c,0.1.0,2026-05-26T14:40:38+00:00
2023-09-29,0.027169041486707332,0.08569669001559951,0.13178626255794057,0.10897891050704146,0.16780203095855215,independent,400,0,synthetic-v1,F9_default,ab28b8cf35d72adba1224d88adfbe86e39d13ce6ab49a2f4a58855b93ab6ec1e,ff4006c,0.1.0,2026-05-26T14:40:38+00:00
2023-10-02,0.039188458504886094,0.08695973392485754,0.13413975493520122,0.11057461387048895,0.1712074237296524,independent,400,0,synthetic-v1,F9_default,ab28b8cf35d72adba1224d88adfbe86e39d13ce6ab49a2f4a58855b93ab6ec1e,ff4006c,0.1.0,2026-05-26T14:40:38+00:00
2023-10-03,0.00482773347074037,0.09212921033878646,0.14251906433555683,0.11747021357904991,0.18205158616471623,independent,400,0,synthetic-v1,F9_default,ab28b8cf35d72adba1224d88adfbe86e39d13ce6ab49a2f4a58855b93ab6ec1e,ff4006c,0.1.0,2026-05-26T14:40:38+00:00
2023-10-04,0.0309885467599889,0.09201406740269172,0.14270023899602857,0.11751119655501115,0.1820465545994857,independent,400,0,synthetic-v1,F9_default,ab28b8cf35d72adba1224d88adfbe86e39d13ce6ab49a2f4a58855b93ab6ec1e,ff4006c,0.1.0,2026-05-26T14:40:38+00:00
2023-10-05,-0.010851080523603795,0.08727318959675169,0.13406745248519333,0.11038716021909045,0.17084186505324617,independent,400,0,synthetic-v1,F9_default,ab28b8cf35d72adba1224d88adfbe86e39d13ce6ab49a2f4a58855b93ab6ec1e,ff4006c,0.1.0,2026-05-26T14:40:38+00:00
2023-10-06,-0.00882253320742698,0.08702816016656464,0.13412035675568704,0.11044185248721983,0.17083720635976982,independent,400,0,synthetic-v1,F9_default,ab28b8cf35d72adba1224d88adfbe86e39d13ce6ab49a2f4a58855b93ab6ec1e,ff4006c,0.1.0,2026-05-26T14:40:38+00:00
2023-10-09,-0.008342499937488092,0.0867584923262938,0.13391661054518428,0.110238173450216,0.17069725919912357,independent,400,0,synthetic-v1,F9_default,ab28b8cf35d72adba1224d88adfbe86e39d13ce6ab49a2f4a58855b93ab6ec1e,ff4006c,0.1.0,2026-05-26T14:40:38+00:00
2023-10-10,0.013101957877283766,0.08643905596064709,0.13349511919733517,0.11005815580739943,0.16998972308079466,independent,400,0,synthetic-v1,F9_default,ab28b8cf35d72adba1224d88adfbe86e39d13ce6ab49a2f4a58855b93ab6ec1e,ff4006c,0.1.0,2026-05-26T14:40:38+00:00
2023-10-11,-0.01947309987276934,0.08658370881985317,0.13351957192038955,0.11016767018962162,0.17004263856888369,independent,400,0,synthetic-v1,F9_default,ab28b8cf35d72adba1224d88adfbe86e39d13ce6ab49a2f4a58855b93ab6ec1e,ff4006c,0.1.0,2026-05-26T14:40:38+00:00
2023-10-12,-0.010008083608179619,0.08674188405163095,0.1333540231440206,0.11012310490981764,0.1701018279717746,independent,400,0,synthetic-v1,F9_default,ab28b8cf35d72adba1224d88adfbe86e39d13ce6ab49a2f4a58855b93ab6ec1e,ff4006c,0.1.0,2026-05-26T14:40:38+00:00
2023-10-13,-0.016617511923920563,0.0867476896767291,0.13353454307810864,0.11009340759468976,0.1703149087241782,independent,400,0,synthetic-v1,F9_default,ab28b8cf35d72adba1224d88adfbe86e39d13ce6ab49a2f4a58855b93ab6ec1e,ff4006c,0.1.0,2026-05-26T14:40:38+00:00
2023-10-16,0.025802699606241344,0.08652150037130509,0.1334781159394069,0.10999543403440346,0.17009144696468165,independent,400,0,synthetic-v1,F9_default,ab28b8cf35d72adba1224d88adfbe86e39d13ce6ab49a2f4a58855b93ab6ec1e,ff4006c,0.1.0,2026-05-26T14:40:38+00:00
2023-10-17,-0.00921776518564017,0.08612402837357892,0.13281748072238656,0.10936169516875642,0.16948264348724384,independent,400,0,synthetic-v1,F9_default,ab28b8cf35d72adba1224d88adfbe86e39d13ce6ab49a2f4a58855b93ab6ec1e,ff4006c,0.1.0,2026-05-26T14:40:38+00:00
2023-10-18,0.02741124964019489,0.08745819868366878,0.13428294914073946,0.11098859842389547,0.1710399978077299,independent,400,0,synthetic-v1,F9_default,ab28b8cf35d72adba1224d88adfbe86e39d13ce6ab49a2f4a58855b93ab6ec1e,ff4006c,0.1.0,2026-05-26T14:40:38+00:00
2023-10-19,-0.014593834831316242,0.0878142634293871,0.13473860807843663,0.11127406527940653,0.17164050796592334,independent,400,0,synthetic-v1,F9_default,ab28b8cf35d72adba1224d88adfbe86e39d13ce6ab49a2f4a58855b93ab6ec1e,ff4006c,0.1.0,2026-05-26T14:40:38+00:00
2023-10-20,-0.02197055450955894,0.08489831600532063,0.1288262838923894,0.10728803166484337,0.16285527696736884,independent,400,0,synthetic-v1,F9_default,ab28b8cf35d72adba1224d88adfbe86e39d13ce6ab49a2f4a58855b93ab6ec1e,ff4006c,0.1.0,2026-05-26T14:40:38+00:00
2023-10-23,-0.006216824017242071,0.08490500555063481,0.1287242871958444,0.10715397794257284,0.1629215445271677,independent,400,0,synthetic-v1,F9_default,ab28b8cf35d72adba1224d88adfbe86e39d13ce6ab49a2f4a58855b93ab6ec1e,ff4006c,0.1.0,2026-05-26T14:40:38+00:00
2023-10-24,-0.014155929257670946,0.08499754156694125,0.12869277379285576,0.10702941888019377,0.16279841409789164,independent,400,0,synthetic-v1,F9_default,ab28b8cf35d72adba1224d88adfbe86e39d13ce6ab49a2f4a58855b93ab6ec1e,ff4006c,0.1.0,2026-05-26T14:40:38+00:00
2023-10-25,0.01626350917163663,0.08504961567825582,0.12850579425719183,0.10743525298536069,0.16227005077018009,independent,400,0,synthetic-v1,F9_default,ab28b8cf35d72adba1224d88adfbe86e39d13ce6ab49a2f4a58855b93ab6ec1e,ff4006c,0.1.0,2026-05-26T14:40:38+00:00
2023-10-26,-0.019899214562092916,0.08535919175770727,0.12866299567819534,0.10736453050104247,0.16248825358993005,independent,400,0,synthetic-v1,F9_default,ab28b8cf35d72adba1224d88adfbe86e39d13ce6ab49a2f4a58855b93ab6ec1e,ff4006c,0.1.0,2026-05-26T14:40:38+00:00
2023-10-27,0.0011596185291478246,0.08493842605636122,0.12849151034005196,0.10735734937700837,0.16209939220742975,independent,400,0,synthetic-v1,F9_default,ab28b8cf35d72adba1224d88adfbe86e39d13ce6ab49a2f4a58855b93ab6ec1e,ff4006c,0.1.0,2026-05-26T14:40:38+00:00
2023-10-30,-0.007454512539077517,0.08500820508965894,0.12829073526250817,0.1069813734994293,0.1622370137111706,independent,400,0,synthetic-v1,F9_default,ab28b8cf35d72adba1224d88adfbe86e39d13ce6ab49a2f4a58855b93ab6ec1e,ff4006c,0.1.0,2026-05-26T14:40:38+00:00
2023-10-31,0.0013344021527954533,0.08493783651866307,0.12834094268544174,0.10694930296021359,0.16212214461164937,independent,400,0,synthetic-v1,F9_default,ab28b8cf35d72adba1224d88adfbe86e39d13ce6ab49a2f4a58855b93ab6ec1e,ff4006c,0.1.0,2026-05-26T14:40:38+00:00
2023-11-01,-0.002435714749556007,0.08506203927285022,0.1287960443388524,0.10742874370664168,0.16268031211057649,independent,400,0,synthetic-v1,F9_default,ab28b8cf35d72adba1224d88adfbe86e39d13ce6ab49a2f4a58855b93ab6ec1e,ff4006c,0.1.0,2026-05-26T14:40:38+00:00
2023-11-02,-0.0273706288554064,0.08508310057884405,0.1286495533058944,0.1074321800648529,0.1626017244169463,independent,400,0,synthetic-v1,F9_default,ab28b8cf35d72adba1224d88adfbe86e39d13ce6ab49a2f4a58855b93ab6ec1e,ff4006c,0.1.0,2026-05-26T14:40:38+00:00
2023-11-03,0.01026222593797476,0.08503574149376318,0.12857249999813225,0.10720430659136128,0.16270339867746966,independent,400,0,synthetic-v1,F9_default,ab28b8cf35d72adba1224d88adfbe86e39d13ce6ab49a2f4a58855b93ab6ec1e,ff4006c,0.1.0,2026-05-26T14:40:38+00:00
2023-11-06,-0.013807861714912184,0.08504100572957268,0.12851650260531888,0.10721046775143273,0.16273973793581306,independent,400,0,synthetic-v1,F9_default,ab28b8cf35d72adba1224d88adfbe86e39d13ce6ab49a2f4a58855b93ab6ec1e,ff4006c,0.1.0,2026-05-26T14:40:38+00:00
2023-11-07,-0.012767425471300326,0.0850232833078812,0.12870562374837696,0.10720088612147065,0.1625925997041038,independent,400,0,synthetic-v1,F9_default,ab28b8cf35d72adba1224d88adfbe86e39d13ce6ab49a2f4a58855b93ab6ec1e,ff4006c,0.1.0,2026-05-26T14:40:38+00:00
2023-11-08,0.006357828619028167,0.08515286760928643,0.1287578460544252,0.1073079924122189,0.1625045204022415,independent,400,0,synthetic-v1,F9_default,ab28b8cf35d72adba1224d88adfbe86e39d13ce6ab49a2f4a58855b93ab6ec1e,ff4006c,0.1.0,2026-05-26T14:40:38+00:00
2023-11-09,-0.016360026762296666,0.08499801583760527,0.1281651720753468,0.10689247693087135,0.16206877152090968,independent,400,0,synthetic-v1,F9_default,ab28b8cf35d72adba1224d88adfbe86e39d13ce6ab49a2f4a58855b93ab6ec1e,ff4006c,0.1.0,2026-05-26T14:40:38+00:00
2023-11-10,0.0032191606443094907,0.08593776644172715,0.1303108165459411,0.10896262043588188,0.16460150869593876,independent,400,0,synthetic-v1,F9_default,ab28b8cf35d72adba1224d88adfbe86e39d13ce6ab49a2f4a58855b93ab6ec1e,ff4006c,0.1.0,2026-05-26T14:40:38+00:00
2023-11-13,-0.03222950034475394,0.08588460887208622,0.13005691740239014,0.10875230457699342,0.16436479858357958,independent,400,0,synthetic-v1,F9_default,ab28b8cf35d72adba1224d88adfbe86e39d13ce6ab49a2f4a58855b93ab6ec1e,ff4006c,0.1.0,2026-05-26T14:40:38+00:00
2023-11-14,-0.004466671951343088,0.0856741380104787,0.12981033757785307,0.10832856682156973,0.1641096748465901,independent,400,0,synthetic-v1,F9_default,ab28b8cf35d72adba1224d88adfbe86e39d13ce6ab49a2f4a58855b93ab6ec1e,ff4006c,0.1.0,2026-05-26T14:40:38+00:00
2023-11-15,0.004736827651154932,0.08580186777762194,0.12993616263342816,0.10811525138981501,0.1641273594502195,independent,400,0,synthetic-v1,F9_default,ab28b8cf35d72adba1224d88adfbe86e39d13ce6ab49a2f4a58855b93ab6ec1e,ff4006c,0.1.0,2026-05-26T14:40:38+00:00
2023-11-16,-0.0013453226266902092,0.08584769280022875,0.12977317374902012,0.10805802168111248,0.16398514121246144,independent,400,0,synthetic-v1,F9_default,ab28b8cf35d72adba1224d88adfbe86e39d13ce6ab49a2f4a58855b93ab6ec1e,ff4006c,0.1.0,2026-05-26T14:40:38+00:00
2023-11-17,0.029587112272490914,0.09053207515658167,0.13798000875812164,0.1147280528309263,0.17459810575597173,independent,400,0,synthetic-v1,F9_default,ab28b8cf35d72adba1224d88adfbe86e39d13ce6ab49a2f4a58855b93ab6ec1e,ff4006c,0.1.0,2026-05-26T14:40:38+00:00
2023-11-20,0.013356637772091107,0.08731413604619921,0.13150621689357,0.10950631822487622,0.16623143595463669,independent,400,0,synthetic-v1,F9_default,ab28b8cf35d72adba1224d88adfbe86e39d13ce6ab49a2f4a58855b93ab6ec1e,ff4006c,0.1.0,2026-05-26T14:40:38+00:00
2023-11-21,-0.03527720457105075,0.08698919301389763,0.13139810764774149,0.10960498719900945,0.16580461723629264,independent,400,0,synthetic-v1,F9_default,ab28b8cf35d72adba1224d88adfbe86e39d13ce6ab49a2f4a58855b93ab6ec1e,ff4006c,0.1.0,2026-05-26T14:40:38+00:00
2023-11-22,0.011410611809697085,0.08699058816781077,0.13135205044075404,0.11001660609160083,0.16600028312597975,independent,400,0,synthetic-v1,F9_default,ab28b8cf35d72adba1224d88adfbe86e39d13ce6ab49a2f4a58855b93ab6ec1e,ff4006c,0.1.0,2026-05-26T14:40:38+00:00
2023-11-23,0.007442355979199703,0.08686721124599743,0.1315343497286487,0.10993512613911123,0.16611081621631826,independent,400,0,synthetic-v1,F9_default,ab28b8cf35d72adba1224d88adfbe86e39d13ce6ab49a2f4a58855b93ab6ec1e,ff4006c,0.1.0,2026-05-26T14:40:38+00:00
2023-11-24,-0.000782835557163464,0.08711324296564255,0.13157327795527302,0.10989428808385841,0.16617584015143147,independent,400,0,synthetic-v1,F9_default,ab28b8cf35d72adba1224d88adfbe86e39d13ce6ab49a2f4a58855b93ab6ec1e,ff4006c,0.1.0,2026-05-26T14:40:38+00:00
2023-11-27,0.011474241831814778,0.08695542946754298,0.1314525574149738,0.10965098866117705,0.16616758871633602,independent,400,0,synthetic-v1,F9_default,ab28b8cf35d72adba1224d88adfbe86e39d13ce6ab49a2f4a58855b93ab6ec1e,ff4006c,0.1.0,2026-05-26T14:40:38+00:00
2023-11-28,-0.029374729839522905,0.08729423176242375,0.1313483539791071,0.10965792248416888,0.16581856585602214,independent,400,0,synthetic-v1,F9_default,ab28b8cf35d72adba1224d88adfbe86e39d13ce6ab49a2f4a58855b93ab6ec1e,ff4006c,0.1.0,2026-05-26T14:40:38+00:00
2023-11-29,0.011876418039928425,0.08706649656984143,0.13077902938617486,0.1094825884619273,0.1653231514245389,independent,400,0,synthetic-v1,F9_default,ab28b8cf35d72adba1224d88adfbe86e39d13ce6ab49a2f4a58855b93ab6ec1e,ff4006c,0.1.0,2026-05-26T14:40:38+00:00
2023-11-30,-0.027483329347208825,0.08670139462769305,0.13090581425048653,0.1092293044068088,0.1651776820027943,independent,400,0,synthetic-v1,F9_default,ab28b8cf35d72adba1224d88adfbe86e39d13ce6ab49a2f4a58855b93ab6ec1e,ff4006c,0.1.0,2026-05-26T14:40:38+00:00
2023-12-01,0.010289693852074656,0.08837536671199851,0.13427224551625563,0.11193057292537456,0.1697317354861204,independent,400,0,synthetic-v1,F9_default,ab28b8cf35d72adba1224d88adfbe86e39d13ce6ab49a2f4a58855b93ab6ec1e,ff4006c,0.1.0,2026-05-26T14:40:38+00:00
2023-12-04,0.009189699428428007,0.08859422973594427,0.13414229479040735,0.1118426376075126,0.16976185834086743,independent,400,0,synthetic-v1,F9_default,ab28b8cf35d72adba1224d88adfbe86e39d13ce6ab49a2f4a58855b93ab6ec1e,ff4006c,0.1.0,2026-05-26T14:40:38+00:00
2023-12-05,0.006379645205291134,0.08873268610369495,0.1342948607108909,0.11174163120628866,0.16968432244486514,independent,400,0,synthetic-v1,F9_default,ab28b8cf35d72adba1224d88adfbe86e39d13ce6ab49a2f4a58855b93ab6ec1e,ff4006c,0.1.0,2026-05-26T14:40:38+00:00
2023-12-06,-0.0030188771717980034,0.08832206754671448,0.13341201128978802,0.11120306237805831,0.16861150152588134,independent,400,0,synthetic-v1,F9_default,ab28b8cf35d72adba1224d88adfbe86e39d13ce6ab49a2f4a58855b93ab6ec1e,ff4006c,0.1.0,2026-05-26T14:40:38+00:00
2023-12-07,0.010049905032986146,0.0884126366089428,0.1335304284821128,0.11136503065637172,0.16862756017432826,independent,400,0,synthetic-v1,F9_default,ab28b8cf35d72adba1224d88adfbe86e39d13ce6ab49a2f4a58855b93ab6ec1e,ff4006c,0.1.0,2026-05-26T14:40:38+00:00
2023-12-08,-0.00010453045677965006,0.08840335660009638,0.1334995242086801,0.11168726390013535,0.1687564782080685,independent,400,0,synthetic-v1,F9_default,ab28b8cf35d72adba1224d88adfbe86e39d13ce6ab49a2f4a58855b93ab6ec1e,ff4006c,0.1.0,2026-05-26T14:40:38+00:00
2023-12-11,0.009970607595144754,0.08816617023492662,0.1336086337064758,0.11133519508609951,0.16882626156915226,independent,400,0,synthetic-v1,F9_default,ab28b8cf35d72adba1224d88adfbe86e39d13ce6ab49a2f4a58855b93ab6ec1e,ff4006c,0.1.0,2026-05-26T14:40:38+00:00
2023-12-12,-0.0030896634424373488,0.08828489842720255,0.1336707566698456,0.11154954833549599,0.16889550906038756,independent,400,0,synthetic-v1,F9_default,ab28b8cf35d72adba1224d88adfbe86e39d13ce6ab49a2f4a58855b93ab6ec1e,ff4006c,0.1.0,2026-05-26T14:40:38+00:00
2023-12-13,0.02305795890807621,0.08921202206615761,0.1346393758532335,0.11229959260439076,0.17024720338456698,independent,400,0,synthetic-v1,F9_default,ab28b8cf35d72adba1224d88adfbe86e39d13ce6ab49a2f4a58855b93ab6ec1e,ff4006c,0.1.0,2026-05-26T14:40:38+00:00
2023-12-14,0.008681549920603571,0.09228426634531671,0.14108561220153712,0.11673625044663023,0.17934808536071417,independent,400,0,synthetic-v1,F9_default,ab28b8cf35d72adba1224d88adfbe86e39d13ce6ab49a2f4a58855b93ab6ec1e,ff4006c,0.1.0,2026-05-26T14:40:38+00:00
2023-12-15,-0.011111594448014316,0.09228120976236065,0.1410430950543327,0.1169299771902131,0.17910101068228257,independent,400,0,synthetic-v1,F9_default,ab28b8cf35d72adba1224d88adfbe86e39d13ce6ab49a2f4a58855b93ab6ec1e,ff4006c,0.1.0,2026-05-26T14:40:38+00:00
2023-12-18,0.00033599732266993205,0.09232452158189647,0.14126095566285887,0.11707586489473465,0.17947400183519424,independent,400,0,synthetic-v1,F9_default,ab28b8cf35d72adba1224d88adfbe86e39d13ce6ab49a2f4a58855b93ab6ec1e,ff4006c,0.1.0,2026-05-26T14:40:38+00:00
2023-12-19,-0.012740270202829357,0.09212437238320345,0.14105858221063536,0.11687084836235426,0.17943587245070003,independent,400,0,synthetic-v1,F9_default,ab28b8cf35d72adba1224d88adfbe86e39d13ce6ab49a2f4a58855b93ab6ec1e,ff4006c,0.1.0,2026-05-26T14:40:38+00:00
2023-12-20,0.027359603674306485,0.09218246715239864,0.14123355169700846,0.11679582179418277,0.1793969444418697,independent,400,0,synthetic-v1,F9_default,ab28b8cf35d72adba1224d88adfbe86e39d13ce6ab49a2f4a58855b93ab6ec1e,ff4006c,0.1.0,2026-05-26T14:40:38+00:00
2023-12-21,-0.005401966922937645,0.0896774630636962,0.13717096432455556,0.1135265026812273,0.17420781573410624,independent,400,0,synthetic-v1,F9_default,ab28b8cf35d72adba1224d88adfbe86e39d13ce6ab49a2f4a58855b93ab6ec1e,ff4006c,0.1.0,2026-05-26T14:40:38+00:00
2023-12-22,-0.03475946490722383,0.08967213960022727,0.13709450859867434,0.11328280748435986,0.17440185009246542,independent,400,0,synthetic-v1,F9_default,ab28b8cf35d72adba1224d88adfbe86e39d13ce6ab49a2f4a58855b93ab6ec1e,ff4006c,0.1.0,2026-05-26T14:40:38+00:00
2023-12-25,0.0052743183984394265,0.08847126222543998,0.13559776484248942,0.11215108303131285,0.17250689068973135,independent,400,0,synthetic-v1,F9_default,ab28b8cf35d72adba1224d88adfbe86e39d13ce6ab49a2f4a58855b93ab6ec1e,ff4006c,0.1.0,2026-05-26T14:40:38+00:00
2023-12-26,-0.0090402019514377,0.08849339866659547,0.13565080192590268,0.1124337312406244,0.1725643143427772,independent,400,0,synthetic-v1,F9_default,ab28b8cf35d72adba1224d88adfbe86e39d13ce6ab49a2f4a58855b93ab6ec1e,ff4006c,0.1.0,2026-05-26T14:40:38+00:00
2023-12-27,0.009396630882499766,0.0897744412568525,0.13728717564944382,0.113828660834008,0.1743670761016842,independent,400,0,synthetic-v1,F9_default,ab28b8cf35d72adba1224d88adfbe86e39d13ce6ab49a2f4a58855b93ab6ec1e,ff4006c,0.1.0,2026-05-26T14:40:38+00:00
2023-12-28,-0.007985052689250888,0.08984823541201443,0.13740361583372412,0.11362826029417349,0.17455011642097507,independent,400,0,synthetic-v1,F9_default,ab28b8cf35d72adba1224d88adfbe86e39d13ce6ab49a2f4a58855b93ab6ec1e,ff4006c,0.1.0,2026-05-26T14:40:38+00:00
2023-12-29,-0.009815766929904754,0.0899197782102708,0.13729051275055057,0.11395359321346588,0.1746268446605416,independent,400,0,synthetic-v1,F9_default,ab28b8cf35d72adba1224d88adfbe86e39d13ce6ab49a2f4a58855b93ab6ec1e,ff4006c,0.1.0,2026-05-26T14:40:38+00:00
2024-01-01,-0.0017330153873901437,0.08987310824920103,0.13740229590487743,0.11374954073356637,0.17454141949011698,independent,400,0,synthetic-v1,F9_default,ab28b8cf35d72adba1224d88adfbe86e39d13ce6ab49a2f4a58855b93ab6ec1e,ff4006c,0.1.0,2026-05-26T14:40:38+00:00
2024-01-02,-0.021961408321904786,0.09009594637826769,0.1373734350097584,0.11378766854810536,0.1746271158850407,independent,400,0,synthetic-v1,F9_default,ab28b8cf35d72adba1224d88adfbe86e39d13ce6ab49a2f4a58855b93ab6ec1e,ff4006c,0.1.0,2026-05-26T14:40:38+00:00
2024-01-03,-0.0018986045309699242,0.08919060555252711,0.13667108947802367,0.11317895648443158,0.17368248693536537,independent,400,0,synthetic-v1,F9_default,ab28b8cf35d72adba1224d88adfbe86e39d13ce6ab49a2f4a58855b93ab6ec1e,ff4006c,0.1.0,2026-05-26T14:40:38+00:00
2024-01-04,-0.0027397037873019133,0.08819774497985398,0.13553802995052636,0.11211719444500676,0.17239633192151974,independent,400,0,synthetic-v1,F9_default,ab28b8cf35d72adba1224d88adfbe86e39d13ce6ab49a2f4a58855b93ab6ec1e,ff4006c,0.1.0,2026-05-26T14:40:38+00:00
2024-01-05,-0.0022388409512955685,0.08963366662795898,0.13705520130048576,0.11332000845604555,0.17426461593110154,independent,400,0,synthetic-v1,F9_default,ab28b8cf35d72adba1224d88adfbe86e39d13ce6ab49a2f4a58855b93ab6ec1e,ff4006c,0.1.0,2026-05-26T14:40:38+00:00
2024-01-08,0.004408535796435593,0.08932753139715405,0.13699428217622794,0.11322598468848594,0.17423399396286382,independent,400,0,synthetic-v1,F9_default,ab28b8cf35d72adba1224d88adfbe86e39d13ce6ab49a2f4a58855b93ab6ec1e,ff4006c,0.1.0,2026-05-26T14:40:38+00:00
2024-01-09,0.0054557813605212,0.08952860535069981,0.13706071103404385,0.11339018343951249,0.17439603176210675,independent,400,0,synthetic-v1,F9_default,ab28b8cf35d72adba1224d88adfbe86e39d13ce6ab49a2f4a58855b93ab6ec1e,ff4006c,0.1.0,2026-05-26T14:40:38+00:00
2024-01-10,-0.003718591250425834,0.08964024929521931,0.13692754436410084,0.11288799234753229,0.17425171672635853,independent,400,0,synthetic-v1,F9_default,ab28b8cf35d72adba1224d88adfbe86e39d13ce6ab49a2f4a58855b93ab6ec1e,ff4006c,0.1.0,2026-05-26T14:40:38+00:00
2024-01-11,-0.003701988756983239,0.08963648011915575,0.1368483017333541,0.11331060060266908,0.17402150285845308,independent,400,0,synthetic-v1,F9_default,ab28b8cf35d72adba1224d88adfbe86e39d13ce6ab49a2f4a58855b93ab6ec1e,ff4006c,0.1.0,2026-05-26T14:40:38+00:00
2024-01-12,0.021624393778337768,0.08944491030137779,0.13706471471802173,0.11325719341146855,0.1742841468267321,independent,400,0,synthetic-v1,F9_default,ab28b8cf35d72adba1224d88adfbe86e39d13ce6ab49a2f4a58855b93ab6ec1e,ff4006c,0.1.0,2026-05-26T14:40:38+00:00
2024-01-15,0.0034764892487572,0.08931026456673358,0.1370091334687267,0.11360786904725163,0.17420940648243602,independent,400,0,synthetic-v1,F9_default,ab28b8cf35d72adba1224d88adfbe86e39d13ce6ab49a2f4a58855b93ab6ec1e,ff4006c,0.1.0,2026-05-26T14:40:38+00:00
2024-01-16,-0.003844345605883344,0.08935469098504265,0.13694539895311506,0.11316864415325074,0.17418187293857068,independent,400,0,synthetic-v1,F9_default,ab28b8cf35d72adba1224d88adfbe86e39d13ce6ab49a2f4a58855b93ab6ec1e,ff4006c,0.1.0,2026-05-26T14:40:38+00:00
2024-01-17,-0.005092973142387486,0.08924007516795592,0.13694958907664667,0.1133463987471933,0.174309514292603,independent,400,0,synthetic-v1,F9_default,ab28b8cf35d72adba1224d88adfbe86e39d13ce6ab49a2f4a58855b93ab6ec1e,ff4006c,0.1.0,2026-05-26T14:40:38+00:00
2024-01-18,-0.0037529749613002543,0.08965063128988711,0.13711803536862463,0.11352157430763792,0.17438100055942557,independent,400,0,synthetic-v1,F9_default,ab28b8cf35d72adba1224d88adfbe86e39d13ce6ab49a2f4a58855b93ab6ec1e,ff4006c,0.1.0,2026-05-26T14:40:38+00:00
2024-01-19,0.026209678001855457,0.08960069761691539,0.1371334586797414,0.11330452675446667,0.17422286900447298,independent,400,0,synthetic-v1,F9_default,ab28b8cf35d72adba1224d88adfbe86e39d13ce6ab49a2f4a58855b93ab6ec1e,ff4006c,0.1.0,2026-05-26T14:40:38+00:00
2024-01-22,0.006119250170312587,0.08919754345735409,0.1366368312502456,0.11290199040807519,0.17381231958607157,independent,400,0,synthetic-v1,F9_default,ab28b8cf35d72adba1224d88adfbe86e39d13ce6ab49a2f4a58855b93ab6ec1e,ff4006c,0.1.0,2026-05-26T14:40:38+00:00
2024-01-23,-0.007516968573702299,0.08902987581938536,0.13657601139038972,0.11277266347033806,0.17367953398759328,independent,400,0,synthetic-v1,F9_default,ab28b8cf35d72adba1224d88adfbe86e39d13ce6ab49a2f4a58855b93ab6ec1e,ff4006c,0.1.0,2026-05-26T14:40:38+00:00
2024-01-24,0.0026550530272372187,0.08810670877706,0.13520274310045122,0.11164675074860034,0.17204093230370712,independent,400,0,synthetic-v1,F9_default,ab28b8cf35d72adba1224d88adfbe86e39d13ce6ab49a2f4a58855b93ab6ec1e,ff4006c,0.1.0,2026-05-26T14:40:38+00:00
2024-01-25,-0.012263101638908005,0.08792379382677164,0.1351133673009006,0.11158136321091759,0.1719877887580429,independent,400,0,synthetic-v1,F9_default,ab28b8cf35d72adba1224d88adfbe86e39d13ce6ab49a2f4a58855b93ab6ec1e,ff4006c,0.1.0,2026-05-26T14:40:38+00:00
2024-01-26,-0.010312984365872182,0.08869623893987953,0.13610465339033526,0.11227691380743621,0.17330410381114947,independent,400,0,synthetic-v1,F9_default,ab28b8cf35d72adba1224d88adfbe86e39d13ce6ab49a2f4a58855b93ab6ec1e,ff4006c,0.1.0,2026-05-26T14:40:38+00:00
2024-01-29,0.0062424263639322625,0.08961621748475478,0.13743235620209238,0.1135604194541073,0.17493431067958126,independent,400,0,synthetic-v1,F9_default,ab28b8cf35d72adba1224d88adfbe86e39d13ce6ab49a2f4a58855b93ab6ec1e,ff4006c,0.1.0,2026-05-26T14:40:38+00:00
2024-01-30,-0.013469968572379143,0.08957463648789796,0.13739905991111284,0.11343939017665033,0.17467258956310222,independent,400,0,synthetic-v1,F9_default,ab28b8cf35d72adba1224d88adfbe86e39d13ce6ab49a2f4a58855b93ab6ec1e,ff4006c,0.1.0,2026-05-26T14:40:38+00:00
2024-01-31,0.007114314376214287,0.08868265792513869,0.13598275286424533,0.11222573309040722,0.17330765537963505,independent,400,0,synthetic-v1,F9_default,ab28b8cf35d72adba1224d88adfbe86e39d13ce6ab49a2f4a58855b93ab6ec1e,ff4006c,0.1.0,2026-05-26T14:40:38+00:00
2024-02-01,0.012010203044388022,0.08973177580381506,0.13746941318062567,0.11356649843695622,0.17481282900144207,independent,400,0,synthetic-v1,F9_default,ab28b8cf35d72adba1224d88adfbe86e39d13ce6ab49a2f4a58855b93ab6ec1e,ff4006c,0.1.0,2026-05-26T14:40:38+00:00
2024-02-02,0.00809064348953023,0.08970964573576923,0.13734595886512252,0.11341721617243596,0.17456711150735607,independent,400,0,synthetic-v1,F9_default,ab28b8cf35d72adba1224d88adfbe86e39d13ce6ab49a2f4a58855b93ab6ec1e,ff4006c,0.1.0,2026-05-26T14:40:38+00:00
2024-02-05,0.01271892155173061,0.08952925580039692,0.1371496896116129,0.11326790006050141,0.17432441536787277,independent,400,0,synthetic-v1,F9_default,ab28b8cf35d72adba1224d88adfbe86e39d13ce6ab49a2f4a58855b93ab6ec1e,ff4006c,0.1.0,2026-05-26T14:40:38+00:00
2024-02-06,-0.00519702874980129,0.08858424001155468,0.1357821544717538,0.11187445225525094,0.17272113407708245,independent,400,0,synthetic-v1,F9_default,ab28b8cf35d72adba1224d88adfbe86e39d13ce6ab49a2f4a58855b93ab6ec1e,ff4006c,0.1.0,2026-05-26T14:40:38+00:00
2024-02-07,-0.004512931882436049,0.0893846855758419,0.13713764004290496,0.11315569809345599,0.1743730909259551,independent,400,0,synthetic-v1,F9_default,ab28b8cf35d72adba1224d88adfbe86e39d13ce6ab49a2f4a58855b93ab6ec1e,ff4006c,0.1.0,2026-05-26T14:40:38+00:00
2024-02-08,-0.014928195235301934,0.08944121412477019,0.1371847510553953,0.11346436708959486,0.1743511812921218,independent,400,0,synthetic-v1,F9_default,ab28b8cf35d72adba1224d88adfbe86e39d13ce6ab49a2f4a58855b93ab6ec1e,ff4006c,0.1.0,2026-05-26T14:40:38+00:00
2024-02-09,-0.005689174370669158,0.08953169588301553,0.136811164928775,0.11322187610706988,0.17398530835913387,independent,400,0,synthetic-v1,F9_default,ab28b8cf35d72adba1224d88adfbe86e39d13ce6ab49a2f4a58855b93ab6ec1e,ff4006c,0.1.0,2026-05-26T14:40:38+00:00
2024-02-12,0.003153949985205316,0.08876086235787777,0.138895308660685,0.11280291957193325,0.17841817137591004,independent,400,0,synthetic-v1,F9_default,ab28b8cf35d72adba1224d88adfbe86e39d13ce6ab49a2f4a58855b93ab6ec1e,ff4006c,0.1.0,2026-05-26T14:40:38+00:00
2024-02-13,0.002879543961216988,0.08866315356042713,0.1388343617009685,0.11244169255806681,0.17830954597455823,independent,400,0,synthetic-v1,F9_default,ab28b8cf35d72adba1224d88adfbe86e39d13ce6ab49a2f4a58855b93ab6ec1e,ff4006c,0.1.0,2026-05-26T14:40:38+00:00
2024-02-14,-0.030994721100705776,0.08777048192873209,0.13735184402342265,0.1118244171333619,0.17667283229680358,independent,400,0,synthetic-v1,F9_default,ab28b8cf35d72adba1224d88adfbe86e39d13ce6ab49a2f4a58855b93ab6ec1e,ff4006c,0.1.0,2026-05-26T14:40:38+00:00
2024-02-15,-0.0053063356692356805,0.08783014492948728,0.1373028152776512,0.11193148766084357,0.17631966146647698,independent,400,0,synthetic-v1,F9_default,ab28b8cf35d72adba1224d88adfbe86e39d13ce6ab49a2f4a58855b93ab6ec1e,ff4006c,0.1.0,2026-05-26T14:40:38+00:00
2024-02-16,0.009986284317512587,0.08784993611330569,0.13718934118071857,0.11156678075613241,0.17595226617359447,independent,400,0,synthetic-v1,F9_default,ab28b8cf35d72adba1224d88adfbe86e39d13ce6ab49a2f4a58855b93ab6ec1e,ff4006c,0.1.0,2026-05-26T14:40:38+00:00
2024-02-19,0.031309752737342614,0.08775954377254414,0.137142782051382,0.11195023169960289,0.17611910989391782,independent,400,0,synthetic-v1,F9_default,ab28b8cf35d72adba1224d88adfbe86e39d13ce6ab49a2f4a58855b93ab6ec1e,ff4006c,0.1.0,2026-05-26T14:40:38+00:00
2024-02-20,-0.010708211784851807,0.09018601241955884,0.14088194051617267,0.11465122173817001,0.18105704763604652,independent,400,0,synthetic-v1,F9_default,ab28b8cf35d72adba1224d88adfbe86e39d13ce6ab49a2f4a58855b93ab6ec1e,ff4006c,0.1.0,2026-05-26T14:40:38+00:00
2024-02-21,0.005245648196174361,0.09011275570025293,0.1408422213322954,0.11481880873386048,0.18091522922501738,independent,400,0,synthetic-v1,F9_default,ab28b8cf35d72adba1224d88adfbe86e39d13ce6ab49a2f4a58855b93ab6ec1e,ff4006c,0.1.0,2026-05-26T14:40:38+00:00
2024-02-22,0.002929230756810909,0.08988613532729708,0.14093601130762717,0.11505310551535121,0.18100043094736495,independent,400,0,synthetic-v1,F9_default,ab28b8cf35d72adba1224d88adfbe86e39d13ce6ab49a2f4a58855b93ab6ec1e,ff4006c,0.1.0,2026-05-26T14:40:38+00:00
2024-02-23,-0.013456355614196964,0.0816188763557026,0.12571829011957292,0.10354054622838113,0.16026288278732997,independent,400,0,synthetic-v1,F9_default,ab28b8cf35d72adba1224d88adfbe86e39d13ce6ab49a2f4a58855b93ab6ec1e,ff4006c,0.1.0,2026-05-26T14:40:38+00:00
2024-02-26,-0.038141485290590874,0.08179480323423101,0.12584787652886836,0.10327862370695143,0.1602510056646555,independent,400,0,synthetic-v1,F9_default,ab28b8cf35d72adba1224d88adfbe86e39d13ce6ab49a2f4a58855b93ab6ec1e,ff4006c,0.1.0,2026-05-26T14:40:38+00:00
2024-02-27,-0.005610079813555141,0.08289394456053231,0.1273682784783382,0.10503612656886704,0.1625461489992506,independent,400,0,synthetic-v1,F9_default,ab28b8cf35d72adba1224d88adfbe86e39d13ce6ab49a2f4a58855b93ab6ec1e,ff4006c,0.1.0,2026-05-26T14:40:38+00:00
2024-02-28,0.008670123428553025,0.0825543066083658,0.12586841737636725,0.10426601710701712,0.15960756907070955,independent,400,0,synthetic-v1,F9_default,ab28b8cf35d72adba1224d88adfbe86e39d13ce6ab49a2f4a58855b93ab6ec1e,ff4006c,0.1.0,2026-05-26T14:40:38+00:00
2024-02-29,-0.014904802847752108,0.08199452576402153,0.12472730673383545,0.1030380146128186,0.1583204759491207,independent,400,0,synthetic-v1,F9_default,ab28b8cf35d72adba1224d88adfbe86e39d13ce6ab49a2f4a58855b93ab6ec1e,ff4006c,0.1.0,2026-05-26T14:40:38+00:00
2024-03-01,-0.008699333247667423,0.08663262161203082,0.1328186374500921,0.10987443508380515,0.1690544185683467,independent,400,0,synthetic-v1,F9_default,ab28b8cf35d72adba1224d88adfbe86e39d13ce6ab49a2f4a58855b93ab6ec1e,ff4006c,0.1.0,2026-05-26T14:40:38+00:00
2024-03-04,0.006230754149020581,0.08622834516004843,0.132624803585663,0.10954050319177353,0.16889357833762253,independent,400,0,synthetic-v1,F9_default,ab28b8cf35d72adba1224d88adfbe86e39d13ce6ab49a2f4a58855b93ab6ec1e,ff4006c,0.1.0,2026-05-26T14:40:38+00:00
2024-03-05,-0.005420254391856352,0.08644604642634125,0.13265763857636764,0.10946341129778094,0.16874917482424323,independent,400,0,synthetic-v1,F9_default,ab28b8cf35d72adba1224d88adfbe86e39d13ce6ab49a2f4a58855b93ab6ec1e,ff4006c,0.1.0,2026-05-26T14:40:38+00:00
2024-03-06,0.005860691125051254,0.086649518038211,0.1330462327850458,0.11002011906027823,0.16945351218904023,independent,400,0,synthetic-v1,F9_default,ab28b8cf35d72adba1224d88adfbe86e39d13ce6ab49a2f4a58855b93ab6ec1e,ff4006c,0.1.0,2026-05-26T14:40:38+00:00
2024-03-07,0.005313530315465396,0.08687384617964046,0.13323072669974545,0.10972505213936617,0.1695285160264336,independent,400,0,synthetic-v1,F9_default,ab28b8cf35d72adba1224d88adfbe86e39d13ce6ab49a2f4a58855b93ab6ec1e,ff4006c,0.1.0,2026-05-26T14:40:38+00:00
2024-03-08,-0.011905185188921244,0.08728515976240693,0.13354623006742794,0.11025681574515123,0.169967508534778,independent,400,0,synthetic-v1,F9_default,ab28b8cf35d72adba1224d88adfbe86e39d13ce6ab49a2f4a58855b93ab6ec1e,ff4006c,0.1.0,2026-05-26T14:40:38+00:00
2024-03-11,0.011917075332116386,0.08807315549857997,0.1356982460598557,0.11199516087936885,0.17252604073849065,independent,400,0,synthetic-v1,F9_default,ab28b8cf35d72adba1224d88adfbe86e39d13ce6ab49a2f4a58855b93ab6ec1e,ff4006c,0.1.0,2026-05-26T14:40:38+00:00
2024-03-12,-0.004620300956704362,0.08730067308012378,0.13485798020878062,0.11103139485102603,0.1715303248861662,independent,400,0,synthetic-v1,F9_default,ab28b8cf35d72adba1224d88adfbe86e39d13ce6ab49a2f4a58855b93ab6ec1e,ff4006c,0.1.0,2026-05-26T14:40:38+00:00
2024-03-13,0.008599450849438538,0.08830678704658207,0.13571117121105455,0.1119213076032738,0.17315786387074145,independent,400,0,synthetic-v1,F9_default,ab28b8cf35d72adba1224d88adfbe86e39d13ce6ab49a2f4a58855b93ab6ec1e,ff4006c,0.1.0,2026-05-26T14:40:38+00:00
2024-03-14,-0.007587006777364197,0.08750479071536332,0.13478910486342294,0.11141342305417126,0.17169659040916438,independent,400,0,synthetic-v1,F9_default,ab28b8cf35d72adba1224d88adfbe86e39d13ce6ab49a2f4a58855b93ab6ec1e,ff4006c,0.1.0,2026-05-26T14:40:38+00:00
2024-03-15,-0.004684667750187249,0.08758069242525211,0.13464658125459533,0.11107097505830099,0.17139214452105084,independent,400,0,synthetic-v1,F9_default,ab28b8cf35d72adba1224d88adfbe86e39d13ce6ab49a2f4a58855b93ab6ec1e,ff4006c,0.1.0,2026-05-26T14:40:38+00:00
2024-03-18,0.01777603566675965,0.09087846643328887,0.14137065767657517,0.11568173380013376,0.18088107060437522,independent,400,0,synthetic-v1,F9_default,ab28b8cf35d72adba1224d88adfbe86e39d13ce6ab49a2f4a58855b93ab6ec1e,ff4006c,0.1.0,2026-05-26T14:40:38+00:00
2024-03-19,-0.025710644790150734,0.08922835782645351,0.1390453827684001,0.11415753744303996,0.1780454529346325,independent,400,0,synthetic-v1,F9_default,ab28b8cf35d72adba1224d88adfbe86e39d13ce6ab49a2f4a58855b93ab6ec1e,ff4006c,0.1.0,2026-05-26T14:40:38+00:00
2024-03-20,-0.014469393966938183,0.09214063631356727,0.14386725551450222,0.11752768415029367,0.18463799307785805,independent,400,0,synthetic-v1,F9_default,ab28b8cf35d72adba1224d88adfbe86e39d13ce6ab49a2f4a58855b93ab6ec1e,ff4006c,0.1.0,2026-05-26T14:40:38+00:00
2024-03-21,-0.013539965613433052,0.09249100109085766,0.1453577607789172,0.11843467692632755,0.18699274321126452,independent,400,0,synthetic-v1,F9_default,ab28b8cf35d72adba1224d88adfbe86e39d13ce6ab49a2f4a58855b93ab6ec1e,ff4006c,0.1.0,2026-05-26T14:40:38+00:00
2024-03-22,-0.025588546547369646,0.09451037436379911,0.14918126833319306,0.1211791512049571,0.19235336654514498,independent,400,0,synthetic-v1,F9_default,ab28b8cf35d72adba1224d88adfbe86e39d13ce6ab49a2f4a58855b93ab6ec1e,ff4006c,0.1.0,2026-05-26T14:40:38+00:00
2024-03-25,0.007578708714148488,0.09380671457892624,0.14818982193908808,0.12053400620664965,0.19106661667271807,independent,400,0,synthetic-v1,F9_default,ab28b8cf35d72adba1224d88adfbe86e39d13ce6ab49a2f4a58855b93ab6ec1e,ff4006c,0.1.0,2026-05-26T14:40:38+00:00
2024-03-26,-0.00718047976205143,0.09397624305150279,0.14812749285481663,0.12030224969070386,0.19098107905552592,independent,400,0,synthetic-v1,F9_default,ab28b8cf35d72adba1224d88adfbe86e39d13ce6ab49a2f4a58855b93ab6ec1e,ff4006c,0.1.0,2026-05-26T14:40:38+00:00
2024-03-27,0.0023703688606777594,0.09496012979218708,0.15057465287472568,0.12210901899769991,0.19453642292156148,independent,400,0,synthetic-v1,F9_default,ab28b8cf35d72adba1224d88adfbe86e39d13ce6ab49a2f4a58855b93ab6ec1e,ff4006c,0.1.0,2026-05-26T14:40:38+00:00
2024-03-28,-0.002196129700768603,0.08814243316526,0.1384438154790334,0.11292594093984695,0.17827223713321166,independent,400,0,synthetic-v1,F9_default,ab28b8cf35d72adba1224d88adfbe86e39d13ce6ab49a2f4a58855b93ab6ec1e,ff4006c,0.1.0,2026-05-26T14:40:38+00:00
2024-03-29,0.035469691258740346,0.08784893067399312,0.13830259915810122,0.11267009746616785,0.17814127921090062,independent,400,0,synthetic-v1,F9_default,ab28b8cf35d72adba1224d88adfbe86e39d13ce6ab49a2f4a58855b93ab6ec1e,ff4006c,0.1.0,2026-05-26T14:40:38+00:00
2024-04-01,0.010593651833336387,0.08694985163592185,0.13775812549390845,0.11219193503198492,0.1774273407841698,independent,400,0,synthetic-v1,F9_default,ab28b8cf35d72adba1224d88adfbe86e39d13ce6ab49a2f4a58855b93ab6ec1e,ff4006c,0.1.0,2026-05-26T14:40:38+00:00
2024-04-02,-0.007082416976882299,0.07933771897291139,0.12125115543506701,0.10052783119726075,0.15352355247591584,independent,400,0,synthetic-v1,F9_default,ab28b8cf35d72adba1224d88adfbe86e39d13ce6ab49a2f4a58855b93ab6ec1e,ff4006c,0.1.0,2026-05-26T14:40:38+00:00
2024-04-03,0.016269019794499805,0.07954545759758173,0.12131389614521496,0.1006464290092417,0.1541881504938093,independent,400,0,synthetic-v1,F9_default,ab28b8cf35d72adba1224d88adfbe86e39d13ce6ab49a2f4a58855b93ab6ec1e,ff4006c,0.1.0,2026-05-26T14:40:38+00:00
2024-04-04,0.0012830683816832322,0.07976097757627032,0.12144094732357874,0.10058145152596341,0.1540231695413584,independent,400,0,synthetic-v1,F9_default,ab28b8cf35d72adba1224d88adfbe86e39d13ce6ab49a2f4a58855b93ab6ec1e,ff4006c,0.1.0,2026-05-26T14:40:38+00:00
2024-04-05,0.008109378368939995,0.07978187865763815,0.12150479305916907,0.10095154939722335,0.15415061987862522,independent,400,0,synthetic-v1,F9_default,ab28b8cf35d72adba1224d88adfbe86e39d13ce6ab49a2f4a58855b93ab6ec1e,ff4006c,0.1.0,2026-05-26T14:40:38+00:00
2024-04-08,0.0013594579663631513,0.08039299075799876,0.1222981014032212,0.10156320615058874,0.15523342905507373,independent,400,0,synthetic-v1,F9_default,ab28b8cf35d72adba1224d88adfbe86e39d13ce6ab49a2f4a58855b93ab6ec1e,ff4006c,0.1.0,2026-05-26T14:40:38+00:00
2024-04-09,-0.006515520479583869,0.08067619702615476,0.12344071600105139,0.10227421650309111,0.15672066197846538,independent,400,0,synthetic-v1,F9_default,ab28b8cf35d72adba1224d88adfbe86e39d13ce6ab49a2f4a58855b93ab6ec1e,ff4006c,0.1.0,2026-05-26T14:40:38+00:00
2024-04-10,-0.0024682744879436043,0.08095058510539477,0.12381283952576866,0.10248758813708332,0.15733992752294895,independent,400,0,synthetic-v1,F9_default,ab28b8cf35d72adba1224d88adfbe86e39d13ce6ab49a2f4a58855b93ab6ec1e,ff4006c,0.1.0,2026-05-26T14:40:38+00:00
2024-04-11,-0.019953359106989567,0.0808022249095375,0.12401474815101687,0.10269219183349995,0.1576181270437011,independent,400,0,synthetic-v1,F9_default,ab28b8cf35d72adba1224d88adfbe86e39d13ce6ab49a2f4a58855b93ab6ec1e,ff4006c,0.1.0,2026-05-26T14:40:38+00:00
2024-04-12,0.008830606492825055,0.0803787291179621,0.1230574628890457,0.10207327400848912,0.1563178416424847,independent,400,0,synthetic-v1,F9_default,ab28b8cf35d72adba1224d88adfbe86e39d13ce6ab49a2f4a58855b93ab6ec1e,ff4006c,0.1.0,2026-05-26T14:40:38+00:00
2024-04-15,0.019305134015131276,0.08426168680290386,0.13120978468870415,0.10760372222658715,0.16814881731231934,independent,400,0,synthetic-v1,F9_default,ab28b8cf35d72adba1224d88adfbe86e39d13ce6ab49a2f4a58855b93ab6ec1e,ff4006c,0.1.0,2026-05-26T14:40:38+00:00
2024-04-16,-0.003960549332912726,0.08449678829210741,0.13214977540597692,0.1084948677349417,0.1694894192295599,independent,400,0,synthetic-v1,F9_default,ab28b8cf35d72adba1224d88adfbe86e39d13ce6ab49a2f4a58855b93ab6ec1e,ff4006c,0.1.0,2026-05-26T14:40:38+00:00
2024-04-17,0.0008849470756985297,0.08382039377884197,0.1307008332014667,0.10711079534804459,0.16768098349244115,independent,400,0,synthetic-v1,F9_default,ab28b8cf35d72adba1224d88adfbe86e39d13ce6ab49a2f4a58855b93ab6ec1e,ff4006c,0.1.0,2026-05-26T14:40:38+00:00
2024-04-18,0.0027814070553066985,0.0836786112517186,0.13055676522568305,0.10661550911203696,0.16714844608891963,independent,400,0,synthetic-v1,F9_default,ab28b8cf35d72adba1224d88adfbe86e39d13ce6ab49a2f4a58855b93ab6ec1e,ff4006c,0.1.0,2026-05-26T14:40:38+00:00
2024-04-19,-0.00553911764248166,0.08363227095917562,0.13049649264632046,0.10686649259723155,0.16736747795032086,independent,400,0,synthetic-v1,F9_default,ab28b8cf35d72adba1224d88adfbe86e39d13ce6ab49a2f4a58855b93ab6ec1e,ff4006c,0.1.0,2026-05-26T14:40:38+00:00
2024-04-22,-0.010262329606627782,0.08108658229420564,0.12479760155292247,0.10278621335885575,0.15898727769865095,independent,400,0,synthetic-v1,F9_default,ab28b8cf35d72adba1224d88adfbe86e39d13ce6ab49a2f4a58855b93ab6ec1e,ff4006c,0.1.0,2026-05-26T14:40:38+00:00
2024-04-23,0.012830592800345434,0.08101565036405724,0.12436887629016435,0.10259724044397903,0.15838972191635486,independent,400,0,synthetic-v1,F9_default,ab28b8cf35d72adba1224d88adfbe86e39d13ce6ab49a2f4a58855b93ab6ec1e,ff4006c,0.1.0,2026-05-26T14:40:38+00:00
2024-04-24,-0.00853236296898733,0.08048324627412883,0.123909105248586,0.10233600179323916,0.15800645028857718,independent,400,0,synthetic-v1,F9_default,ab28b8cf35d72adba1224d88adfbe86e39d13ce6ab49a2f4a58855b93ab6ec1e,ff4006c,0.1.0,2026-05-26T14:40:38+00:00
2024-04-25,0.012142797831478732,0.08059445513497832,0.12358550186108858,0.10186120972536168,0.15745154964981814,independent,400,0,synthetic-v1,F9_default,ab28b8cf35d72adba1224d88adfbe86e39d13ce6ab49a2f4a58855b93ab6ec1e,ff4006c,0.1.0,2026-05-26T14:40:38+00:00
2024-04-26,-0.0013709753768330838,0.08058150405855187,0.12376689151190308,0.10213547275117643,0.15754403031536618,independent,400,0,synthetic-v1,F9_default,ab28b8cf35d72adba1224d88adfbe86e39d13ce6ab49a2f4a58855b93ab6ec1e,ff4006c,0.1.0,2026-05-26T14:40:38+00:00
2024-04-29,-0.016105345843847506,0.08065252040166976,0.12364587059568916,0.10226375144970082,0.15762714600348748,independent,400,0,synthetic-v1,F9_default,ab28b8cf35d72adba1224d88adfbe86e39d13ce6ab49a2f4a58855b93ab6ec1e,ff4006c,0.1.0,2026-05-26T14:40:38+00:00
2024-04-30,0.0011830109469269932,0.08050694998267907,0.12390550857819567,0.1023722148016568,0.1578828200969284,independent,400,0,synthetic-v1,F9_default,ab28b8cf35d72adba1224d88adfbe86e39d13ce6ab49a2f4a58855b93ab6ec1e,ff4006c,0.1.0,2026-05-26T14:40:38+00:00
2024-05-01,0.019954707851327587,0.08215396423715661,0.12625705993058142,0.10407300946677339,0.16089596247533935,independent,400,0,synthetic-v1,F9_default,ab28b8cf35d72adba1224d88adfbe86e39d13ce6ab49a2f4a58855b93ab6ec1e,ff4006c,0.1.0,2026-05-26T14:40:38+00:00
2024-05-02,0.011345349940279404,0.08029019112940487,0.12293877499168773,0.10163879217131877,0.1562597856811756,independent,400,0,synthetic-v1,F9_default,ab28b8cf35d72adba1224d88adfbe86e39d13ce6ab49a2f4a58855b93ab6ec1e,ff4006c,0.1.0,2026-05-26T14:40:38+00:00
2024-05-03,-0.0007728447089479075,0.07980804306540129,0.1217661077396393,0.10086909237125712,0.15449561069777523,independent,400,0,synthetic-v1,F9_default,ab28b8cf35d72adba1224d88adfbe86e39d13ce6ab49a2f4a58855b93ab6ec1e,ff4006c,0.1.0,2026-05-26T14:40:38+00:00
2024-05-06,0.01125113107679684,0.0804029902414365,0.12304016769007978,0.10174571694869279,0.15658728982234138,independent,400,0,synthetic-v1,F9_default,ab28b8cf35d72adba1224d88adfbe86e39d13ce6ab49a2f4a58855b93ab6ec1e,ff4006c,0.1.0,2026-05-26T14:40:38+00:00
2024-05-07,-0.005010736169085725,0.08042209476304413,0.12292269086290825,0.10135701650185631,0.1564805152542048,independent,400,0,synthetic-v1,F9_default,ab28b8cf35d72adba1224d88adfbe86e39d13ce6ab49a2f4a58855b93ab6ec1e,ff4006c,0.1.0,2026-05-26T14:40:38+00:00
2024-05-08,0.004790978330788268,0.08016069894285482,0.12263775816506609,0.10161658636036522,0.15584519812521097,independent,400,0,synthetic-v1,F9_default,ab28b8cf35d72adba1224d88adfbe86e39d13ce6ab49a2f4a58855b93ab6ec1e,ff4006c,0.1.0,2026-05-26T14:40:38+00:00
2024-05-09,0.004552070744607442,0.08020645891875858,0.1226246284561216,0.10153282277432223,0.15603925171662358,independent,400,0,synthetic-v1,F9_default,ab28b8cf35d72adba1224d88adfbe86e39d13ce6ab49a2f4a58855b93ab6ec1e,ff4006c,0.1.0,2026-05-26T14:40:38+00:00
2024-05-10,-0.006098037571798726,0.08025095065362861,0.12301557195005329,0.10188193007938919,0.15636796840701156,independent,400,0,synthetic-v1,F9_default,ab28b8cf35d72adba1224d88adfbe86e39d13ce6ab49a2f4a58855b93ab6ec1e,ff4006c,0.1.0,2026-05-26T14:40:38+00:00
2024-05-13,-0.01074523268939279,0.08026637618371707,0.12293794709295996,0.10183568266950309,0.156164956051212,independent,400,0,synthetic-v1,F9_default,ab28b8cf35d72adba1224d88adfbe86e39d13ce6ab49a2f4a58855b93ab6ec1e,ff4006c,0.1.0,2026-05-26T14:40:38+00:00
2024-05-14,-0.03211529091410634,0.08016814211085577,0.1230548973549939,0.10166795800671569,0.15635413089429015,independent,400,0,synthetic-v1,F9_default,ab28b8cf35d72adba1224d88adfbe86e39d13ce6ab49a2f4a58855b93ab6ec1e,ff4006c,0.1.0,2026-05-26T14:40:38+00:00
2024-05-15,-0.0020130294601420923,0.08058968194072717,0.12333216707028033,0.10203952840930611,0.15688290708531566,independent,400,0,synthetic-v1,F9_default,ab28b8cf35d72adba1224d88adfbe86e39d13ce6ab49a2f4a58855b93ab6ec1e,ff4006c,0.1.0,2026-05-26T14:40:38+00:00
2024-05-16,0.004504422953749285,0.08638299668725116,0.13522114195327267,0.11088109276373959,0.17352779368628718,independent,400,0,synthetic-v1,F9_default,ab28b8cf35d72adba1224d88adfbe86e39d13ce6ab49a2f4a58855b93ab6ec1e,ff4006c,0.1.0,2026-05-26T14:40:38+00:00
2024-05-17,0.0024062326139504455,0.0864809522147991,0.1349858199273746,0.11052120601346829,0.1733744022961652,independent,400,0,synthetic-v1,F9_default,ab28b8cf35d72adba1224d88adfbe86e39d13ce6ab49a2f4a58855b93ab6ec1e,ff4006c,0.1.0,2026-05-26T14:40:38+00:00
2024-05-20,-0.008836347440019963,0.08653456520681534,0.13530745794143656,0.11063527570474935,0.17343248575330078,independent,400,0,synthetic-v1,F9_default,ab28b8cf35d72adba1224d88adfbe86e39d13ce6ab49a2f4a58855b93ab6ec1e,ff4006c,0.1.0,2026-05-26T14:40:38+00:00
2024-05-21,-0.003054086514624467,0.0863819649320834,0.13506384325479148,0.1104143467398837,0.17312280083495132,independent,400,0,synthetic-v1,F9_default,ab28b8cf35d72adba1224d88adfbe86e39d13ce6ab49a2f4a58855b93ab6ec1e,ff4006c,0.1.0,2026-05-26T14:40:38+00:00
2024-05-22,0.003453863328269906,0.0863887907678596,0.135079935701386,0.11048711832776756,0.17324669835932227,independent,400,0,synthetic-v1,F9_default,ab28b8cf35d72adba1224d88adfbe86e39d13ce6ab49a2f4a58855b93ab6ec1e,ff4006c,0.1.0,2026-05-26T14:40:38+00:00
2024-05-23,-0.012643338809859251,0.08675928484123062,0.13513450311737535,0.11053573386552333,0.17333576076011378,independent,400,0,synthetic-v1,F9_default,ab28b8cf35d72adba1224d88adfbe86e39d13ce6ab49a2f4a58855b93ab6ec1e,ff4006c,0.1.0,2026-05-26T14:40:38+00:00
2024-05-24,0.01185011826986878,0.08628243978082002,0.13511533204010248,0.11097033762703175,0.17322549018406883,independent,400,0,synthetic-v1,F9_default,ab28b8cf35d72adba1224d88adfbe86e39d13ce6ab49a2f4a58855b93ab6ec1e,ff4006c,0.1.0,2026-05-26T14:40:38+00:00
2024-05-27,-0.010252033449434648,0.08609556398053558,0.1348577245937386,0.1104250812151133,0.17329534472783367,independent,400,0,synthetic-v1,F9_default,ab28b8cf35d72adba1224d88adfbe86e39d13ce6ab49a2f4a58855b93ab6ec1e,ff4006c,0.1.0,2026-05-26T14:40:38+00:00
2024-05-28,0.003923733445185173,0.08649398698093995,0.13510683152056108,0.11046866635060576,0.17343816105778306,independent,400,0,synthetic-v1,F9_default,ab28b8cf35d72adba1224d88adfbe86e39d13ce6ab49a2f4a58855b93ab6ec1e,ff4006c,0.1.0,2026-05-26T14:40:38+00:00
2024-05-29,-0.003672358892207802,0.08642466562321549,0.13500402347920415,0.11054117547136068,0.17322345623521845,independent,400,0,synthetic-v1,F9_default,ab28b8cf35d72adba1224d88adfbe86e39d13ce6ab49a2f4a58855b93ab6ec1e,ff4006c,0.1.0,2026-05-26T14:40:38+00:00
2024-05-30,0.019172117025463484,0.08648845545826155,0.13525116521211233,0.11069614364490592,0.17361762924707166,independent,400,0,synthetic-v1,F9_default,ab28b8cf35d72adba1224d88adfbe86e39d13ce6ab49a2f4a58855b93ab6ec1e,ff4006c,0.1.0,2026-05-26T14:40:38+00:00
2024-05-31,0.005167177757862851,0.0864369168058533,0.13534715981320317,0.11065544006432318,0.17383269884321614,independent,400,0,synthetic-v1,F9_default,ab28b8cf35d72adba1224d88adfbe86e39d13ce6ab49a2f4a58855b93ab6ec1e,ff4006c,0.1.0,2026-05-26T14:40:38+00:00
2024-06-03,0.010882852875399883,0.08683369050680133,0.13567196374762294,0.11106576905955938,0.17424842416901876,independent,400,0,synthetic-v1,F9_default,ab28b8cf35d72adba1224d88adfbe86e39d13ce6ab49a2f4a58855b93ab6ec1e,ff4006c,0.1.0,2026-05-26T14:40:38+00:00
2024-06-04,-0.013298023205836881,0.08664805679740682,0.1355723619195375,0.11100446718386434,0.1739682612687398,independent,400,0,synthetic-v1,F9_default,ab28b8cf35d72adba1224d88adfbe86e39d13ce6ab49a2f4a58855b93ab6ec1e,ff4006c,0.1.0,2026-05-26T14:40:38+00:00
2024-06-05,-0.010424030921411162,0.08684964775654544,0.13609908910006982,0.11141921985904372,0.17484792667205257,independent,400,0,synthetic-v1,F9_default,ab28b8cf35d72adba1224d88adfbe86e39d13ce6ab49a2f4a58855b93ab6ec1e,ff4006c,0.1.0,2026-05-26T14:40:38+00:00
2024-06-06,-0.019424454892466803,0.08671345519038873,0.13598385165479793,0.11128818290904934,0.1745453773385548,independent,400,0,synthetic-v1,F9_default,ab28b8cf35d72adba1224d88adfbe86e39d13ce6ab49a2f4a58855b93ab6ec1e,ff4006c,0.1.0,2026-05-26T14:40:38+00:00
2024-06-07,-0.018773158483798576,0.08687989090731413,0.1358124363003713,0.11088085749758206,0.1744163795181869,independent,400,0,synthetic-v1,F9_default,ab28b8cf35d72adba1224d88adfbe86e39d13ce6ab49a2f4a58855b93ab6ec1e,ff4006c,0.1.0,2026-05-26T14:40:38+00:00
2024-06-10,0.0037216396160490973,0.08420579199157693,0.1305673637909183,0.10735589410162923,0.16704377874312287,independent,400,0,synthetic-v1,F9_default,ab28b8cf35d72adba1224d88adfbe86e39d13ce6ab49a2f4a58855b93ab6ec1e,ff4006c,0.1.0,2026-05-26T14:40:38+00:00
2024-06-11,0.004206024673589069,0.08431308851175444,0.13075527506725804,0.1071396076724187,0.1670752457795313,independent,400,0,synthetic-v1,F9_default,ab28b8cf35d72adba1224d88adfbe86e39d13ce6ab49a2f4a58855b93ab6ec1e,ff4006c,0.1.0,2026-05-26T14:40:38+00:00
2024-06-12,-0.010476317911203327,0.08770307278821503,0.13807417221078266,0.11234144675162908,0.17784035386906444,independent,400,0,synthetic-v1,F9_default,ab28b8cf35d72adba1224d88adfbe86e39d13ce6ab49a2f4a58855b93ab6ec1e,ff4006c,0.1.0,2026-05-26T14:40:38+00:00
2024-06-13,0.010101204192152626,0.08778521058703212,0.13853278242480374,0.11282709725620461,0.17847390237131844,independent,400,0,synthetic-v1,F9_default,ab28b8cf35d72adba1224d88adfbe86e39d13ce6ab49a2f4a58855b93ab6ec1e,ff4006c,0.1.0,2026-05-26T14:40:38+00:00
2024-06-14,-0.009673451911797038,0.08102326260345047,0.12406055229512156,0.10280113237299443,0.1576521285674536,independent,400,0,synthetic-v1,F9_default,ab28b8cf35d72adba1224d88adfbe86e39d13ce6ab49a2f4a58855b93ab6ec1e,ff4006c,0.1.0,2026-05-26T14:40:38+00:00
2024-06-17,0.0033509140061284523,0.08087056732325153,0.12403548785917282,0.10257989881625829,0.1577268441669496,independent,400,0,synthetic-v1,F9_default,ab28b8cf35d72adba1224d88adfbe86e39d13ce6ab49a2f4a58855b93ab6ec1e,ff4006c,0.1.0,2026-05-26T14:40:38+00:00
2024-06-18,0.01566808515220258,0.08091603570996124,0.12386250823580401,0.1026151255144968,0.1577573348513344,independent,400,0,synthetic-v1,F9_default,ab28b8cf35d72adba1224d88adfbe86e39d13ce6ab49a2f4a58855b93ab6ec1e,ff4006c,0.1.0,2026-05-26T14:40:38+00:00
2024-06-19,-0.17273366526825057,0.08103624576906263,0.1241015089214299,0.10239966471955186,0.15768555544034865,independent,400,0,synthetic-v1,F9_default,ab28b8cf35d72adba1224d88adfbe86e39d13ce6ab49a2f4a58855b93ab6ec1e,ff4006c,0.1.0,2026-05-26T14:40:38+00:00
2024-06-20,-0.0025081298989903305,0.08562593957179349,0.13132757819427887,0.10875739346026148,0.1671861677779623,independent,400,0,synthetic-v1,F9_default,ab28b8cf35d72adba1224d88adfbe86e39d13ce6ab49a2f4a58855b93ab6ec1e,ff4006c,0.1.0,2026-05-26T14:40:38+00:00
2024-06-21,0.0024330713960681555,0.08555757327128863,0.1317899559950021,0.1084394327354667,0.16770406454036796,independent,400,0,synthetic-v1,F9_default,ab28b8cf35d72adba1224d88adfbe86e39d13ce6ab49a2f4a58855b93ab6ec1e,ff4006c,0.1.0,2026-05-26T14:40:38+00:00
2024-06-24,-0.000557054487596897,0.08525638746674316,0.13036379822674346,0.10771677480478294,0.16571496433556326,independent,400,0,synthetic-v1,F9_default,ab28b8cf35d72adba1224d88adfbe86e39d13ce6ab49a2f4a58855b93ab6ec1e,ff4006c,0.1.0,2026-05-26T14:40:38+00:00
2024-06-25,-0.009474943451730524,0.08484892341432107,0.13008451680813735,0.10739190443437722,0.1651052321702326,independent,400,0,synthetic-v1,F9_default,ab28b8cf35d72adba1224d88adfbe86e39d13ce6ab49a2f4a58855b93ab6ec1e,ff4006c,0.1.0,2026-05-26T14:40:38+00:00
2024-06-26,0.004996454495529275,0.08435931061767055,0.1289609502662629,0.10661253883310179,0.16395126007348368,independent,400,0,synthetic-v1,F9_default,ab28b8cf35d72adba1224d88adfbe86e39d13ce6ab49a2f4a58855b93ab6ec1e,ff4006c,0.1.0,2026-05-26T14:40:38+00:00
2024-06-27,0.0058695545668465375,0.08455581966826821,0.12948252318133863,0.10692808314527621,0.16464178410862162,independent,400,0,synthetic-v1,F9_default,ab28b8cf35d72adba1224d88adfbe86e39d13ce6ab49a2f4a58855b93ab6ec1e,ff4006c,0.1.0,2026-05-26T14:40:38+00:00
2024-06-28,-0.07272255909629366,0.08448145890853503,0.12958391354898258,0.10715669564779504,0.16447287290441437,independent,400,0,synthetic-v1,F9_default,ab28b8cf35d72adba1224d88adfbe86e39d13ce6ab49a2f4a58855b93ab6ec1e,ff4006c,0.1.0,2026-05-26T14:40:38+00:00
2024-07-01,0.024045475865048183,0.08452275177312149,0.12917817940650878,0.10709045692592341,0.16402714364943394,independent,400,0,synthetic-v1,F9_default,ab28b8cf35d72adba1224d88adfbe86e39d13ce6ab49a2f4a58855b93ab6ec1e,ff4006c,0.1.0,2026-05-26T14:40:38+00:00
2024-07-02,-0.006260253085732149,0.08108679300562112,0.12171873739786807,0.10187658549193808,0.15346095613905497,independent,400,0,synthetic-v1,F9_default,ab28b8cf35d72adba1224d88adfbe86e39d13ce6ab49a2f4a58855b93ab6ec1e,ff4006c,0.1.0,2026-05-26T14:40:38+00:00
2024-07-03,0.01590977758481811,0.0810091015906189,0.12207610215733208,0.10212158469954148,0.1539591706556905,independent,400,0,synthetic-v1,F9_default,ab28b8cf35d72adba1224d88adfbe86e39d13ce6ab49a2f4a58855b93ab6ec1e,ff4006c,0.1.0,2026-05-26T14:40:38+00:00
2024-07-04,-0.0005639454172711159,0.07995786527492951,0.12016822061419985,0.10046582708425439,0.15160909120672134,independent,400,0,synthetic-v1,F9_default,ab28b8cf35d72adba1224d88adfbe86e39d13ce6ab49a2f4a58855b93ab6ec1e,ff4006c,0.1.0,2026-05-26T14:40:38+00:00
2024-07-05,0.02048863812501449,0.0799021792164626,0.1198560492344257,0.10046923824352029,0.15118052434982152,independent,400,0,synthetic-v1,F9_default,ab28b8cf35d72adba1224d88adfbe86e39d13ce6ab49a2f4a58855b93ab6ec1e,ff4006c,0.1.0,2026-05-26T14:40:38+00:00
2024-07-08,-0.02332212538449861,0.07729964752991214,0.11513422152634314,0.0966693356725146,0.1444054286708168,independent,400,0,synthetic-v1,F9_default,ab28b8cf35d72adba1224d88adfbe86e39d13ce6ab49a2f4a58855b93ab6ec1e,ff4006c,0.1.0,2026-05-26T14:40:38+00:00
2024-07-09,0.021322593626841933,0.0770341641081983,0.11448146617738261,0.0963802745116723,0.14361432815922193,independent,400,0,synthetic-v1,F9_default,ab28b8cf35d72adba1224d88adfbe86e39d13ce6ab49a2f4a58855b93ab6ec1e,ff4006c,0.1.0,2026-05-26T14:40:38+00:00
2024-07-10,-0.002568977118952161,0.07707861251109575,0.1150801963312381,0.09645063230799061,0.14444186975957923,independent,400,0,synthetic-v1,F9_default,ab28b8cf35d72adba1224d88adfbe86e39d13ce6ab49a2f4a58855b93ab6ec1e,ff4006c,0.1.0,2026-05-26T14:40:38+00:00
2024-07-11,-0.006230249892481421,0.07720499645172217,0.11547250982965764,0.09705719373407186,0.14503762334156356,independent,400,0,synthetic-v1,F9_default,ab28b8cf35d72adba1224d88adfbe86e39d13ce6ab49a2f4a58855b93ab6ec1e,ff4006c,0.1.0,2026-05-26T14:40:38+00:00
2024-07-12,-0.0093533172600852,0.08226153731900913,0.12238010191574497,0.10298797678187657,0.1534500782119243,independent,400,0,synthetic-v1,F9_default,ab28b8cf35d72adba1224d88adfbe86e39d13ce6ab49a2f4a58855b93ab6ec1e,ff4006c,0.1.0,2026-05-26T14:40:38+00:00
2024-07-15,-0.006849545645723079,0.08213303229528561,0.12236343575910634,0.10311873206191083,0.1534454844653516,independent,400,0,synthetic-v1,F9_default,ab28b8cf35d72adba1224d88adfbe86e39d13ce6ab49a2f4a58855b93ab6ec1e,ff4006c,0.1.0,2026-05-26T14:40:38+00:00
2024-07-16,0.011645104097685445,0.0819569370180771,0.12156197336200575,0.10259391706882247,0.15207346246255843,independent,400,0,synthetic-v1,F9_default,ab28b8cf35d72adba1224d88adfbe86e39d13ce6ab49a2f4a58855b93ab6ec1e,ff4006c,0.1.0,2026-05-26T14:40:38+00:00
2024-07-17,-0.003656706413404473,0.0823440943813305,0.12246350040447852,0.10310343050211647,0.1536216398650891,independent,400,0,synthetic-v1,F9_default,ab28b8cf35d72adba1224d88adfbe86e39d13ce6ab49a2f4a58855b93ab6ec1e,ff4006c,0.1.0,2026-05-26T14:40:38+00:00
2024-07-18,0.02775636206049463,0.08238958272379532,0.12301785274657173,0.1034025488699867,0.15407587466969688,independent,400,0,synthetic-v1,F9_default,ab28b8cf35d72adba1224d88adfbe86e39d13ce6ab49a2f4a58855b93ab6ec1e,ff4006c,0.1.0,2026-05-26T14:40:38+00:00
2024-07-19,0.002668274959031961,0.08548923372819203,0.127557909112101,0.10669748501780148,0.16045384413866332,independent,400,0,synthetic-v1,F9_default,ab28b8cf35d72adba1224d88adfbe86e39d13ce6ab49a2f4a58855b93ab6ec1e,ff4006c,0.1.0,2026-05-26T14:40:38+00:00
2024-07-22,-0.009311073261936836,0.08375907516297564,0.12536651469392987,0.10529280677239547,0.15772791843267475,independent,400,0,synthetic-v1,F9_default,ab28b8cf35d72adba1224d88adfbe86e39d13ce6ab49a2f4a58855b93ab6ec1e,ff4006c,0.1.0,2026-05-26T14:40:38+00:00
2024-07-23,-0.015108198433301351,0.08350082706593695,0.12498165290040116,0.10504154884367839,0.15683438257159968,independent,400,0,synthetic-v1,F9_default,ab28b8cf35d72adba1224d88adfbe86e39d13ce6ab49a2f4a58855b93ab6ec1e,ff4006c,0.1.0,2026-05-26T14:40:38+00:00
2024-07-24,0.02603357140473502,0.083871112034483,0.12548625331146882,0.10513291068189431,0.1576023569149071,independent,400,0,synthetic-v1,F9_default,ab28b8cf35d72adba1224d88adfbe86e39d13ce6ab49a2f4a58855b93ab6ec1e,ff4006c,0.1.0,2026-05-26T14:40:38+00:00
2024-07-25,-0.024474391792956785,0.08401001076717975,0.12563372487192837,0.10530661010295879,0.15797874489996436,independent,400,0,synthetic-v1,F9_default,ab28b8cf35d72adba1224d88adfbe86e39d13ce6ab49a2f4a58855b93ab6ec1e,ff4006c,0.1.0,2026-05-26T14:40:38+00:00
2024-07-26,-0.004687923955623495,0.08327634679255524,0.12461164431233542,0.10453733737129665,0.156588464519907,independent,400,0,synthetic-v1,F9_default,ab28b8cf35d72adba1224d88adfbe86e39d13ce6ab49a2f4a58855b93ab6ec1e,ff4006c,0.1.0,2026-05-26T14:40:38+00:00
2024-07-29,0.0016764346696583488,0.08312669277887136,0.1245776352575414,0.10449224946967242,0.15638559875879138,independent,400,0,synthetic-v1,F9_default,ab28b8cf35d72adba1224d88adfbe86e39d13ce6ab49a2f4a58855b93ab6ec1e,ff4006c,0.1.0,2026-05-26T14:40:38+00:00
2024-07-30,-0.0011755221372618141,0.08309768611303378,0.12466035085951657,0.10472132141163465,0.15652755571341562,independent,400,0,synthetic-v1,F9_default,ab28b8cf35d72adba1224d88adfbe86e39d13ce6ab49a2f4a58855b93ab6ec1e,ff4006c,0.1.0,2026-05-26T14:40:38+00:00
2024-07-31,0.005758195282559727,0.08435934362812701,0.12704470038674381,0.10635973011946172,0.1603918032411851,independent,400,0,synthetic-v1,F9_default,ab28b8cf35d72adba1224d88adfbe86e39d13ce6ab49a2f4a58855b93ab6ec1e,ff4006c,0.1.0,2026-05-26T14:40:38+00:00
2024-08-01,-0.023723919803623327,0.07908532343419207,0.1158380987327027,0.0986611951655561,0.1440303167299381,independent,400,0,synthetic-v1,F9_default,ab28b8cf35d72adba1224d88adfbe86e39d13ce6ab49a2f4a58855b93ab6ec1e,ff4006c,0.1.0,2026-05-26T14:40:38+00:00
2024-08-02,-7.461760051593122e-05,0.08161318244094376,0.1210231825176818,0.10231076273717873,0.15167676235998637,independent,400,0,synthetic-v1,F9_default,ab28b8cf35d72adba1224d88adfbe86e39d13ce6ab49a2f4a58855b93ab6ec1e,ff4006c,0.1.0,2026-05-26T14:40:38+00:00
2024-08-05,-0.004868198780909586,0.08189905408928277,0.12150529336648379,0.10238975893498797,0.1516406441049368,independent,400,0,synthetic-v1,F9_default,ab28b8cf35d72adba1224d88adfbe86e39d13ce6ab49a2f4a58855b93ab6ec1e,ff4006c,0.1.0,2026-05-26T14:40:38+00:00
2024-08-06,0.01032271798749791,0.08173011552027079,0.12132384833575102,0.10210581452704495,0.15167313328994667,independent,400,0,synthetic-v1,F9_default,ab28b8cf35d72adba1224d88adfbe86e39d13ce6ab49a2f4a58855b93ab6ec1e,ff4006c,0.1.0,2026-05-26T14:40:38+00:00
2024-08-07,-6.64338202548402e-05,0.08162370305400683,0.1212035632835111,0.10211519960745408,0.15137118274311756,independent,400,0,synthetic-v1,F9_default,ab28b8cf35d72adba1224d88adfbe86e39d13ce6ab49a2f4a58855b93ab6ec1e,ff4006c,0.1.0,2026-05-26T14:40:38+00:00
2024-08-08,0.010924376733338258,0.08111693883169188,0.12096192584413631,0.10202167484414756,0.15115712867887182,independent,400,0,synthetic-v1,F9_default,ab28b8cf35d72adba1224d88adfbe86e39d13ce6ab49a2f4a58855b93ab6ec1e,ff4006c,0.1.0,2026-05-26T14:40:38+00:00
2024-08-09,-0.0019399375132399164,0.08153518882248134,0.12099305789078682,0.10192177070755838,0.15139391424706544,independent,400,0,synthetic-v1,F9_default,ab28b8cf35d72adba1224d88adfbe86e39d13ce6ab49a2f4a58855b93ab6ec1e,ff4006c,0.1.0,2026-05-26T14:40:38+00:00
2024-08-12,0.0018092548947735896,0.08169353280646283,0.12071426466868139,0.10190337976110321,0.15123775153518587,independent,400,0,synthetic-v1,F9_default,ab28b8cf35d72adba1224d88adfbe86e39d13ce6ab49a2f4a58855b93ab6ec1e,ff4006c,0.1.0,2026-05-26T14:40:38+00:00
2024-08-13,-0.010565291588078455,0.08171905292233952,0.12079276277654932,0.1019077053826781,0.1510898788618329,independent,400,0,synthetic-v1,F9_default,ab28b8cf35d72adba1224d88adfbe86e39d13ce6ab49a2f4a58855b93ab6ec1e,ff4006c,0.1.0,2026-05-26T14:40:38+00:00
2024-08-14,-0.023783259019766696,0.08153899956681507,0.12088272410436146,0.10184010064758861,0.15099817544414884,independent,400,0,synthetic-v1,F9_default,ab28b8cf35d72adba1224d88adfbe86e39d13ce6ab49a2f4a58855b93ab6ec1e,ff4006c,0.1.0,2026-05-26T14:40:38+00:00
2024-08-15,0.014128486702702378,0.08462082537513058,0.12785918332175739,0.10648412455242967,0.16120984584407633,independent,400,0,synthetic-v1,F9_default,ab28b8cf35d72adba1224d88adfbe86e39d13ce6ab49a2f4a58855b93ab6ec1e,ff4006c,0.1.0,2026-05-26T14:40:38+00:00
2024-08-16,-0.02098105395858921,0.09029818936723524,0.1406016288514101,0.11547413064595947,0.17995325152732736,independent,400,0,synthetic-v1,F9_default,ab28b8cf35d72adba1224d88adfbe86e39d13ce6ab49a2f4a58855b93ab6ec1e,ff4006c,0.1.0,2026-05-26T14:40:38+00:00
2024-08-19,-0.02132108653013762,0.09079805286567473,0.1412781706576286,0.11563117705149992,0.18075214618760532,independent,400,0,synthetic-v1,F9_default,ab28b8cf35d72adba1224d88adfbe86e39d13ce6ab49a2f4a58855b93ab6ec1e,ff4006c,0.1.0,2026-05-26T14:40:38+00:00
2024-08-20,-0.018724963425385602,0.09097341089156456,0.14118620024416267,0.1154882491404293,0.18063838777032742,independent,400,0,synthetic-v1,F9_default,ab28b8cf35d72adba1224d88adfbe86e39d13ce6ab49a2f4a58855b93ab6ec1e,ff4006c,0.1.0,2026-05-26T14:40:38+00:00
2024-08-21,0.0019314980269782604,0.09053658178786816,0.14129404738004167,0.1155270408263785,0.1806598018709012,independent,400,0,synthetic-v1,F9_default,ab28b8cf35d72adba1224d88adfbe86e39d13ce6ab49a2f4a58855b93ab6ec1e,ff4006c,0.1.0,2026-05-26T14:40:38+00:00
2024-08-22,0.007841099297137348,0.09079275291089595,0.14156359777181504,0.11564172562788763,0.18122817891228898,independent,400,0,synthetic-v1,F9_default,ab28b8cf35d72adba1224d88adfbe86e39d13ce6ab49a2f4a58855b93ab6ec1e,ff4006c,0.1.0,2026-05-26T14:40:38+00:00
2024-08-23,0.0017153675518736713,0.09106720133362309,0.1418347643083208,0.11579683042917945,0.18178608531675172,independent,400,0,synthetic-v1,F9_default,ab28b8cf35d72adba1224d88adfbe86e39d13ce6ab49a2f4a58855b93ab6ec1e,ff4006c,0.1.0,2026-05-26T14:40:38+00:00
2024-08-26,-0.007081925545851876,0.09096439464751162,0.1418994329303742,0.11633002404787979,0.1819336866988512,independent,400,0,synthetic-v1,F9_default,ab28b8cf35d72adba1224d88adfbe86e39d13ce6ab49a2f4a58855b93ab6ec1e,ff4006c,0.1.0,2026-05-26T14:40:38+00:00
2024-08-27,0.008831417963980726,0.09114797131546097,0.14178285522691722,0.11610039548048565,0.18186533355102694,independent,400,0,synthetic-v1,F9_default,ab28b8cf35d72adba1224d88adfbe86e39d13ce6ab49a2f4a58855b93ab6ec1e,ff4006c,0.1.0,2026-05-26T14:40:38+00:00
2024-08-28,-0.027151637073654845,0.09031553002586397,0.14018601760099558,0.11476521629347373,0.17908751565690903,independent,400,0,synthetic-v1,F9_default,ab28b8cf35d72adba1224d88adfbe86e39d13ce6ab49a2f4a58855b93ab6ec1e,ff4006c,0.1.0,2026-05-26T14:40:38+00:00
2024-08-29,0.014531729028098442,0.09111053354376357,0.14214664689590661,0.11623588972096362,0.18234696884584287,independent,400,0,synthetic-v1,F9_default,ab28b8cf35d72adba1224d88adfbe86e39d13ce6ab49a2f4a58855b93ab6ec1e,ff4006c,0.1.0,2026-05-26T14:40:38+00:00
2024-08-30,-0.0159561670169173,0.09139352091366908,0.14286102600854494,0.11653961535609074,0.18318170469327497,independent,400,0,synthetic-v1,F9_default,ab28b8cf35d72adba1224d88adfbe86e39d13ce6ab49a2f4a58855b93ab6ec1e,ff4006c,0.1.0,2026-05-26T14:40:38+00:00
2024-09-02,0.00709212970121575,0.09227564290229698,0.14471518572097558,0.11790897960149359,0.18643719209546372,independent,400,0,synthetic-v1,F9_default,ab28b8cf35d72adba1224d88adfbe86e39d13ce6ab49a2f4a58855b93ab6ec1e,ff4006c,0.1.0,2026-05-26T14:40:38+00:00
2024-09-03,-0.014555467206340619,0.09216253187773953,0.144972650585169,0.11783145646226487,0.1865491102764364,independent,400,0,synthetic-v1,F9_default,ab28b8cf35d72adba1224d88adfbe86e39d13ce6ab49a2f4a58855b93ab6ec1e,ff4006c,0.1.0,2026-05-26T14:40:38+00:00
2024-09-04,-0.0039034600257904116,0.09126113446025778,0.14304593309893604,0.11671054909680469,0.18394315215647566,independent,400,0,synthetic-v1,F9_default,ab28b8cf35d72adba1224d88adfbe86e39d13ce6ab49a2f4a58855b93ab6ec1e,ff4006c,0.1.0,2026-05-26T14:40:38+00:00
2024-09-05,0.02216451225207694,0.09172052732050341,0.14448769144494114,0.11755319100579685,0.18569960183520481,independent,400,0,synthetic-v1,F9_default,ab28b8cf35d72adba1224d88adfbe86e39d13ce6ab49a2f4a58855b93ab6ec1e,ff4006c,0.1.0,2026-05-26T14:40:38+00:00
2024-09-06,-0.010722092510862046,0.09223789989099998,0.14527463541270716,0.1180941361195173,0.18682799587083426,independent,400,0,synthetic-v1,F9_default,ab28b8cf35d72adba1224d88adfbe86e39d13ce6ab49a2f4a58855b93ab6ec1e,ff4006c,0.1.0,2026-05-26T14:40:38+00:00
2024-09-09,-0.014119981962400597,0.09190085764685771,0.14433846446845566,0.11743400124889214,0.18535922369204155,independent,400,0,synthetic-v1,F9_default,ab28b8cf35d72adba1224d88adfbe86e39d13ce6ab49a2f4a58855b93ab6ec1e,ff4006c,0.1.0,2026-05-26T14:40:38+00:00
2024-09-10,0.025281094126938207,0.08120351446248168,0.12097580679429165,0.1020064664103926,0.15149828996975184,independent,400,0,synthetic-v1,F9_default,ab28b8cf35d72adba1224d88adfbe86e39d13ce6ab49a2f4a58855b93ab6ec1e,ff4006c,0.1.0,2026-05-26T14:40:38+00:00
2024-09-11,0.029971518323577247,0.08127939065787133,0.12032857600218372,0.10117037874539347,0.15061010072479813,independent,400,0,synthetic-v1,F9_default,ab28b8cf35d72adba1224d88adfbe86e39d13ce6ab49a2f4a58855b93ab6ec1e,ff4006c,0.1.0,2026-05-26T14:40:38+00:00
2024-09-12,-0.008426089213416069,0.09097161748123878,0.14504136957973426,0.11706235478032818,0.18761478238265908,independent,400,0,synthetic-v1,F9_default,ab28b8cf35d72adba1224d88adfbe86e39d13ce6ab49a2f4a58855b93ab6ec1e,ff4006c,0.1.0,2026-05-26T14:40:38+00:00
2024-09-13,0.008436311019837217,0.09224522246487304,0.14775786207223754,0.11893538445077774,0.19185776885153794,independent,400,0,synthetic-v1,F9_default,ab28b8cf35d72adba1224d88adfbe86e39d13ce6ab49a2f4a58855b93ab6ec1e,ff4006c,0.1.0,2026-05-26T14:40:38+00:00
2024-09-16,0.009603680711146853,0.09206631788939448,0.1473134041085572,0.11864074797191693,0.19123235769164543,independent,400,0,synthetic-v1,F9_default,ab28b8cf35d72adba1224d88adfbe86e39d13ce6ab49a2f4a58855b93ab6ec1e,ff4006c,0.1.0,2026-05-26T14:40:38+00:00
2024-09-17,0.01190830983769572,0.09182799181265326,0.14659596504620342,0.11832382054974727,0.19007604856403798,independent,400,0,synthetic-v1,F9_default,ab28b8cf35d72adba1224d88adfbe86e39d13ce6ab49a2f4a58855b93ab6ec1e,ff4006c,0.1.0,2026-05-26T14:40:38+00:00
2024-09-18,-0.019325033207147003,0.09187741978212456,0.14733354993487296,0.11839987092145324,0.1908423318694133,independent,400,0,synthetic-v1,F9_default,ab28b8cf35d72adba1224d88adfbe86e39d13ce6ab49a2f4a58855b93ab6ec1e,ff4006c,0.1.0,2026-05-26T14:40:38+00:00
2024-09-19,0.014157896845329107,0.09205768998148461,0.1476601545868359,0.11876990843804569,0.19171099028641203,independent,400,0,synthetic-v1,F9_default,ab28b8cf35d72adba1224d88adfbe86e39d13ce6ab49a2f4a58855b93ab6ec1e,ff4006c,0.1.0,2026-05-26T14:40:38+00:00
2024-09-20,-0.006398524085771231,0.09239869731533809,0.14790181958483345,0.11883146633231477,0.1921677068802829,independent,400,0,synthetic-v1,F9_default,ab28b8cf35d72adba1224d88adfbe86e39d13ce6ab49a2f4a58855b93ab6ec1e,ff4006c,0.1.0,2026-05-26T14:40:38+00:00
2024-09-23,-0.007159008207236636,0.09247688215169544,0.1478446799527813,0.1187781284296072,0.1919522193436204,independent,400,0,synthetic-v1,F9_default,ab28b8cf35d72adba1224d88adfbe86e39d13ce6ab49a2f4a58855b93ab6ec1e,ff4006c,0.1.0,2026-05-26T14:40:38+00:00
2024-09-24,0.016307719802946867,0.09277706643601388,0.1491421988040075,0.11982995608554262,0.19367159174622478,independent,400,0,synthetic-v1,F9_default,ab28b8cf35d72adba1224d88adfbe86e39d13ce6ab49a2f4a58855b93ab6ec1e,ff4006c,0.1.0,2026-05-26T14:40:38+00:00
2024-09-25,0.006753091460577672,0.09208738644359316,0.1474778477160731,0.1187969597994076,0.1910070816873319,independent,400,0,synthetic-v1,F9_default,ab28b8cf35d72adba1224d88adfbe86e39d13ce6ab49a2f4a58855b93ab6ec1e,ff4006c,0.1.0,2026-05-26T14:40:38+00:00
2024-09-26,0.008783239360612724,0.09290899612993436,0.14967082216624292,0.12025043957974987,0.19459747695204066,independent,400,0,synthetic-v1,F9_default,ab28b8cf35d72adba1224d88adfbe86e39d13ce6ab49a2f4a58855b93ab6ec1e,ff4006c,0.1.0,2026-05-26T14:40:38+00:00
2024-09-27,0.012299018042234237,0.09296174138773444,0.14995903008854422,0.12022909149522598,0.19507688936301865,independent,400,0,synthetic-v1,F9_default,ab28b8cf35d72adba1224d88adfbe86e39d13ce6ab49a2f4a58855b93ab6ec1e,ff4006c,0.1.0,2026-05-26T14:40:38+00:00
2024-09-30,0.019739899843831264,0.09736537271364401,0.15527491198063653,0.12551540098949376,0.2008870130303005,independent,400,0,synthetic-v1,F9_default,ab28b8cf35d72adba1224d88adfbe86e39d13ce6ab49a2f4a58855b93ab6ec1e,ff4006c,0.1.0,2026-05-26T14:40:38+00:00
2024-10-01,0.010501618234435467,0.09753360287382255,0.15519717836727565,0.12543516496811066,0.20083688664958985,independent,400,0,synthetic-v1,F9_default,ab28b8cf35d72adba1224d88adfbe86e39d13ce6ab49a2f4a58855b93ab6ec1e,ff4006c,0.1.0,2026-05-26T14:40:38+00:00
2024-10-02,-0.0025981369031797827,0.09735259275583917,0.15502023551523547,0.12522902147466994,0.2006787264873594,independent,400,0,synthetic-v1,F9_default,ab28b8cf35d72adba1224d88adfbe86e39d13ce6ab49a2f4a58855b93ab6ec1e,ff4006c,0.1.0,2026-05-26T14:40:38+00:00
2024-10-03,0.013870889486790586,0.09747137198429012,0.15536428323518497,0.12520230688000267,0.20068816381954477,independent,400,0,synthetic-v1,F9_default,ab28b8cf35d72adba1224d88adfbe86e39d13ce6ab49a2f4a58855b93ab6ec1e,ff4006c,0.1.0,2026-05-26T14:40:38+00:00
2024-10-04,-0.01266903300993574,0.09782555763653485,0.15576997545434287,0.12564735653479048,0.20155354389385216,independent,400,0,synthetic-v1,F9_default,ab28b8cf35d72adba1224d88adfbe86e39d13ce6ab49a2f4a58855b93ab6ec1e,ff4006c,0.1.0,2026-05-26T14:40:38+00:00
2024-10-07,0.034295772901368315,0.0978340982799178,0.15573146862489395,0.1260694976094902,0.20132042572083447,independent,400,0,synthetic-v1,F9_default,ab28b8cf35d72adba1224d88adfbe86e39d13ce6ab49a2f4a58855b93ab6ec1e,ff4006c,0.1.0,2026-05-26T14:40:38+00:00
2024-10-08,0.007348659208980278,0.10042284062596474,0.16067603198496144,0.12975169094218486,0.20836158804900168,independent,400,0,synthetic-v1,F9_default,ab28b8cf35d72adba1224d88adfbe86e39d13ce6ab49a2f4a58855b93ab6ec1e,ff4006c,0.1.0,2026-05-26T14:40:38+00:00
2024-10-09,0.006724785502622903,0.10073995364007823,0.16085715671743644,0.12994152360986283,0.2083702863489052,independent,400,0,synthetic-v1,F9_default,ab28b8cf35d72adba1224d88adfbe86e39d13ce6ab49a2f4a58855b93ab6ec1e,ff4006c,0.1.0,2026-05-26T14:40:38+00:00
2024-10-10,-0.011626828222108277,0.10019034263435636,0.15954772583385815,0.12887889049099327,0.20640304111477448,independent,400,0,synthetic-v1,F9_default,ab28b8cf35d72adba1224d88adfbe86e39d13ce6ab49a2f4a58855b93ab6ec1e,ff4006c,0.1.0,2026-05-26T14:40:38+00:00
2024-10-11,0.013523017972611717,0.10065518988233356,0.16056473688812853,0.12937625784732384,0.20770527498427271,independent,400,0,synthetic-v1,F9_default,ab28b8cf35d72adba1224d88adfbe86e39d13ce6ab49a2f4a58855b93ab6ec1e,ff4006c,0.1.0,2026-05-26T14:40:38+00:00
2024-10-14,0.015417831206920255,0.10045612676050236,0.16024814178960975,0.12942678410912453,0.20753458578792938,independent,400,0,synthetic-v1,F9_default,ab28b8cf35d72adba1224d88adfbe86e39d13ce6ab49a2f4a58855b93ab6ec1e,ff4006c,0.1.0,2026-05-26T14:40:38+00:00
2024-10-15,-0.009239329952809442,0.09446714937333496,0.14600234978020113,0.12017978143407455,0.18654982551527316,independent,400,0,synthetic-v1,F9_default,ab28b8cf35d72adba1224d88adfbe86e39d13ce6ab49a2f4a58855b93ab6ec1e,ff4006c,0.1.0,2026-05-26T14:40:38+00:00
2024-10-16,0.0011175483825285886,0.0894107653119774,0.1354642198720117,0.11291781005831142,0.17142517419599584,independent,400,0,synthetic-v1,F9_default,ab28b8cf35d72adba1224d88adfbe86e39d13ce6ab49a2f4a58855b93ab6ec1e,ff4006c,0.1.0,2026-05-26T14:40:38+00:00
2024-10-17,-0.01450413699179935,0.08904583005443012,0.1351784947225894,0.11232475985455218,0.1707747236660023,independent,400,0,synthetic-v1,F9_default,ab28b8cf35d72adba1224d88adfbe86e39d13ce6ab49a2f4a58855b93ab6ec1e,ff4006c,0.1.0,2026-05-26T14:40:38+00:00
2024-10-18,0.01229879584728825,0.08907190540245782,0.13497351315976985,0.11225731353005583,0.17074899351578365,independent,400,0,synthetic-v1,F9_default,ab28b8cf35d72adba1224d88adfbe86e39d13ce6ab49a2f4a58855b93ab6ec1e,ff4006c,0.1.0,2026-05-26T14:40:38+00:00
2024-10-21,-0.01159036079096785,0.08959882429630019,0.1358445880707214,0.1128722471645491,0.17143315221918046,independent,400,0,synthetic-v1,F9_default,ab28b8cf35d72adba1224d88adfbe86e39d13ce6ab49a2f4a58855b93ab6ec1e,ff4006c,0.1.0,2026-05-26T14:40:38+00:00
2024-10-22,-0.0029278432452505736,0.09231696790485834,0.14147263734263404,0.1174809304203714,0.18024084851085861,independent,400,0,synthetic-v1,F9_default,ab28b8cf35d72adba1224d88adfbe86e39d13ce6ab49a2f4a58855b93ab6ec1e,ff4006c,0.1.0,2026-05-26T14:40:38+00:00
2024-10-23,0.001387800976110554,0.09211979228280988,0.1408817681130708,0.11664370197081035,0.1789242639810724,independent,400,0,synthetic-v1,F9_default,ab28b8cf35d72adba1224d88adfbe86e39d13ce6ab49a2f4a58855b93ab6ec1e,ff4006c,0.1.0,2026-05-26T14:40:38+00:00
2024-10-24,-0.01357958945244126,0.092120056897089,0.14103948890307355,0.11684535214955313,0.17931634476203184,independent,400,0,synthetic-v1,F9_default,ab28b8cf35d72adba1224d88adfbe86e39d13ce6ab49a2f4a58855b93ab6ec1e,ff4006c,0.1.0,2026-05-26T14:40:38+00:00
2024-10-25,-0.016132127212815848,0.09217643497916675,0.141362585929445,0.11708250430105409,0.17976982291601087,independent,400,0,synthetic-v1,F9_default,ab28b8cf35d72adba1224d88adfbe86e39d13ce6ab49a2f4a58855b93ab6ec1e,ff4006c,0.1.0,2026-05-26T14:40:38+00:00
2024-10-28,0.017395872591304273,0.09241213929536622,0.14199994191376736,0.11721560221542433,0.1805123835425504,independent,400,0,synthetic-v1,F9_default,ab28b8cf35d72adba1224d88adfbe86e39d13ce6ab49a2f4a58855b93ab6ec1e,ff4006c,0.1.0,2026-05-26T14:40:38+00:00
2024-10-29,-0.006278938008365431,0.08185977469782359,0.12498353538610671,0.10339592647428301,0.15868346808101774,independent,400,0,synthetic-v1,F9_default,ab28b8cf35d72adba1224d88adfbe86e39d13ce6ab49a2f4a58855b93ab6ec1e,ff4006c,0.1.0,2026-05-26T14:40:38+00:00
2024-10-30,-0.01002268065490661,0.08218443309493714,0.12589177507205507,0.10399172924191903,0.15976370427967693,independent,400,0,synthetic-v1,F9_default,ab28b8cf35d72adba1224d88adfbe86e39d13ce6ab49a2f4a58855b93ab6ec1e,ff4006c,0.1.0,2026-05-26T14:40:38+00:00
2024-10-31,-0.004096001328527921,0.08185669104968378,0.1253394313245871,0.10348152634560832,0.15914938471074508,independent,400,0,synthetic-v1,F9_default,ab28b8cf35d72adba1224d88adfbe86e39d13ce6ab49a2f4a58855b93ab6ec1e,ff4006c,0.1.0,2026-05-26T14:40:38+00:00
2024-11-01,-0.01086605043560203,0.08218564412883865,0.12584792445147713,0.10406991962073764,0.16014274868263303,independent,400,0,synthetic-v1,F9_default,ab28b8cf35d72adba1224d88adfbe86e39d13ce6ab49a2f4a58855b93ab6ec1e,ff4006c,0.1.0,2026-05-26T14:40:38+00:00
2024-11-04,-0.012424699301801675,0.08229539094171824,0.12576765758090788,0.10383292420452413,0.16000376014856094,independent,400,0,synthetic-v1,F9_default,ab28b8cf35d72adba1224d88adfbe86e39d13ce6ab49a2f4a58855b93ab6ec1e,ff4006c,0.1.0,2026-05-26T14:40:38+00:00
2024-11-05,0.002065482442411107,0.08228137084203047,0.1263286050970447,0.10411717154012505,0.16035277390349847,independent,400,0,synthetic-v1,F9_default,ab28b8cf35d72adba1224d88adfbe86e39d13ce6ab49a2f4a58855b93ab6ec1e,ff4006c,0.1.0,2026-05-26T14:40:38+00:00
2024-11-06,-0.005465423358610093,0.0825754471285479,0.12622569012587312,0.10423835287479913,0.1602907522500498,independent,400,0,synthetic-v1,F9_default,ab28b8cf35d72adba1224d88adfbe86e39d13ce6ab49a2f4a58855b93ab6ec1e,ff4006c,0.1.0,2026-05-26T14:40:38+00:00
2024-11-07,-0.00424597058124111,0.08205369144478954,0.12603835398838165,0.1040850314715513,0.16027365235942548,independent,400,0,synthetic-v1,F9_default,ab28b8cf35d72adba1224d88adfbe86e39d13ce6ab49a2f4a58855b93ab6ec1e,ff4006c,0.1.0,2026-05-26T14:40:38+00:00
2024-11-08,-0.0010181030029898733,0.08409102720224979,0.13006894349953885,0.10681962546762845,0.1659707025165673,independent,400,0,synthetic-v1,F9_default,ab28b8cf35d72adba1224d88adfbe86e39d13ce6ab49a2f4a58855b93ab6ec1e,ff4006c,0.1.0,2026-05-26T14:40:38+00:00
2024-11-11,0.009545747419425944,0.08418823177870356,0.13022112143356143,0.1068517740383317,0.1663189843347503,independent,400,0,synthetic-v1,F9_default,ab28b8cf35d72adba1224d88adfbe86e39d13ce6ab49a2f4a58855b93ab6ec1e,ff4006c,0.1.0,2026-05-26T14:40:38+00:00
2024-11-12,-0.018135565214221543,0.08426731528562467,0.13034661455081625,0.10701662386050347,0.16664433000917228,independent,400,0,synthetic-v1,F9_default,ab28b8cf35d72adba1224d88adfbe86e39d13ce6ab49a2f4a58855b93ab6ec1e,ff4006c,0.1.0,2026-05-26T14:40:38+00:00
2024-11-13,0.002890751825032922,0.08407104000424853,0.13017569900318363,0.10691343197236836,0.16620293639206266,independent,400,0,synthetic-v1,F9_default,ab28b8cf35d72adba1224d88adfbe86e39d13ce6ab49a2f4a58855b93ab6ec1e,ff4006c,0.1.0,2026-05-26T14:40:38+00:00
2024-11-14,0.004750084234353743,0.08351562926369512,0.12809676138758946,0.1056778804780494,0.16289992135736203,independent,400,0,synthetic-v1,F9_default,ab28b8cf35d72adba1224d88adfbe86e39d13ce6ab49a2f4a58855b93ab6ec1e,ff4006c,0.1.0,2026-05-26T14:40:38+00:00
2024-11-15,-0.01071117067246103,0.08145219325222994,0.1271660077076528,0.10413138067323655,0.16286493914917494,independent,400,0,synthetic-v1,F9_default,ab28b8cf35d72adba1224d88adfbe86e39d13ce6ab49a2f4a58855b93ab6ec1e,ff4006c,0.1.0,2026-05-26T14:40:38+00:00
2024-11-18,0.0162428781577832,0.08154014555635986,0.12731332342336474,0.10421208925615436,0.16272595363823567,independent,400,0,synthetic-v1,F9_default,ab28b8cf35d72adba1224d88adfbe86e39d13ce6ab49a2f4a58855b93ab6ec1e,ff4006c,0.1.0,2026-05-26T14:40:38+00:00
2024-11-19,-0.0035344948268199823,0.0809713709255322,0.1260890659498832,0.10336758543781255,0.1616053350759555,independent,400,0,synthetic-v1,F9_default,ab28b8cf35d72adba1224d88adfbe86e39d13ce6ab49a2f4a58855b93ab6ec1e,ff4006c,0.1.0,2026-05-26T14:40:38+00:00
2024-11-20,0.01906846907264838,0.08136314540465073,0.12631580745681564,0.1034948039375051,0.16176597903675255,independent,400,0,synthetic-v1,F9_default,ab28b8cf35d72adba1224d88adfbe86e39d13ce6ab49a2f4a58855b93ab6ec1e,ff4006c,0.1.0,2026-05-26T14:40:38+00:00
2024-11-21,-0.009233266643329687,0.08111451204791924,0.12648186611565562,0.10357302959080499,0.16186843960589878,independent,400,0,synthetic-v1,F9_default,ab28b8cf35d72adba1224d88adfbe86e39d13ce6ab49a2f4a58855b93ab6ec1e,ff4006c,0.1.0,2026-05-26T14:40:38+00:00
2024-11-22,0.0027131734978417194,0.08135425204552944,0.1271002777264524,0.10397658354457835,0.1627480569762492,independent,400,0,synthetic-v1,F9_default,ab28b8cf35d72adba1224d88adfbe86e39d13ce6ab49a2f4a58855b93ab6ec1e,ff4006c,0.1.0,2026-05-26T14:40:38+00:00
2024-11-25,0.015804834826626223,0.08195745794825429,0.12818236042891984,0.10468153935554037,0.16409368587980125,independent,400,0,synthetic-v1,F9_default,ab28b8cf35d72adba1224d88adfbe86e39d13ce6ab49a2f4a58855b93ab6ec1e,ff4006c,0.1.0,2026-05-26T14:40:38+00:00
2024-11-26,0.000642886144969744,0.08260733021579762,0.12904698610846593,0.10523060684495457,0.16523719716118931,independent,400,0,synthetic-v1,F9_default,ab28b8cf35d72adba1224d88adfbe86e39d13ce6ab49a2f4a58855b93ab6ec1e,ff4006c,0.1.0,2026-05-26T14:40:38+00:00
2024-11-27,0.020267662894269314,0.08243872906531872,0.1287825282292237,0.10530510490712917,0.16504934555279505,independent,400,0,synthetic-v1,F9_default,ab28b8cf35d72adba1224d88adfbe86e39d13ce6ab49a2f4a58855b93ab6ec1e,ff4006c,0.1.0,2026-05-26T14:40:38+00:00
2024-11-28,0.0006068802787913667,0.08233625756784411,0.12876017933562287,0.105400143226653,0.16548622018658232,independent,400,0,synthetic-v1,F9_default,ab28b8cf35d72adba1224d88adfbe86e39d13ce6ab49a2f4a58855b93ab6ec1e,ff4006c,0.1.0,2026-05-26T14:40:38+00:00
2024-11-29,0.013746305325981726,0.08267755018336341,0.1294765983402647,0.10559933349277831,0.16626036489736012,independent,400,0,synthetic-v1,F9_default,ab28b8cf35d72adba1224d88adfbe86e39d13ce6ab49a2f4a58855b93ab6ec1e,ff4006c,0.1.0,2026-05-26T14:40:38+00:00
2024-12-02,-0.03791190960148706,0.08282387933105022,0.1296349193445393,0.10586062599350407,0.16668468337174613,independent,400,0,synthetic-v1,F9_default,ab28b8cf35d72adba1224d88adfbe86e39d13ce6ab49a2f4a58855b93ab6ec1e,ff4006c,0.1.0,2026-05-26T14:40:38+00:00
2024-12-03,0.021516050717104166,0.08085135258824525,0.12605590673766426,0.10310607755820754,0.1612227366418502,independent,400,0,synthetic-v1,F9_default,ab28b8cf35d72adba1224d88adfbe86e39d13ce6ab49a2f4a58855b93ab6ec1e,ff4006c,0.1.0,2026-05-26T14:40:38+00:00
2024-12-04,0.005876493305514844,0.07301236069863148,0.11274763683100077,0.09303541127621288,0.1437765371362481,independent,400,0,synthetic-v1,F9_default,ab28b8cf35d72adba1224d88adfbe86e39d13ce6ab49a2f4a58855b93ab6ec1e,ff4006c,0.1.0,2026-05-26T14:40:38+00:00
2024-12-05,-0.010542080701577958,0.07302653882105989,0.11270538041114875,0.09283747987232902,0.1438768881071958,independent,400,0,synthetic-v1,F9_default,ab28b8cf35d72adba1224d88adfbe86e39d13ce6ab49a2f4a58855b93ab6ec1e,ff4006c,0.1.0,2026-05-26T14:40:38+00:00
2024-12-06,0.0015680558638529107,0.06845358453876624,0.1043393268528839,0.08685420296731437,0.13230419502177188,independent,400,0,synthetic-v1,F9_default,ab28b8cf35d72adba1224d88adfbe86e39d13ce6ab49a2f4a58855b93ab6ec1e,ff4006c,0.1.0,2026-05-26T14:40:38+00:00
2024-12-09,-0.01589009997999907,0.06832768663985675,0.10416514708583154,0.08656137244728736,0.131904699782385,independent,400,0,synthetic-v1,F9_default,ab28b8cf35d72adba1224d88adfbe86e39d13ce6ab49a2f4a58855b93ab6ec1e,ff4006c,0.1.0,2026-05-26T14:40:38+00:00
2024-12-10,-0.002047613876168002,0.06866177005991803,0.10439357944416433,0.08667979646430571,0.13216639627432172,independent,400,0,synthetic-v1,F9_default,ab28b8cf35d72adba1224d88adfbe86e39d13ce6ab49a2f4a58855b93ab6ec1e,ff4006c,0.1.0,2026-05-26T14:40:38+00:00
2024-12-11,-7.022531108383183e-05,0.06915511140508143,0.10478107135974973,0.08720300160353495,0.1330248337703703,independent,400,0,synthetic-v1,F9_default,ab28b8cf35d72adba1224d88adfbe86e39d13ce6ab49a2f4a58855b93ab6ec1e,ff4006c,0.1.0,2026-05-26T14:40:38+00:00
2024-12-12,0.005751145759335504,0.06892503583954085,0.1051914228039576,0.08740917597135145,0.13335487099636026,independent,400,0,synthetic-v1,F9_default,ab28b8cf35d72adba1224d88adfbe86e39d13ce6ab49a2f4a58855b93ab6ec1e,ff4006c,0.1.0,2026-05-26T14:40:38+00:00
2024-12-13,0.003052028249692347,0.06883375799495585,0.10503001716887267,0.08720751965721649,0.133006001573935,independent,400,0,synthetic-v1,F9_default,ab28b8cf35d72adba1224d88adfbe86e39d13ce6ab49a2f4a58855b93ab6ec1e,ff4006c,0.1.0,2026-05-26T14:40:38+00:00
2024-12-16,0.00455963238382459,0.06902041828684877,0.10512616235759595,0.08733205483217044,0.1330438920324659,independent,400,0,synthetic-v1,F9_default,ab28b8cf35d72adba1224d88adfbe86e39d13ce6ab49a2f4a58855b93ab6ec1e,ff4006c,0.1.0,2026-05-26T14:40:38+00:00
2024-12-17,-0.009925122603972112,0.0690877732048706,0.1051180409891379,0.08715790109678169,0.13322778220077403,independent,400,0,synthetic-v1,F9_default,ab28b8cf35d72adba1224d88adfbe86e39d13ce6ab49a2f4a58855b93ab6ec1e,ff4006c,0.1.0,2026-05-26T14:40:38+00:00
2024-12-18,0.004068841473689724,0.06927241747032999,0.10597764519665824,0.087928111016185,0.13445326515751954,independent,400,0,synthetic-v1,F9_default,ab28b8cf35d72adba1224d88adfbe86e39d13ce6ab49a2f4a58855b93ab6ec1e,ff4006c,0.1.0,2026-05-26T14:40:38+00:00
2024-12-19,-0.006601614968468431,0.07403761612478599,0.11497162965857996,0.09449434686667946,0.1471409377107437,independent,400,0,synthetic-v1,F9_default,ab28b8cf35d72adba1224d88adfbe86e39d13ce6ab49a2f4a58855b93ab6ec1e,ff4006c,0.1.0,2026-05-26T14:40:38+00:00
2024-12-20,-0.007586717187966833,0.07350176125108042,0.11417796489851392,0.0936661826540462,0.14595726408800516,independent,400,0,synthetic-v1,F9_default,ab28b8cf35d72adba1224d88adfbe86e39d13ce6ab49a2f4a58855b93ab6ec1e,ff4006c,0.1.0,2026-05-26T14:40:38+00:00
2024-12-23,0.01469709032686888,0.07310602298790089,0.11355587918682392,0.09336599442847682,0.14509818456014936,independent,400,0,synthetic-v1,F9_default,ab28b8cf35d72adba1224d88adfbe86e39d13ce6ab49a2f4a58855b93ab6ec1e,ff4006c,0.1.0,2026-05-26T14:40:38+00:00
2024-12-24,0.016052523977587073,0.07318334752749095,0.11337790257527616,0.09313097652980006,0.14467714542853885,independent,400,0,synthetic-v1,F9_default,ab28b8cf35d72adba1224d88adfbe86e39d13ce6ab49a2f4a58855b93ab6ec1e,ff4006c,0.1.0,2026-05-26T14:40:38+00:00
2024-12-25,-0.005468854369153641,0.07319842691355694,0.11350334552587357,0.09370001610194922,0.1451384835496671,independent,400,0,synthetic-v1,F9_default,ab28b8cf35d72adba1224d88adfbe86e39d13ce6ab49a2f4a58855b93ab6ec1e,ff4006c,0.1.0,2026-05-26T14:40:38+00:00
2024-12-26,-5.832607871497522e-05,0.07421083678566931,0.11549453453299835,0.09489978860373832,0.14782910416401787,independent,400,0,synthetic-v1,F9_default,ab28b8cf35d72adba1224d88adfbe86e39d13ce6ab49a2f4a58855b93ab6ec1e,ff4006c,0.1.0,2026-05-26T14:40:38+00:00
2024-12-27,0.009053414535684135,0.07525822738243387,0.11795500607259295,0.09640622008530964,0.1514769721977521,independent,400,0,synthetic-v1,F9_default,ab28b8cf35d72adba1224d88adfbe86e39d13ce6ab49a2f4a58855b93ab6ec1e,ff4006c,0.1.0,2026-05-26T14:40:38+00:00
2024-12-30,0.006486802586947275,0.07510498240747805,0.11764752988493296,0.0960256917795122,0.15079182751721806,independent,400,0,synthetic-v1,F9_default,ab28b8cf35d72adba1224d88adfbe86e39d13ce6ab49a2f4a58855b93ab6ec1e,ff4006c,0.1.0,2026-05-26T14:40:38+00:00
2024-12-31,0.0182645625616492,0.0746417699256578,0.11663129499786676,0.0958852171817424,0.14952780151958683,independent,400,0,synthetic-v1,F9_default,ab28b8cf35d72adba1224d88adfbe86e39d13ce6ab49a2f4a58855b93ab6ec1e,ff4006c,0.1.0,2026-05-26T14:40:38+00:00
